receipt_no,transaction_id,transaction_date,transaction_time,store_name,till_id,cashier_name,customer_phone,product_code,product_name,category,quantity,unit_price_ngn,discount_pct,payment_method
RCPT-200782,TXN200782,02/10/2026,15:54:41,IKEJA,TILL-03,Blessing Nwosu,090788443706,SKU1016,Eva Water 75cl,Beverages,2,198,0,Bank Transfer
RCPT-200440,TXN200440,2026-11-24,18:21:04,MiniMart Express - Ikeja,TILL-03,Tunde Bakare,080606940960,SKU1027,Amstel Malta 33cl,Beverages,5,₦480.89,0,ATM Card
RCPT-200190,TXN200190,07-01-2027,12:16 PM,Yaba Branch,TILL-02,Tunde Bakare,+23470155699023,SKU1011,Honeywell Semolina 2kg,Grains & Staples,2,"₦2,908.45",0,Bank Transfer
RCPT-200505,TXN200505,15-01-2027,09:06 AM,Ikeja,TILL-03,Chidinma Okafor,080560858167,SKU1006,Bigi Cola 50cl,Beverages,5,290,0,Bank Transfer
RCPT-200233,TXN200233,13-10-2026,18:20:09,Surulere Branch,TILL-03,Blessing Nwosu,091877347784,SKU1027,Amstel Malta 33cl,Beverages,1,409,0,Transfer
RCPT-200128,TXN200128,18/11/2026,11:44:59,YABA,TILL-01,Chidinma Okafor,,SKU1012,KINGS VEGETABLE OIL 1L,Grains & Staples,2,2866,5,cash
RCPT-200793,TXN200793,13-12-2026,08:28 PM,MiniMart Express - Surulere,TILL-02,Fatima Bello,23480240553648,SKU1013,Omo Detergent 900g,Household,1,"₦1,745.27",0,Transfer
RCPT-200554,TXN200554,2027-01-05,11:47:44,MiniMart Express - Surulere,TILL-01,Aisha Mohammed,23480920828323,SKU1030,Nasco Cornflakes 500g,Grains & Staples,1,"₦1,660.91",5,cash
RCPT-200177,TXN200177,2027-01-24,04:25 PM,MiniMart Express - Yaba,TILL-03,Ngozi Eze,23491227837693,SKU1005,Coca Cola 50cl,Beverages,1,₦404.85,5,cash
RCPT-200727,TXN200727,2027-01-30,20:02:02,IKEJA,TILL-01,Ngozi Eze,080621953689,SKU1018,Maltina 33cl,Beverages,1,,0,Bank Transfer
RCPT-200770,TXN200770,29-11-2026,14:07:28,MiniMart Express - Surulere,TILL-01,Chidinma Okafor,,SKU1009,Cowbell Milk Powder 360g,Dairy,1,"₦2,363.75",0,POS Card
RCPT-200055,TXN200055,20-12-2026,14:10:44,Yaba Branch,TILL-02,Chidinma Okafor,+23481596401658,SKU1003,Golden Morn 500g,Grains & Staples,2,"₦1,090.44",10,pos
RCPT-200423,TXN200423,11/01/2027,15:09:29,Surulere,TILL-02,Fatima Bello,070264609178,SKU1018,Maltina 33cl,Beverages,1,435,0,Cash
RCPT-200240,TXN200240,14/10/2026,06:42 PM,Ikeja Branch,TILL-03,Emeka Obi,23481981898471,SKU1011,Honeywell Semolina 2kg,Grains & Staples,1,3470,10,ATM Card
RCPT-200204,TXN200204,26/01/2027,14:43:20,YABA,TILL-03,Chidinma Okafor,,SKU1017,La Casera 50cl,Beverages,1,368,0,pos
RCPT-200920,TXN200920,04-01-2027,15:38:08,Ikeja Branch,TILL-02,Blessing Nwosu,091328162910,SKU1011,Honeywell Semolina 2kg,Grains & Staples,-1,"₦3,319.96",0,pos
RCPT-200500,TXN200500,12-10-2026,14:44:48, Yaba,TILL-01,Aisha Mohammed,,SKU1018,Maltina 33cl,Beverages,4,449,0,Bank Transfer
RCPT-200308,TXN200308,07/12/2026,12:45 PM,Yaba Branch,TILL-02,Emeka Obi,091330276420,SKU1009,Cowbell Milk Powder 360g,Dairy,5,"₦2,095.47",10,POS Card
RCPT-200825,TXN200825,11-01-2027,15:43:32,YABA,TILL-02,Tunde Bakare,070865557512,SKU1001,INDOMIE NOODLES 70G,grains & staples,3,172,0,USSD
RCPT-200576,TXN200576,17-10-2026,16:16:04,Ikeja Branch,TILL-01,Fatima Bello,23490125523561,SKU1025,TOM TOM SWEET (PACK),snacks,1,₦337.43,0,cash
RCPT-200766,TXN200766,2026-10-06,13:12:15, Yaba,TILL-01,Emeka Obi,+23481102555019,SKU1018,Maltina 33cl,Beverages,1,363,5,USSD
RCPT-200830,TXN200830,28/10/2026,10:02 AM,YABA,TILL-03,Aisha Mohammed,070748675951,SKU1011,Honeywell Semolina 2kg,Grains & Staples,1,3429,0,Cash
RCPT-200173,TXN200173,18/01/2027,19:06:49,IKEJA,TILL-02,Aisha Mohammed,+23491612286852,SKU1017,La Casera 50cl,Beverages,1,₦401.75,0,Transfer
RCPT-200843,TXN200843,26/01/2027,12:01:47,Yaba Branch,TILL-03,Emeka Obi,091433026509,SKU1023,Ariel Detergent 900g,Household,2,1907,0,ussd
RCPT-200810,TXN200810,15/10/2026,17:29:44,Surulere,TILL-01,Blessing Nwosu,090260098602,SKU1011,Honeywell Semolina 2kg,Grains & Staples,2,3137,10,ussd
RCPT-200260,TXN200260,31-01-2027,20:43:23,IKEJA,TILL-02,Emeka Obi,+23490811556260,SKU1026,Chivita Juice 1L,Beverages,4,1372,10,USSD
RCPT-200403,TXN200403,14/10/2026,10:40:51,IKEJA,TILL-01,Ngozi Eze,23491416448595,SKU1015,Close Up Toothpaste 140ml,Personal Care,1,948,5,ussd
RCPT-200455,TXN200455,19-01-2027,08:25:52,Yaba Branch,TILL-03,Ngozi Eze,23480039205146,SKU1012,Kings Vegetable Oil 1L,Grains & Staples,5,2761,0,POS Card
RCPT-200776,TXN200776,2027-01-13,12:58:53,YABA,TILL-01,Tunde Bakare,23480217400391,SKU1027,AMSTEL MALTA 33CL,Beverages,1,428,0,Card
RCPT-200141,TXN200141,2026-10-14,11:34:53,Surulere Branch,TILL-03,Ngozi Eze,+23481120750110,SKU1007,Gala Sausage Roll,Snacks,2,₦241.17,10,Transfer
RCPT-200778,TXN200778,14-11-2026,10:54:14,YABA,TILL-01,Fatima Bello,23481109441642,SKU1007,Gala Sausage Roll,Snacks,1,232,0,Card
RCPT-200147,TXN200147,30/10/2026,08:02:41,SURULERE,TILL-03,Segun Adeyemi,23480498926659,SKU1017,La Casera 50cl,Beverages,3,346,0,Bank Transfer
RCPT-200864,TXN200864,2026-12-04,16:29:54,Yaba Branch,TILL-02,Emeka Obi,+23470193678576,SKU1006,Bigi Cola 50cl,beverages,1,₦342.30,10,Bank Transfer
RCPT-200877,TXN200877,2027-01-27,08:19:05,Ikeja Branch,TILL-03,Emeka Obi,080539266937,SKU1016,Eva Water 75cl,Beverages,1,₦228.56,0,ussd
RCPT-200903,TXN200903,2026-11-03,20:26:25,Ikeja,TILL-03,Chidinma Okafor,+23490122681594,SKU1023,Ariel Detergent 900g,Household,5,2124,0,cash
RCPT-200276,TXN200276,31-10-2026,20:01:29,MiniMart Express - Yaba,TILL-03,Fatima Bello,,SKU1015,CLOSE UP TOOTHPASTE 140ML,Personal Care,1,999,0,USSD
RCPT-200327,TXN200327,29/11/2026,10:17:55,Ikeja Branch,TILL-03,Fatima Bello,091381059551,SKU1018,Maltina 33cl,Beverages,1,459,0,pos
RCPT-200037,TXN200037,2026-11-09,19:23:13,Yaba Branch,TILL-01,Tunde Bakare,,SKU1027,Amstel Malta 33cl,Beverages,4,₦445.35,0,cash
RCPT-200359,TXN200359,2026-11-22,16:33:15,YABA,TILL-03,Aisha Mohammed,23481573144158,SKU1025,Tom Tom Sweet (pack),Snacks,4,₦342.88,0,ATM Card
RCPT-200411,TXN200411,2026-10-26,11:40:23,Ikeja,TILL-03,Fatima Bello,091324064242,SKU1019,Titus Sardine 125g,Canned Foods,1,₦566.57,10,Bank Transfer
RCPT-200651,TXN200651,26-10-2026,07:42 PM,IKEJA,TILL-03,Blessing Nwosu,090705916118,SKU1014,Dettol Soap 65g,Personal Care,1,₦471.21,10,Bank Transfer
RCPT-200188,TXN200188,2026-10-03,09:26:11,Ikeja Branch,TILL-02,Emeka Obi,+23490950145561,SKU1022,KNORR CHICKEN CUBES (PACK),Grains & Staples,2,₦557.43,0,USSD
RCPT-200346,TXN200346,12/12/2026,16:27:33,Yaba Branch,TILL-02,Blessing Nwosu,090765289286,SKU1023,Ariel Detergent 900g,Household,5,2043,0,cash
RCPT-200036,TXN200036,29-01-2027,13:58:39,Surulere,TILL-01,Aisha Mohammed,080461200471,SKU1004,Dangote Sugar 1kg,Grains & Staples,5,1024,5,Transfer
RCPT-200743,TXN200743,14-11-2026,15:32:54,Ikeja,TILL-03,Segun Adeyemi,+23480129035006,SKU1003,Golden Morn 500g,Grains & Staples,5,"₦1,372.07",0,POS Card
RCPT-200291,TXN200291,05/12/2026,13:11:13,MiniMart Express - Ikeja,TILL-03,Fatima Bello,+23480081647090,SKU1006,Bigi Cola 50cl,Beverages,1,₦287.89,0,Cash
RCPT-200704,TXN200704,24/11/2026,12:53:54,Surulere Branch,TILL-01,Tunde Bakare,23480302750003,SKU1011,Honeywell Semolina 2kg,Grains & Staples,2,3354,5,pos
RCPT-200646,TXN200646,17-10-2026,07:48 PM, Yaba,TILL-03,Segun Adeyemi,+23481135992855,SKU1005,Coca Cola 50cl,Beverages,2,,0,cash
RCPT-200242,TXN200242,2026-12-22,16:55:15,MiniMart Express - Surulere,TILL-02,Chidinma Okafor,+23470644134327,SKU1010,Mama Gold Rice 5kg,Grains & Staples,3,,0,Bank Transfer
RCPT-200305,TXN200305,2026-11-23,10:59:59,IKEJA,TILL-02,Segun Adeyemi,+23491471287153,SKU1006,Bigi Cola 50cl,Beverages,1,324,0,USSD
RCPT-200162,TXN200162,22/01/2027,07:44 PM,YABA,TILL-01,Ngozi Eze,,SKU1006,BIGI COLA 50CL,Beverages,1,₦271.98,0,cash
RCPT-200073,TXN200073,22-12-2026,16:08:41,MiniMart Express - Yaba,TILL-01,Emeka Obi,23490682300478,SKU1028,Semovita 2kg,Grains & Staples,4,2325,10,cash
RCPT-200851,TXN200851,28/12/2026,14:57:15,Ikeja,TILL-03,Emeka Obi,,SKU1011,Honeywell Semolina 2kg,Grains & Staples,1,,0,ATM Card
RCPT-200494,TXN200494,02-12-2026,18:14:36,SURULERE,TILL-02,Fatima Bello,+23490403253765,SKU1029,Dano Milk Powder 400g,Dairy,2,"₦2,288.46",10,ATM Card
RCPT-200363,TXN200363,10-11-2026,05:18 PM,Surulere,TILL-01,Aisha Mohammed,23480325122572,SKU1016,Eva Water 75cl,beverages,2,₦224.06,0,ussd
RCPT-200526,TXN200526,11-12-2026,12:31:46,SURULERE,TILL-01,Segun Adeyemi,23480412833372,SKU1008,Milo 400g,Beverages,4,"₦2,604.11",0,Card
RCPT-200088,TXN200088,17-12-2026,17:44:36,Yaba Branch,TILL-02,Ngozi Eze,080982507146,SKU1001,INDOMIE NOODLES 70G,Grains & Staples,2,₦172.35,0,pos
RCPT-200228,TXN200228,2026-11-05,15:22:19,Ikeja Branch,TILL-01,Aisha Mohammed,23481985240132,SKU1014,Dettol Soap 65g,Personal Care,1,453,0,cash
RCPT-200095,TXN200095,15-01-2027,18:44:22,Yaba Branch,TILL-03,Ngozi Eze,23481637454589,SKU1028,Semovita 2kg,Grains & Staples,1,"₦2,189.05",0,Cash
RCPT-200753,TXN200753,10-11-2026,12:32:04,Surulere Branch,TILL-01,Segun Adeyemi,+23470691053021,SKU1020,Cerelac Infant Cereal 400g,Baby Products,2,3775,10,POS Card
RCPT-200946,TXN200946,29-01-2027,18:11:13,Ikeja Branch,TILL-01,Tunde Bakare,090698504505,SKU1013,Omo Detergent 900g,Household,2,"₦1,774.42",10,POS Card
RCPT-200117,TXN200117,2027-01-30,20:44:39,MiniMart Express - Surulere,TILL-02,Blessing Nwosu,+23491299911914,SKU1018,Maltina 33cl,Beverages,2,417,0,POS Card
RCPT-200705,TXN200705,07/11/2026,16:42:54,Ikeja,TILL-02,Ngozi Eze,080087018726,SKU1013,Omo Detergent 900g,Household,2,"₦1,929.57",0,POS Card
RCPT-200572,TXN200572,2026-12-18,12:52:00,SURULERE,TILL-02,Blessing Nwosu,23470996508269,SKU1029,Dano Milk Powder 400g,Dairy,1,2283,0,Transfer
RCPT-200223,TXN200223,03/11/2026,08:38:41,Surulere Branch,TILL-03,Fatima Bello,081430187186,SKU1010,Mama Gold Rice 5kg,Grains & Staples,2,,10,pos
RCPT-200892,TXN200892,13/01/2027,08:33 PM,Surulere Branch,TILL-03,Aisha Mohammed,080675983326,SKU1014,DETTOL SOAP 65G,Personal Care,3,,5,ATM Card
RCPT-200044,TXN200044,27-01-2027,20:22:04,MiniMart Express - Surulere,TILL-03,Chidinma Okafor,080715969664,SKU1006,Bigi Cola 50cl,Beverages,2,305,0,cash
RCPT-200059,TXN200059,08/10/2026,16:57:18,SURULERE,TILL-02,Fatima Bello,+23491842498182,SKU1010,Mama Gold Rice 5kg,Grains & Staples,3,6833,5,Cash
RCPT-200367,TXN200367,23/12/2026,10:46:12,Ikeja,TILL-01,Segun Adeyemi,091753666144,SKU1029,Dano Milk Powder 400g,Dairy,1,2298,0,POS Card
RCPT-200116,TXN200116,29-11-2026,20:36:43, Yaba,TILL-01,Blessing Nwosu,090722332061,SKU1003,Golden Morn 500g,Grains & Staples,1,1176,0,cash
RCPT-200687,TXN200687,11-11-2026,09:11:09,MiniMart Express - Surulere,TILL-01,Tunde Bakare,23490844823733,SKU1005,Coca Cola 50cl,Beverages,5,341,0,USSD
RCPT-200028,TXN200028,2026-12-18,15:05:20,MiniMart Express - Yaba,TILL-01,Ngozi Eze,23490087603859,SKU1010,Mama Gold Rice 5kg,Grains & Staples,4,7357,10,Bank Transfer
RCPT-200121,TXN200121,27-01-2027,02:37 PM,MiniMart Express - Yaba,TILL-03,Tunde Bakare,+23470994417154,SKU1009,Cowbell Milk Powder 360g,Dairy,2,"₦2,046.87",0,Cash
RCPT-200369,TXN200369,2027-01-14,20:08:39,MiniMart Express - Yaba,TILL-01,Tunde Bakare,,SKU1001,INDOMIE NOODLES 70G,Grains & Staples,1,₦185.10,0,Cash
RCPT-200580,TXN200580,01/01/2027,20:00:24,MiniMart Express - Ikeja,TILL-01,Emeka Obi,,SKU1017,La Casera 50cl,Beverages,1,402,10,pos
RCPT-200931,TXN200931,16/01/2027,17:39:28,MiniMart Express - Yaba,TILL-01,Tunde Bakare,,SKU1017,La Casera 50cl,Beverages,2,339,0,Transfer
RCPT-200330,TXN200330,25-10-2026,08:08:15,Surulere Branch,TILL-02,Emeka Obi,+23490900185132,SKU1013,Omo Detergent 900g,Household,1,"₦1,835.51",5,POS Card
RCPT-200047,TXN200047,26/11/2026,19:05:32,MiniMart Express - Yaba,TILL-01,Fatima Bello,+23490788925546,SKU1017,La Casera 50cl,beverages,1,₦344.28,5,Transfer
RCPT-200604,TXN200604,22-11-2026,18:00:14,Yaba Branch,TILL-02,Chidinma Okafor,+23490109567975,SKU1011,Honeywell Semolina 2kg,grains & staples,1,3422,0,POS Card
RCPT-200323,TXN200323,10-10-2026,18:14:14,SURULERE,TILL-02,Chidinma Okafor,+23470041454563,SKU1003,Golden Morn 500g,grains & staples,4,"₦1,176.49",0,ussd
RCPT-200097,TXN200097,03-12-2026,20:06:06,MiniMart Express - Ikeja,TILL-02,Emeka Obi,23470221890927,SKU1023,Ariel Detergent 900g,Household,1,2036,0,cash
RCPT-200562,TXN200562,09/10/2026,19:08:29,Ikeja Branch,TILL-03,Chidinma Okafor,070504043333,SKU1012,Kings Vegetable Oil 1L,Grains & Staples,1,2606,0,cash
RCPT-200690,TXN200690,10/11/2026,12:28:56,Ikeja Branch,TILL-01,Segun Adeyemi,+23480878995047,SKU1023,ARIEL DETERGENT 900G,Household,2,2074,0,ussd
RCPT-200115,TXN200115,29/01/2027,01:11 PM, Yaba,TILL-02,Aisha Mohammed,091490211586,SKU1003,GOLDEN MORN 500G,Grains & Staples,4,1370,0,ussd
RCPT-200498,TXN200498,29/12/2026,07:35 PM,Ikeja,TILL-03,Tunde Bakare,090965754278,SKU1015,Close Up Toothpaste 140ml,Personal Care,1,₦884.88,0,Bank Transfer
RCPT-200486,TXN200486,2026-11-16,08:28:23,Surulere,TILL-01,Tunde Bakare,+23470574859532,SKU1011,Honeywell Semolina 2kg,Grains & Staples,1,3368,0,Bank Transfer
RCPT-200818,TXN200818,2026-10-05,20:48:27,MiniMart Express - Ikeja,TILL-03,Emeka Obi,+23480777733168,SKU1026,Chivita Juice 1L,Beverages,2,1697,0,USSD
RCPT-200124,TXN200124,11/12/2026,17:57:58,Yaba Branch,TILL-01,Tunde Bakare,070217525007,SKU1028,Semovita 2kg,Grains & Staples,1,2631,0,ussd
RCPT-200794,TXN200794,08-12-2026,13:17:45,SURULERE,TILL-01,Fatima Bello,090360667998,SKU1004,DANGOTE SUGAR 1KG,Grains & Staples,5,994,10,Card
RCPT-200074,TXN200074,2026-10-03,17:02:28,MiniMart Express - Surulere,TILL-03,Chidinma Okafor,070067383028,SKU1020,Cerelac Infant Cereal 400g,Baby Products,1,3826,0,POS Card
RCPT-200686,TXN200686,05/10/2026,08:56 AM,MiniMart Express - Ikeja,TILL-03,Ngozi Eze,23480487177546,SKU1023,Ariel Detergent 900g,Household,1,"₦1,835.26",10,USSD
RCPT-200039,TXN200039,2026-10-24,15:28:49,Ikeja,TILL-03,Blessing Nwosu,090390847007,SKU1002,Peak Milk Evaporated 170g,Dairy,4,₦393.69,0,cash
RCPT-200800,TXN200800,2026-10-23,13:14:04,YABA,TILL-02,Tunde Bakare,+23490100777321,SKU1026,Chivita Juice 1L,Beverages,5,1566,0,Card
RCPT-200862,TXN200862,2026-10-02,16:35:53,Ikeja Branch,TILL-02,Blessing Nwosu,+23480801990342,SKU1028,Semovita 2kg,Grains & Staples,1,"₦2,720.72",0,Card
RCPT-200710,TXN200710,2026-10-20,12:28:29,Ikeja,TILL-02,Fatima Bello,080352478417,SKU1030,Nasco Cornflakes 500g,Grains & Staples,1,"₦1,519.78",5,ATM Card
RCPT-200155,TXN200155,2026-12-19,12:11:26,YABA,TILL-03,Blessing Nwosu,091518489476,SKU1020,Cerelac Infant Cereal 400g,Baby Products,5,3746,0,Bank Transfer
RCPT-200695,TXN200695,25-12-2026,09:38:27,MiniMart Express - Surulere,TILL-01,Segun Adeyemi,080192622132,SKU1021,BOURNVITA 500G,Beverages,4,2686,0,POS Card
RCPT-200434,TXN200434,11-12-2026,15:31:10, Yaba,TILL-02,Segun Adeyemi,,SKU1021,Bournvita 500g,Beverages,1,"₦2,874.66",0,ATM Card
RCPT-200558,TXN200558,17/12/2026,16:09:25,MiniMart Express - Ikeja,TILL-01,Fatima Bello,091483550542,SKU1012,KINGS VEGETABLE OIL 1L,Grains & Staples,1,"₦2,557.13",0,ussd
RCPT-200064,TXN200064,12/12/2026,18:07:26,MiniMart Express - Surulere,TILL-03,Chidinma Okafor,+23491499309728,SKU1023,Ariel Detergent 900g,Household,5,1982,0,Cash
RCPT-200541,TXN200541,18-10-2026,19:34:19, Yaba,TILL-03,Segun Adeyemi,,SKU1027,Amstel Malta 33cl,Beverages,1,₦503.77,0,POS Card
RCPT-200471,TXN200471,24/12/2026,08:55 AM,Surulere Branch,TILL-01,Segun Adeyemi,23480285011688,SKU1008,Milo 400g,Beverages,2,"₦2,339.68",0,Cash
RCPT-200897,TXN200897,2027-01-08,12:49 PM,Yaba Branch,TILL-03,Tunde Bakare,,SKU1020,Cerelac Infant Cereal 400g,Baby Products,4,"₦4,013.11",10,pos
RCPT-200544,TXN200544,13-10-2026,11:47:16,MiniMart Express - Surulere,TILL-03,Emeka Obi,090913203301,SKU1009,Cowbell Milk Powder 360g,Dairy,85,2232,10,Cash
RCPT-200333,TXN200333,16/11/2026,15:44:26,Ikeja,TILL-03,Tunde Bakare,,SKU1005,Coca Cola 50cl,Beverages,4,384,0,USSD
RCPT-200529,TXN200529,30-10-2026,01:42 PM,YABA,TILL-01,Segun Adeyemi,090091090326,SKU1002,Peak Milk Evaporated 170g,Dairy,3,₦387.78,0,Bank Transfer
RCPT-200125,TXN200125,02-01-2027,11:46:23,MiniMart Express - Surulere,TILL-02,Fatima Bello,,SKU1013,OMO DETERGENT 900G,Household,5,"₦2,014.64",0,Transfer
RCPT-200273,TXN200273,30-11-2026,11:56:33,SURULERE,TILL-02,Fatima Bello,070089487060,SKU1003,Golden Morn 500g,Grains & Staples,1,"₦1,219.98",0,ATM Card
RCPT-200942,TXN200942,24-11-2026,14:27:57,Ikeja,TILL-03,Chidinma Okafor,23481542438269,SKU1007,Gala Sausage Roll,Snacks,1,₦276.32,0,Card
RCPT-200006,TXN200006,17/01/2027,09:15 AM,IKEJA,TILL-01,Fatima Bello,081010310518,SKU1023,Ariel Detergent 900g,Household,3,2129,0,Bank Transfer
RCPT-200495,TXN200495,2026-10-28,12:59:00,Surulere Branch,TILL-02,Emeka Obi,,SKU1029,Dano Milk Powder 400g,Dairy,-1,"₦2,388.02",0,Transfer
RCPT-200020,TXN200020,2026-10-23,09:37:44,Surulere Branch,TILL-01,Blessing Nwosu,23480491905865,SKU1030,Nasco Cornflakes 500g,Grains & Staples,4,1482,10,Bank Transfer
RCPT-200225,TXN200225,15-10-2026,05:48 PM,MiniMart Express - Ikeja,TILL-01,Ngozi Eze,+23480704947873,SKU1021,Bournvita 500g,Beverages,4,"₦2,753.76",10,POS Card
RCPT-200520,TXN200520,2027-01-20,09:24 AM,MiniMart Express - Ikeja,TILL-02,Aisha Mohammed,23491688687859,SKU1006,Bigi Cola 50cl,Beverages,2,301,0,Card
RCPT-200349,TXN200349,26-01-2027,14:08:40,MiniMart Express - Ikeja,TILL-03,Emeka Obi,+23491582631281,SKU1007,Gala Sausage Roll,Snacks,4,260,0,cash
RCPT-200140,TXN200140,22/12/2026,14:58:50,YABA,TILL-02,Segun Adeyemi,+23470408588770,SKU1029,Dano Milk Powder 400g,Dairy,2,2072,5,USSD
RCPT-200457,TXN200457,2026-12-25,10:20 AM,MiniMart Express - Surulere,TILL-03,Segun Adeyemi,080848826913,SKU1012,Kings Vegetable Oil 1L,Grains & Staples,5,2704,5,pos
RCPT-200932,TXN200932,2026-12-29,14:04:31,Surulere Branch,TILL-03,Tunde Bakare,070316312975,SKU1018,Maltina 33cl,Beverages,1,₦401.86,0,ATM Card
RCPT-200904,TXN200904,2026-10-24,08:55:39,Ikeja,TILL-01,Aisha Mohammed,091421891426,SKU1022,Knorr Chicken Cubes (pack),Grains & Staples,2,454,0,Bank Transfer
RCPT-200804,TXN200804,2026-11-13,08:47 PM,Ikeja Branch,TILL-03,Tunde Bakare,081886407880,SKU1026,Chivita Juice 1L,Beverages,2,"₦1,687.99",0,ussd
RCPT-200042,TXN200042,09-01-2027,20:19:58,Surulere Branch,TILL-01,Emeka Obi,090961201836,SKU1020,Cerelac Infant Cereal 400g,Baby Products,2,3974,0,Card
RCPT-200277,TXN200277,2026-12-05,08:08:19,MiniMart Express - Yaba,TILL-03,Tunde Bakare,23480822749545,SKU1016,Eva Water 75cl,Beverages,5,221,0,Transfer
RCPT-200537,TXN200537,07-12-2026,12:46:01,Ikeja,TILL-03,Blessing Nwosu,080225288375,SKU1026,Chivita Juice 1L,Beverages,1,1542,0,Card
RCPT-200868,TXN200868,28-12-2026,12:07:53,Yaba Branch,TILL-02,Ngozi Eze,23491408710066,SKU1016,Eva Water 75cl,Beverages,1,₦185.01,0,Cash
RCPT-200335,TXN200335,2027-01-20,08:09 AM,Yaba Branch,TILL-01,Blessing Nwosu,,SKU1023,Ariel Detergent 900g,Household,1,"₦1,933.14",5,POS Card
RCPT-200723,TXN200723,31-10-2026,09:50:06, Yaba,TILL-02,Chidinma Okafor,090398818738,SKU1029,Dano Milk Powder 400g,Dairy,4,2109,0,Bank Transfer
RCPT-200208,TXN200208,01/10/2026,19:52:49,MiniMart Express - Surulere,TILL-03,Tunde Bakare,23470460158517,SKU1016,Eva Water 75cl,beverages,1,190,0,pos
RCPT-200771,TXN200771,28/10/2026,01:00 PM,IKEJA,TILL-01,Emeka Obi,,SKU1023,Ariel Detergent 900g,Household,3,1733,0,ussd
RCPT-200575,TXN200575,2026-11-12,06:17 PM,MiniMart Express - Surulere,TILL-02,Aisha Mohammed,091462072662,SKU1021,BOURNVITA 500G,Beverages,1,2660,0,Transfer
RCPT-200356,TXN200356,26/01/2027,15:02:17,MiniMart Express - Surulere,TILL-01,Aisha Mohammed,,SKU1011,Honeywell Semolina 2kg,Grains & Staples,2,3108,5,Cash
RCPT-200859,TXN200859,13-11-2026,12:32:54,Surulere Branch,TILL-03,Blessing Nwosu,,SKU1015,Close Up Toothpaste 140ml,Personal Care,2,₦937.61,0,Bank Transfer
RCPT-200893,TXN200893,14/12/2026,15:45:09,Ikeja,TILL-01,Tunde Bakare,081399824266,SKU1012,Kings Vegetable Oil 1L,Grains & Staples,1,2550,5,POS Card
RCPT-200290,TXN200290,24/10/2026,11:25 AM,Yaba Branch,TILL-01,Emeka Obi,+23490777118372,SKU1003,Golden Morn 500g,Grains & Staples,5,,0,Card
RCPT-200714,TXN200714,06-11-2026,12:24:17,Ikeja Branch,TILL-03,Segun Adeyemi,23470979572857,SKU1018,Maltina 33cl,Beverages,2,₦411.83,5,Cash
RCPT-200915,TXN200915,02-01-2027,13:31:14,MiniMart Express - Surulere,TILL-03,Tunde Bakare,070514609193,SKU1029,Dano Milk Powder 400g,Dairy,3,"₦2,435.84",10,ATM Card
RCPT-200002,TXN200002,24/10/2026,16:07:59,Yaba Branch,TILL-03,Segun Adeyemi,+23481959310341,SKU1012,Kings Vegetable Oil 1L,Grains & Staples,2,"₦2,633.86",10,POS Card
RCPT-200823,TXN200823,2027-01-05,15:33:41,MiniMart Express - Surulere,TILL-02,Chidinma Okafor,23470841680613,SKU1003,Golden Morn 500g,Grains & Staples,1,1252,0,Transfer
RCPT-200420,TXN200420,09/11/2026,15:44:39,Ikeja Branch,TILL-03,Aisha Mohammed,,SKU1005,Coca Cola 50cl,beverages,5,400,0,Transfer
RCPT-200389,TXN200389,2027-01-04,14:26:32,SURULERE,TILL-03,Aisha Mohammed,23490327021648,SKU1020,Cerelac Infant Cereal 400g,baby products,2,3754,0,USSD
RCPT-200400,TXN200400,2026-12-07,12:41:36,MiniMart Express - Yaba,TILL-02,Ngozi Eze,,SKU1017,La Casera 50cl,Beverages,2,394,0,Transfer
RCPT-200640,TXN200640,09/01/2027,15:49:07,YABA,TILL-03,Blessing Nwosu,080827348131,SKU1028,SEMOVITA 2KG,Grains & Staples,3,"₦2,526.46",0,cash
RCPT-200880,TXN200880,22/12/2026,15:27:26,YABA,TILL-02,Chidinma Okafor,070761209281,SKU1022,KNORR CHICKEN CUBES (PACK),Grains & Staples,1,₦528.12,0,cash
RCPT-200750,TXN200750,2027-01-27,08:28:56,MiniMart Express - Yaba,TILL-01,Chidinma Okafor,,SKU1016,Eva Water 75cl,beverages,2,207,0,USSD
RCPT-200728,TXN200728,2026-11-15,17:29:05,Ikeja,TILL-01,Aisha Mohammed,,SKU1026,CHIVITA JUICE 1L,Beverages,1,1562,0,cash
RCPT-200521,TXN200521,29/10/2026,14:24:19,Ikeja Branch,TILL-02,Aisha Mohammed,,SKU1020,CERELAC INFANT CEREAL 400G,Baby Products,2,3279,10,Card
RCPT-200623,TXN200623,16-10-2026,10:12 AM,Ikeja Branch,TILL-03,Tunde Bakare,23481047264261,SKU1004,Dangote Sugar 1kg,grains & staples,4,861,0,pos
RCPT-200878,TXN200878,02/11/2026,09:42 AM,Surulere Branch,TILL-03,Fatima Bello,080359379719,SKU1010,Mama Gold Rice 5kg,Grains & Staples,85,"₦6,405.09",0,Card
RCPT-200876,TXN200876,2027-01-25,11:42:09,IKEJA,TILL-02,Segun Adeyemi,070315828630,SKU1009,Cowbell Milk Powder 360g,Dairy,5,2365,5,cash
RCPT-200146,TXN200146,17-01-2027,09:25:23,SURULERE,TILL-03,Fatima Bello,23481928272299,SKU1012,Kings Vegetable Oil 1L,Grains & Staples,2,"₦2,861.35",0,ATM Card
RCPT-200595,TXN200595,2026-11-29,09:46:27,Ikeja,TILL-03,Blessing Nwosu,+23491388232553,SKU1006,Bigi Cola 50cl,Beverages,2,₦290.01,10,Bank Transfer
RCPT-200930,TXN200930,08/10/2026,09:02:58,SURULERE,TILL-02,Emeka Obi,23480187228247,SKU1016,EVA WATER 75CL,Beverages,4,209,0,Cash
RCPT-200616,TXN200616,2027-01-03,09:37:57,Surulere Branch,TILL-03,Fatima Bello,080923613376,SKU1014,Dettol Soap 65g,personal care,1,₦467.58,0,Cash
RCPT-200506,TXN200506,2027-01-06,17:11:42,SURULERE,TILL-03,Tunde Bakare,081712961803,SKU1030,Nasco Cornflakes 500g,Grains & Staples,1,,0,USSD
RCPT-200889,TXN200889,10/11/2026,17:08:01,Yaba Branch,TILL-02,Ngozi Eze,081013249519,SKU1028,Semovita 2kg,Grains & Staples,2,2206,0,Transfer
RCPT-200817,TXN200817,10/11/2026,18:04:38,IKEJA,TILL-01,Chidinma Okafor,+23480755154526,SKU1017,La Casera 50cl,Beverages,1,₦369.45,0,cash
RCPT-200187,TXN200187,01/01/2027,15:54:31,YABA,TILL-01,Aisha Mohammed,+23481977671990,SKU1004,Dangote Sugar 1kg,Grains & Staples,92,₦856.72,0,pos
RCPT-200886,TXN200886,2026-10-06,20:12:18,Ikeja Branch,TILL-02,Chidinma Okafor,080579725184,SKU1010,Mama Gold Rice 5kg,Grains & Staples,3,6002,10,Card
RCPT-200812,TXN200812,2026-10-14,12:34 PM,MiniMart Express - Yaba,TILL-01,Segun Adeyemi,091266023515,SKU1013,OMO DETERGENT 900G,Household,-2,"₦1,650.53",10,cash
RCPT-200139,TXN200139,23/10/2026,16:14:11,Surulere,TILL-03,Emeka Obi,070861533555,SKU1016,Eva Water 75cl,Beverages,3,221,0,cash
RCPT-200168,TXN200168,28-10-2026,11:07:15,MiniMart Express - Yaba,TILL-02,Chidinma Okafor,,SKU1021,Bournvita 500g,Beverages,3,"₦2,345.80",10,Bank Transfer
RCPT-200282,TXN200282,26-01-2027,18:02:13,MiniMart Express - Surulere,TILL-01,Aisha Mohammed,091634669254,SKU1016,Eva Water 75cl,Beverages,4,₦191.51,5,ussd
RCPT-200873,TXN200873,2026-12-24,14:38:27,Surulere Branch,TILL-01,Segun Adeyemi,090289860610,SKU1018,Maltina 33cl,Beverages,1,397,0,Transfer
RCPT-200337,TXN200337,17/12/2026,10:47:13,SURULERE,TILL-01,Fatima Bello,+23480891775662,SKU1014,Dettol Soap 65g,Personal Care,2,414,0,Cash
RCPT-200511,TXN200511,13/11/2026,19:17:59,Surulere,TILL-03,Tunde Bakare,,SKU1006,Bigi Cola 50cl,Beverages,5,331,0,cash
RCPT-200045,TXN200045,10-01-2027,13:14:21,IKEJA,TILL-01,Blessing Nwosu,23481355231243,SKU1014,Dettol Soap 65g,Personal Care,1,492,5,ussd
RCPT-200863,TXN200863,19-10-2026,09:31:53,Ikeja,TILL-03,Blessing Nwosu,080860157117,SKU1007,Gala Sausage Roll,Snacks,1,244,0,Card
RCPT-200939,TXN200939,25/11/2026,08:44:38,Surulere Branch,TILL-02,Tunde Bakare,+23491118615640,SKU1006,Bigi Cola 50cl,Beverages,2,317,0,ATM Card
RCPT-200918,TXN200918,2026-12-22,10:48:13,SURULERE,TILL-01,Chidinma Okafor,090514202593,SKU1030,NASCO CORNFLAKES 500G,Grains & Staples,4,"₦1,754.17",0,POS Card
RCPT-200381,TXN200381,07/01/2027,19:47:52,Surulere Branch,TILL-01,Aisha Mohammed,080584384588,SKU1022,Knorr Chicken Cubes (pack),Grains & Staples,2,₦484.97,0,USSD
RCPT-200442,TXN200442,07/01/2027,05:52 PM,SURULERE,TILL-01,Blessing Nwosu,,SKU1013,Omo Detergent 900g,Household,5,1781,0,ATM Card
RCPT-200084,TXN200084,01/10/2026,02:24 PM,Yaba Branch,TILL-03,Fatima Bello,080262244472,SKU1020,Cerelac Infant Cereal 400g,Baby Products,3,3466,10,Bank Transfer
RCPT-200874,TXN200874,2026-12-18,12:37:57,MiniMart Express - Ikeja,TILL-01,Tunde Bakare,+23491084376992,SKU1014,Dettol Soap 65g,Personal Care,2,461,0,Cash
RCPT-200698,TXN200698,06-01-2027,11:56:55,MiniMart Express - Ikeja,TILL-02,Fatima Bello,090761851862,SKU1025,Tom Tom Sweet (pack),Snacks,2,278,0,Card
RCPT-200050,TXN200050,19/11/2026,15:49:18,MiniMart Express - Yaba,TILL-03,Ngozi Eze,+23491392407581,SKU1029,Dano Milk Powder 400g,Dairy,3,"₦2,477.92",0,cash
RCPT-200102,TXN200102,16/11/2026,14:58:09,Surulere Branch,TILL-01,Ngozi Eze,080365419518,SKU1002,Peak Milk Evaporated 170g,Dairy,1,321,0,POS Card
RCPT-200882,TXN200882,2026-12-10,05:19 PM,Surulere,TILL-01,Fatima Bello,081539892313,SKU1014,Dettol Soap 65g,Personal Care,5,448,0,Bank Transfer
RCPT-200489,TXN200489,13-10-2026,10:38:28,MiniMart Express - Surulere,TILL-01,Segun Adeyemi,080397429250,SKU1003,Golden Morn 500g,Grains & Staples,1,"₦1,329.54",0,Transfer
RCPT-200569,TXN200569,12/11/2026,19:44:01,Surulere,TILL-01,Tunde Bakare,+23491914492074,SKU1020,Cerelac Infant Cereal 400g,Baby Products,1,3975,5,ussd
RCPT-200130,TXN200130,23-01-2027,08:54 AM,MiniMart Express - Surulere,TILL-03,Aisha Mohammed,090729659027,SKU1026,Chivita Juice 1L,beverages,1,1468,10,USSD
RCPT-200600,TXN200600,2027-01-04,10:07:55,Ikeja Branch,TILL-03,Aisha Mohammed,080201911166,SKU1005,Coca Cola 50cl,Beverages,1,374,10,USSD
RCPT-200053,TXN200053,01/10/2026,20:04:22,MiniMart Express - Yaba,TILL-03,Blessing Nwosu,+23481520585277,SKU1002,PEAK MILK EVAPORATED 170G,Dairy,3,₦340.68,0,Cash
RCPT-200533,TXN200533,11-12-2026,18:54:47,Ikeja Branch,TILL-02,Ngozi Eze,23470999360798,SKU1016,Eva Water 75cl,beverages,2,200,0,Bank Transfer
RCPT-200013,TXN200013,04/12/2026,10:37 AM,MiniMart Express - Yaba,TILL-03,Ngozi Eze,23480569816934,SKU1022,KNORR CHICKEN CUBES (PACK),Grains & Staples,3,540,10,ATM Card
RCPT-200718,TXN200718,24/01/2027,08:36:03,YABA,TILL-02,Blessing Nwosu,081104502437,SKU1021,Bournvita 500g,Beverages,3,"₦2,685.10",0,Card
RCPT-200885,TXN200885,31/12/2026,17:08:36,Ikeja Branch,TILL-02,Tunde Bakare,23481206276729,SKU1010,Mama Gold Rice 5kg,Grains & Staples,1,6200,0,Card
RCPT-200220,TXN200220,01/12/2026,11:04:01,YABA,TILL-01,Tunde Bakare,091557988774,SKU1016,Eva Water 75cl,Beverages,5,204,0,Card
RCPT-200813,TXN200813,2027-01-19,13:08:11,Yaba Branch,TILL-01,Fatima Bello,081547940645,SKU1011,Honeywell Semolina 2kg,Grains & Staples,3,"₦3,254.03",10,Bank Transfer
RCPT-200539,TXN200539,18-11-2026,20:21:07,Ikeja Branch,TILL-01,Tunde Bakare,+23490864010424,SKU1019,Titus Sardine 125g,Canned Foods,5,₦686.27,0,POS Card
RCPT-200622,TXN200622,26/11/2026,14:56:30,Ikeja Branch,TILL-02,Segun Adeyemi,080591601124,SKU1006,Bigi Cola 50cl,Beverages,1,289,10,Transfer
RCPT-200938,TXN200938,24/10/2026,09:44:39,SURULERE,TILL-03,Fatima Bello,+23480063236540,SKU1010,MAMA GOLD RICE 5KG,Grains & Staples,1,6123,5,POS Card
RCPT-200928,TXN200928,2026-12-31,12:19:50,IKEJA,TILL-02,Emeka Obi,070330411761,SKU1024,"Pampers Diapers (pack, medium)",Baby Products,2,4592,5,Transfer
RCPT-200317,TXN200317,06-01-2027,08:05:47,Yaba Branch,TILL-02,Chidinma Okafor,23480682778816,SKU1021,Bournvita 500g,Beverages,2,2797,0,USSD
RCPT-200848,TXN200848,21/10/2026,14:06:32,Yaba Branch,TILL-03,Tunde Bakare,080018731439,SKU1019,Titus Sardine 125g,Canned Foods,2,₦620.23,0,Cash
RCPT-200534,TXN200534,10-01-2027,08:52:14,YABA,TILL-03,Segun Adeyemi,090083037360,SKU1030,NASCO CORNFLAKES 500G,Grains & Staples,2,1800,0,USSD
RCPT-200165,TXN200165,06-11-2026,19:41:24,Ikeja,TILL-01,Segun Adeyemi,,SKU1007,Gala Sausage Roll,Snacks,4,263,0,POS Card
RCPT-200786,TXN200786,2026-10-13,17:59:43,MiniMart Express - Yaba,TILL-01,Aisha Mohammed,,SKU1007,Gala Sausage Roll,Snacks,1,257,10,ussd
RCPT-200197,TXN200197,03-01-2027,19:36:53, Yaba,TILL-03,Aisha Mohammed,090172461919,SKU1018,Maltina 33cl,beverages,1,374,10,Cash
RCPT-200404,TXN200404,23/12/2026,08:20:26,MiniMart Express - Yaba,TILL-02,Blessing Nwosu,23480043318751,SKU1007,Gala Sausage Roll,snacks,1,₦280.21,0,ATM Card
RCPT-200295,TXN200295,23-11-2026,11:38:55,Surulere Branch,TILL-02,Emeka Obi,080017130232,SKU1030,Nasco Cornflakes 500g,Grains & Staples,2,1643,0,POS Card
RCPT-200092,TXN200092,03-01-2027,08:50:48,MiniMart Express - Yaba,TILL-01,Segun Adeyemi,080427978819,SKU1014,Dettol Soap 65g,Personal Care,5,490,0,USSD
RCPT-200405,TXN200405,13/12/2026,16:34:41,MiniMart Express - Yaba,TILL-01,Emeka Obi,,SKU1019,Titus Sardine 125g,Canned Foods,3,559,10,Transfer
RCPT-200553,TXN200553,04/01/2027,11:44:52,Ikeja Branch,TILL-03,Tunde Bakare,090298937629,SKU1025,Tom Tom Sweet (pack),Snacks,1,₦327.89,0,POS Card
RCPT-200397,TXN200397,06-12-2026,11:49 AM,Surulere Branch,TILL-03,Tunde Bakare,,SKU1010,Mama Gold Rice 5kg,Grains & Staples,2,,0,cash
RCPT-200058,TXN200058,2026-12-03,13:41:04,MiniMart Express - Yaba,TILL-03,Tunde Bakare,,SKU1017,La Casera 50cl,Beverages,4,₦382.18,5,Cash
RCPT-200299,TXN200299,2026-11-22,08:07 AM,MiniMart Express - Yaba,TILL-03,Ngozi Eze,+23491918362644,SKU1022,Knorr Chicken Cubes (pack),Grains & Staples,2,501,10,cash
RCPT-200677,TXN200677,2026-11-22,14:19:15, Yaba,TILL-02,Segun Adeyemi,090989596546,SKU1004,Dangote Sugar 1kg,Grains & Staples,1,"₦1,021.97",0,POS Card
RCPT-200109,TXN200109,01-11-2026,19:22:36,IKEJA,TILL-03,Fatima Bello,091784270103,SKU1019,Titus Sardine 125g,canned foods,3,₦570.22,10,Card
RCPT-200535,TXN200535,18/12/2026,20:07:54,Surulere Branch,TILL-02,Tunde Bakare,,SKU1016,Eva Water 75cl,beverages,2,₦196.44,0,Cash
RCPT-200788,TXN200788,13-12-2026,10:04:39,Surulere Branch,TILL-03,Aisha Mohammed,,SKU1004,Dangote Sugar 1kg,Grains & Staples,4,"₦1,025.68",5,USSD
RCPT-200652,TXN200652,25/01/2027,11:30:34,Ikeja Branch,TILL-03,Fatima Bello,,SKU1013,Omo Detergent 900g,Household,1,2029,0,USSD
RCPT-200203,TXN200203,2027-01-27,15:48:26,Ikeja Branch,TILL-01,Aisha Mohammed,090239504102,SKU1011,Honeywell Semolina 2kg,Grains & Staples,1,"₦3,306.02",10,Transfer
RCPT-200884,TXN200884,2026-11-26,01:04 PM,MiniMart Express - Surulere,TILL-01,Segun Adeyemi,+23490533756569,SKU1013,Omo Detergent 900g,Household,4,"₦1,811.64",5,POS Card
RCPT-200281,TXN200281,2027-01-10,13:15:03,SURULERE,TILL-02,Emeka Obi,+23490973179128,SKU1030,Nasco Cornflakes 500g,Grains & Staples,2,"₦1,625.71",0,USSD
RCPT-200309,TXN200309,11-12-2026,20:03:54,SURULERE,TILL-02,Aisha Mohammed,080927742333,SKU1023,Ariel Detergent 900g,Household,4,"₦2,117.75",0,Card
RCPT-200923,TXN200923,2026-12-24,11:50:27,MiniMart Express - Yaba,TILL-01,Chidinma Okafor,,SKU1022,Knorr Chicken Cubes (pack),Grains & Staples,1,₦471.57,0,cash
RCPT-200031,TXN200031,30/11/2026,08:46:09,Surulere,TILL-03,Emeka Obi,,SKU1028,Semovita 2kg,Grains & Staples,5,"₦2,398.49",0,USSD
RCPT-200345,TXN200345,22/11/2026,12:33 PM,YABA,TILL-02,Emeka Obi,090910336829,SKU1016,Eva Water 75cl,Beverages,1,₦227.76,0,Cash
RCPT-200733,TXN200733,2026-11-09,16:47:14,MiniMart Express - Yaba,TILL-03,Blessing Nwosu,090190749921,SKU1002,PEAK MILK EVAPORATED 170G,Dairy,2,361,0,Transfer
RCPT-200819,TXN200819,06-12-2026,04:50 PM,IKEJA,TILL-02,Blessing Nwosu,+23490074027406,SKU1013,Omo Detergent 900g,Household,3,1682,0,Transfer
RCPT-200407,TXN200407,13/01/2027,19:30:22, Yaba,TILL-03,Tunde Bakare,23470932426877,SKU1017,La Casera 50cl,Beverages,2,₦317.21,0,pos
RCPT-200919,TXN200919,20-11-2026,09:07:45, Yaba,TILL-03,Chidinma Okafor,070431834369,SKU1025,Tom Tom Sweet (pack),Snacks,4,334,5,Bank Transfer
RCPT-200674,TXN200674,22-01-2027,19:44:19,MiniMart Express - Surulere,TILL-03,Blessing Nwosu,081654308952,SKU1012,KINGS VEGETABLE OIL 1L,Grains & Staples,2,3110,0,Transfer
RCPT-200099,TXN200099,2026-10-22,08:30 PM, Yaba,TILL-03,Blessing Nwosu,,SKU1005,Coca Cola 50cl,Beverages,4,₦369.81,10,USSD
RCPT-200648,TXN200648,2026-10-01,10:40:22,MiniMart Express - Yaba,TILL-01,Aisha Mohammed,091654262417,SKU1015,Close Up Toothpaste 140ml,Personal Care,1,939,0,ATM Card
RCPT-200469,TXN200469,2026-10-11,19:16:43,IKEJA,TILL-03,Ngozi Eze,+23491449411631,SKU1029,Dano Milk Powder 400g,Dairy,1,,0,cash
RCPT-200255,TXN200255,25/01/2027,10:30 AM,SURULERE,TILL-01,Emeka Obi,+23491777079334,SKU1021,Bournvita 500g,Beverages,2,2891,0,Bank Transfer
RCPT-200502,TXN200502,20-01-2027,15:40:39,Ikeja,TILL-03,Aisha Mohammed,23490755047681,SKU1011,Honeywell Semolina 2kg,Grains & Staples,2,"₦3,272.25",0,Bank Transfer
RCPT-200791,TXN200791,06-10-2026,18:29:40,Surulere Branch,TILL-01,Ngozi Eze,090691961276,SKU1015,Close Up Toothpaste 140ml,Personal Care,3,₦864.02,0,Card
RCPT-200451,TXN200451,15/10/2026,10:46 AM, Yaba,TILL-02,Segun Adeyemi,081991062272,SKU1013,Omo Detergent 900g,Household,4,"₦1,731.86",0,POS Card
RCPT-200565,TXN200565,17/10/2026,13:53:01,Ikeja,TILL-02,Fatima Bello,,SKU1004,Dangote Sugar 1kg,Grains & Staples,2,₦923.82,0,POS Card
RCPT-200235,TXN200235,2026-10-19,20:57:40,Ikeja Branch,TILL-01,Ngozi Eze,+23480565033349,SKU1005,COCA COLA 50CL,Beverages,3,₦334.82,0,Transfer
RCPT-200118,TXN200118,02-01-2027,15:58:17,MiniMart Express - Ikeja,TILL-01,Tunde Bakare,070444713247,SKU1002,Peak Milk Evaporated 170g,Dairy,3,333,10,Bank Transfer
RCPT-200678,TXN200678,08-12-2026,12:17:37,Ikeja,TILL-01,Segun Adeyemi,23470408822309,SKU1020,Cerelac Infant Cereal 400g,Baby Products,2,3341,5,USSD
RCPT-200280,TXN200280,01-11-2026,10:24:41,IKEJA,TILL-01,Tunde Bakare,080473552896,SKU1001,INDOMIE NOODLES 70G,Grains & Staples,2,176,0,ussd
RCPT-200591,TXN200591,2026-12-01,08:56 AM,Surulere Branch,TILL-02,Tunde Bakare,081931321551,SKU1003,Golden Morn 500g,grains & staples,4,1270,0,cash
RCPT-200286,TXN200286,04/01/2027,17:28:40,YABA,TILL-01,Emeka Obi,,SKU1013,Omo Detergent 900g,household,4,"₦1,839.88",0,Transfer
RCPT-200749,TXN200749,01/11/2026,10:35:33, Yaba,TILL-02,Chidinma Okafor,23480790371616,SKU1008,Milo 400g,Beverages,1,"₦2,771.74",0,ussd
RCPT-200764,TXN200764,2026-11-16,16:55:05,SURULERE,TILL-03,Blessing Nwosu,090350496026,SKU1005,Coca Cola 50cl,Beverages,1,348,0,ATM Card
RCPT-200530,TXN200530,28/12/2026,18:10:44,Ikeja Branch,TILL-02,Tunde Bakare,090446634533,SKU1016,Eva Water 75cl,beverages,2,₦185.89,0,Card
RCPT-200237,TXN200237,2026-12-19,05:21 PM,MiniMart Express - Surulere,TILL-03,Aisha Mohammed,090514846853,SKU1026,Chivita Juice 1L,Beverages,1,"₦1,417.73",10,USSD
RCPT-200581,TXN200581,05-10-2026,09:33:41,MiniMart Express - Yaba,TILL-01,Blessing Nwosu,+23491259679089,SKU1030,Nasco Cornflakes 500g,Grains & Staples,2,1556,0,Card
RCPT-200618,TXN200618,2027-01-17,20:14:53,YABA,TILL-01,Ngozi Eze,23491486989396,SKU1004,Dangote Sugar 1kg,Grains & Staples,5,965,0,pos
RCPT-200577,TXN200577,17-11-2026,13:08:29,MiniMart Express - Ikeja,TILL-03,Tunde Bakare,23480337184449,SKU1004,Dangote Sugar 1kg,Grains & Staples,4,,0,POS Card
RCPT-200760,TXN200760,2026-11-07,08:45:11,MiniMart Express - Ikeja,TILL-03,Emeka Obi,080117576917,SKU1007,GALA SAUSAGE ROLL,Snacks,1,₦258.95,0,USSD
RCPT-200950,TXN200950,06-01-2027,14:56:08, Yaba,TILL-02,Aisha Mohammed,23470089897747,SKU1028,Semovita 2kg,Grains & Staples,5,2664,0,ussd
RCPT-200312,TXN200312,26/11/2026,09:02:08,Surulere Branch,TILL-03,Emeka Obi,,SKU1006,Bigi Cola 50cl,Beverages,92,₦279.35,5,Card
RCPT-200279,TXN200279,01-11-2026,09:09:18,YABA,TILL-03,Tunde Bakare,,SKU1027,AMSTEL MALTA 33CL,Beverages,92,505,0,USSD
RCPT-200439,TXN200439,27-11-2026,08:58:32,MiniMart Express - Ikeja,TILL-03,Ngozi Eze,091858749511,SKU1014,Dettol Soap 65g,Personal Care,5,463,5,Bank Transfer
RCPT-200230,TXN200230,2026-11-23,12:10:57,Surulere Branch,TILL-01,Blessing Nwosu,090875927125,SKU1004,Dangote Sugar 1kg,Grains & Staples,1,881,5,Card
RCPT-200836,TXN200836,28-11-2026,08:55 AM,MiniMart Express - Ikeja,TILL-03,Emeka Obi,+23470298268933,SKU1001,INDOMIE NOODLES 70G,Grains & Staples,4,166,0,ATM Card
RCPT-200449,TXN200449,22/11/2026,08:33 PM, Yaba,TILL-02,Ngozi Eze,+23481821371184,SKU1026,Chivita Juice 1L,Beverages,5,1381,5,Card
RCPT-200241,TXN200241,09-01-2027,08:31:34,IKEJA,TILL-01,Tunde Bakare,091734257540,SKU1004,Dangote Sugar 1kg,Grains & Staples,2,,10,ATM Card
RCPT-200021,TXN200021,30-11-2026,20:30:29,YABA,TILL-03,Segun Adeyemi,070314737996,SKU1024,"Pampers Diapers (pack, medium)",Baby Products,2,"₦5,277.40",5,POS Card
RCPT-200052,TXN200052,26-10-2026,15:04:07,YABA,TILL-02,Chidinma Okafor,091932460953,SKU1010,Mama Gold Rice 5kg,grains & staples,2,5960,5,USSD
RCPT-200163,TXN200163,08-12-2026,12:28 PM,SURULERE,TILL-03,Emeka Obi,,SKU1003,Golden Morn 500g,Grains & Staples,4,1223,5,POS Card
RCPT-200642,TXN200642,02/11/2026,15:59:17, Yaba,TILL-02,Tunde Bakare,23480551562392,SKU1013,Omo Detergent 900g,Household,1,1668,10,POS Card
RCPT-200119,TXN200119,28-12-2026,17:01:11,IKEJA,TILL-01,Chidinma Okafor,23480705345786,SKU1003,Golden Morn 500g,Grains & Staples,4,1368,5,pos
RCPT-200869,TXN200869,28-01-2027,10:08 AM,YABA,TILL-01,Emeka Obi,,SKU1007,Gala Sausage Roll,snacks,1,₦245.42,0,pos
RCPT-200450,TXN200450,07-01-2027,19:22:33,SURULERE,TILL-01,Chidinma Okafor,091583825212,SKU1005,Coca Cola 50cl,Beverages,2,421,0,POS Card
RCPT-200464,TXN200464,2026-11-19,15:45:54,Yaba Branch,TILL-01,Emeka Obi,23470709081441,SKU1028,Semovita 2kg,Grains & Staples,1,"₦2,275.90",5,pos
RCPT-200811,TXN200811,30/11/2026,11:32 AM,Ikeja,TILL-01,Blessing Nwosu,+23490965583445,SKU1010,Mama Gold Rice 5kg,Grains & Staples,2,"₦6,452.87",5,Bank Transfer
RCPT-200167,TXN200167,25/01/2027,09:34:30,Surulere Branch,TILL-02,Ngozi Eze,23491136730371,SKU1011,Honeywell Semolina 2kg,Grains & Staples,1,"₦3,628.97",10,Cash
RCPT-200363,TXN200363,10-11-2026,05:18 PM,Surulere,TILL-01,Aisha Mohammed,23480325122572,SKU1016,Eva Water 75cl,beverages,2,₦224.06,0,ussd
RCPT-200656,TXN200656,27-11-2026,04:52 PM,SURULERE,TILL-02,Ngozi Eze,,SKU1004,Dangote Sugar 1kg,Grains & Staples,1,837,5,Cash
RCPT-200869,TXN200869,28-01-2027,10:08 AM,YABA,TILL-01,Emeka Obi,,SKU1007,Gala Sausage Roll,snacks,1,₦245.42,0,pos
RCPT-200396,TXN200396,13-01-2027,10:49:56,IKEJA,TILL-02,Ngozi Eze,23470044836085,SKU1015,Close Up Toothpaste 140ml,Personal Care,1,₦868.66,0,ATM Card
RCPT-200344,TXN200344,2026-11-10,11:22:26,Ikeja Branch,TILL-03,Emeka Obi,23491659608931,SKU1029,Dano Milk Powder 400g,Dairy,3,2389,0,Cash
RCPT-200143,TXN200143,01-12-2026,17:25:34,Surulere,TILL-01,Segun Adeyemi,070536822239,SKU1001,INDOMIE NOODLES 70G,Grains & Staples,1,189,5,Bank Transfer
RCPT-200425,TXN200425,22-01-2027,20:40:20,Surulere,TILL-03,Ngozi Eze,23480677472264,SKU1011,Honeywell Semolina 2kg,Grains & Staples,1,"₦3,605.82",10,Transfer
RCPT-200010,TXN200010,2026-10-29,13:18:10,SURULERE,TILL-03,Segun Adeyemi,091808412411,SKU1017,La Casera 50cl,Beverages,3,375,5,Bank Transfer
RCPT-200922,TXN200922,2027-01-29,10:38:20,Surulere Branch,TILL-02,Ngozi Eze,,SKU1029,Dano Milk Powder 400g,dairy,2,,10,ATM Card
RCPT-200254,TXN200254,04/12/2026,16:01:00,IKEJA,TILL-01,Emeka Obi,070769749956,SKU1006,Bigi Cola 50cl,Beverages,2,₦322.20,0,ATM Card
RCPT-200789,TXN200789,23-12-2026,19:04:29,SURULERE,TILL-01,Ngozi Eze,080066431589,SKU1026,Chivita Juice 1L,Beverages,1,1695,10,USSD
RCPT-200249,TXN200249,06-10-2026,15:27:07,IKEJA,TILL-02,Chidinma Okafor,+23481877712151,SKU1002,Peak Milk Evaporated 170g,Dairy,1,339,5,ATM Card
RCPT-200217,TXN200217,2026-10-15,19:25:11, Yaba,TILL-02,Aisha Mohammed,23491016580464,SKU1006,Bigi Cola 50cl,Beverages,1,336,0,USSD
RCPT-200153,TXN200153,26-01-2027,17:44:43,SURULERE,TILL-01,Ngozi Eze,081012796114,SKU1004,Dangote Sugar 1kg,Grains & Staples,4,900,0,ussd
RCPT-200340,TXN200340,19-01-2027,03:06 PM,MiniMart Express - Ikeja,TILL-02,Blessing Nwosu,070752421495,SKU1008,Milo 400g,Beverages,1,"₦2,545.79",0,Card
RCPT-200732,TXN200732,2026-10-12,02:02 PM,SURULERE,TILL-03,Blessing Nwosu,+23491891268649,SKU1009,Cowbell Milk Powder 360g,Dairy,3,2367,0,Card
RCPT-200176,TXN200176,2026-10-17,01:34 PM,Ikeja Branch,TILL-03,Fatima Bello,,SKU1021,Bournvita 500g,Beverages,4,2829,0,ATM Card
RCPT-200624,TXN200624,2026-11-18,15:35:22, Yaba,TILL-03,Emeka Obi,+23470482421838,SKU1023,Ariel Detergent 900g,Household,4,1732,0,POS Card
RCPT-200721,TXN200721,2026-12-31,08:12:42,Surulere,TILL-01,Emeka Obi,+23491304276362,SKU1014,Dettol Soap 65g,Personal Care,1,418,0,ussd
RCPT-200838,TXN200838,12-11-2026,16:13:06,Surulere,TILL-02,Blessing Nwosu,+23491701235036,SKU1023,Ariel Detergent 900g,Household,2,2154,0,Cash
RCPT-200421,TXN200421,09-10-2026,06:47 PM, Yaba,TILL-02,Blessing Nwosu,091944988305,SKU1014,Dettol Soap 65g,Personal Care,1,₦492.56,10,Cash
RCPT-200741,TXN200741,23/10/2026,08:31:47,Yaba Branch,TILL-02,Fatima Bello,+23481446042276,SKU1005,Coca Cola 50cl,Beverages,2,,5,cash
RCPT-200192,TXN200192,31/12/2026,11:33:19,Yaba Branch,TILL-02,Chidinma Okafor,23490178078235,SKU1016,Eva Water 75cl,Beverages,3,224,5,Card
RCPT-200343,TXN200343,31-10-2026,14:17:16,MiniMart Express - Yaba,TILL-01,Emeka Obi,,SKU1016,Eva Water 75cl,Beverages,2,224,10,POS Card
RCPT-200798,TXN200798,24-11-2026,19:08:18,MiniMart Express - Ikeja,TILL-02,Emeka Obi,,SKU1021,Bournvita 500g,Beverages,4,2711,0,Transfer
RCPT-200112,TXN200112,2026-12-14,14:31:56,Yaba Branch,TILL-03,Ngozi Eze,,SKU1024,"Pampers Diapers (pack, medium)",Baby Products,-2,"₦5,144.59",0,Cash
RCPT-200294,TXN200294,2026-11-20,08:08:23,Ikeja Branch,TILL-01,Emeka Obi,+23491039752450,SKU1010,Mama Gold Rice 5kg,Grains & Staples,4,6222,0,ATM Card
RCPT-200552,TXN200552,02-10-2026,10:12:52,Surulere,TILL-01,Segun Adeyemi,090739201354,SKU1007,GALA SAUSAGE ROLL,Snacks,1,₦225.48,5,Card
RCPT-200806,TXN200806,2026-11-13,09:21:34,Ikeja Branch,TILL-02,Chidinma Okafor,+23490632119604,SKU1007,Gala Sausage Roll,Snacks,1,,0,ussd
RCPT-200275,TXN200275,21/10/2026,17:07:05,YABA,TILL-01,Ngozi Eze,23480120704961,SKU1003,Golden Morn 500g,Grains & Staples,5,1109,0,ussd
RCPT-200549,TXN200549,2026-10-28,11:29:26,Surulere Branch,TILL-03,Blessing Nwosu,,SKU1004,Dangote Sugar 1kg,Grains & Staples,1,₦859.66,0,cash
RCPT-200471,TXN200471,24/12/2026,08:55 AM,Surulere Branch,TILL-01,Segun Adeyemi,23480285011688,SKU1008,Milo 400g,Beverages,2,"₦2,339.68",0,Cash
RCPT-200082,TXN200082,18/10/2026,02:48 PM,YABA,TILL-03,Blessing Nwosu,091501631599,SKU1019,Titus Sardine 125g,canned foods,4,689,0,USSD
RCPT-200463,TXN200463,2026-12-25,16:16:01,YABA,TILL-01,Chidinma Okafor,+23480120800564,SKU1008,Milo 400g,Beverages,1,2358,0,Card
RCPT-200555,TXN200555,2026-12-16,10:51:50, Yaba,TILL-03,Blessing Nwosu,+23470971681572,SKU1018,Maltina 33cl,beverages,1,,0,Cash
RCPT-200559,TXN200559,02/01/2027,08:03 PM,Surulere,TILL-02,Segun Adeyemi,+23490188044287,SKU1026,Chivita Juice 1L,Beverages,1,1420,0,POS Card
RCPT-200607,TXN200607,2026-12-07,08:36:27, Yaba,TILL-03,Tunde Bakare,070694703180,SKU1007,Gala Sausage Roll,Snacks,1,250,0,POS Card
RCPT-200077,TXN200077,13/01/2027,16:41:22,IKEJA,TILL-02,Aisha Mohammed,081753556093,SKU1013,Omo Detergent 900g,Household,3,"₦1,752.84",0,Transfer
RCPT-200444,TXN200444,22/11/2026,13:39:26,MiniMart Express - Surulere,TILL-02,Emeka Obi,,SKU1025,Tom Tom Sweet (pack),Snacks,2,₦320.15,0,Card
RCPT-200681,TXN200681,23/11/2026,02:24 PM,Ikeja,TILL-01,Tunde Bakare,,SKU1023,Ariel Detergent 900g,Household,2,1904,10,Card
RCPT-200212,TXN200212,17/12/2026,14:15:11,MiniMart Express - Yaba,TILL-01,Emeka Obi,+23480914560833,SKU1023,Ariel Detergent 900g,Household,1,2179,0,ATM Card
RCPT-200271,TXN200271,29-10-2026,19:31:48,MiniMart Express - Surulere,TILL-01,Blessing Nwosu,080715695620,SKU1001,INDOMIE NOODLES 70G,Grains & Staples,1,₦153.84,10,pos
RCPT-200207,TXN200207,2027-01-16,10:34:49,MiniMart Express - Ikeja,TILL-03,Blessing Nwosu,090410119470,SKU1030,Nasco Cornflakes 500g,Grains & Staples,4,1547,0,ussd
RCPT-200448,TXN200448,2026-11-26,10:00:09,Surulere Branch,TILL-01,Emeka Obi,081097753967,SKU1024,"Pampers Diapers (pack, medium)",Baby Products,4,5107,0,pos
RCPT-200913,TXN200913,23/01/2027,15:14:58,Ikeja,TILL-01,Tunde Bakare,+23491503801625,SKU1006,Bigi Cola 50cl,beverages,2,₦322.29,0,Cash
RCPT-200614,TXN200614,10-10-2026,20:44:35,MiniMart Express - Yaba,TILL-02,Ngozi Eze,091796240964,SKU1002,Peak Milk Evaporated 170g,Dairy,2,₦352.56,5,POS Card
RCPT-200703,TXN200703,05/01/2027,08:25:25,Ikeja,TILL-03,Chidinma Okafor,,SKU1006,Bigi Cola 50cl,Beverages,1,₦296.89,0,Cash
RCPT-200683,TXN200683,27/12/2026,08:09:14,MiniMart Express - Ikeja,TILL-02,Chidinma Okafor,,SKU1009,Cowbell Milk Powder 360g,Dairy,1,"₦2,095.19",0,Card
RCPT-200865,TXN200865,2026-12-10,11:41 AM,Surulere Branch,TILL-02,Chidinma Okafor,,SKU1022,Knorr Chicken Cubes (pack),Grains & Staples,1,456,0,Card
RCPT-200596,TXN200596,19/01/2027,12:55:16,IKEJA,TILL-02,Blessing Nwosu,,SKU1026,Chivita Juice 1L,Beverages,2,"₦1,514.55",0,Bank Transfer
RCPT-200588,TXN200588,2026-10-15,13:52:20,Ikeja,TILL-01,Emeka Obi,080367813675,SKU1007,Gala Sausage Roll,Snacks,1,279,0,cash
RCPT-200907,TXN200907,03-11-2026,12:07:49,Surulere,TILL-02,Tunde Bakare,23480939129565,SKU1024,"Pampers Diapers (pack, medium)",Baby Products,3,4690,0,pos
RCPT-200707,TXN200707,2027-01-28,09:38:00,YABA,TILL-01,Segun Adeyemi,070047476484,SKU1011,Honeywell Semolina 2kg,Grains & Staples,1,3558,5,ATM Card
RCPT-200445,TXN200445,09-10-2026,01:01 PM,YABA,TILL-01,Aisha Mohammed,,SKU1010,Mama Gold Rice 5kg,Grains & Staples,3,,0,ussd
RCPT-200768,TXN200768,11-12-2026,14:20:58,Yaba Branch,TILL-03,Emeka Obi,23470123763177,SKU1006,Bigi Cola 50cl,beverages,1,,0,ussd
RCPT-200111,TXN200111,25-11-2026,08:11:38,Ikeja Branch,TILL-03,Fatima Bello,+23480172513552,SKU1023,Ariel Detergent 900g,Household,4,"₦1,715.41",10,cash
RCPT-200243,TXN200243,2027-01-27,10:44:16,MiniMart Express - Surulere,TILL-02,Ngozi Eze,090857002720,SKU1030,Nasco Cornflakes 500g,Grains & Staples,4,1540,10,Card
RCPT-200210,TXN200210,2026-10-20,11:44 AM,IKEJA,TILL-01,Chidinma Okafor,+23491179291117,SKU1016,Eva Water 75cl,Beverages,5,221,10,Transfer
RCPT-200909,TXN200909,2026-12-07,18:35:01,IKEJA,TILL-01,Chidinma Okafor,23470730242662,SKU1006,Bigi Cola 50cl,Beverages,2,329,0,pos
RCPT-200431,TXN200431,12/11/2026,15:36:58,YABA,TILL-01,Fatima Bello,+23491506158148,SKU1008,Milo 400g,beverages,1,2529,0,POS Card
RCPT-200662,TXN200662,2026-11-10,18:16:41,Yaba Branch,TILL-01,Fatima Bello,091261454307,SKU1009,Cowbell Milk Powder 360g,Dairy,1,2366,0,USSD
RCPT-200560,TXN200560,17-11-2026,18:42:42,Ikeja Branch,TILL-02,Segun Adeyemi,,SKU1005,Coca Cola 50cl,Beverages,2,367,5,Transfer
RCPT-200805,TXN200805,2026-11-30,17:29:19,IKEJA,TILL-01,Chidinma Okafor,081670898709,SKU1011,Honeywell Semolina 2kg,Grains & Staples,1,2954,10,POS Card
RCPT-200388,TXN200388,2027-01-11,20:49:23, Yaba,TILL-02,Blessing Nwosu,23490765158815,SKU1007,Gala Sausage Roll,Snacks,2,₦276.67,5,ATM Card
RCPT-200643,TXN200643,15-10-2026,14:06:38,Surulere Branch,TILL-01,Emeka Obi,+23470476022069,SKU1029,Dano Milk Powder 400g,Dairy,1,2497,0,cash
RCPT-200949,TXN200949,07/01/2027,12:43:18,MiniMart Express - Yaba,TILL-03,Segun Adeyemi,081963318123,SKU1005,Coca Cola 50cl,beverages,2,₦401.71,0,cash
RCPT-200120,TXN200120,2026-12-13,10:54:36,Ikeja,TILL-01,Fatima Bello,+23491346800722,SKU1024,"Pampers Diapers (pack, medium)",Baby Products,1,5175,0,Transfer
RCPT-200186,TXN200186,2027-01-04,09:45:28,Ikeja,TILL-01,Ngozi Eze,+23491892686025,SKU1011,Honeywell Semolina 2kg,Grains & Staples,1,"₦3,495.33",0,POS Card
RCPT-200025,TXN200025,13/10/2026,15:19:55,Ikeja Branch,TILL-02,Segun Adeyemi,23481091334123,SKU1018,Maltina 33cl,Beverages,2,₦406.99,0,POS Card
RCPT-200713,TXN200713,20-01-2027,12:56:24,Surulere Branch,TILL-02,Segun Adeyemi,23480509999001,SKU1010,Mama Gold Rice 5kg,Grains & Staples,4,"₦6,713.35",10,pos
RCPT-200852,TXN200852,04-11-2026,07:39 PM,IKEJA,TILL-01,Blessing Nwosu,081484339133,SKU1002,Peak Milk Evaporated 170g,Dairy,1,₦333.78,5,POS Card
RCPT-200438,TXN200438,2026-12-19,16:05:28,MiniMart Express - Surulere,TILL-03,Segun Adeyemi,070402155732,SKU1027,Amstel Malta 33cl,Beverages,1,₦484.21,10,Cash
RCPT-200725,TXN200725,2026-11-05,12:48 PM,Ikeja Branch,TILL-01,Aisha Mohammed,080419324538,SKU1020,Cerelac Infant Cereal 400g,Baby Products,3,"₦3,705.01",0,USSD
RCPT-200850,TXN200850,21-11-2026,01:58 PM,Ikeja Branch,TILL-02,Emeka Obi,,SKU1006,Bigi Cola 50cl,beverages,4,272,0,cash
RCPT-200380,TXN200380,01-10-2026,11:52 AM,Surulere Branch,TILL-01,Aisha Mohammed,,SKU1008,MILO 400G,Beverages,1,"₦2,402.65",5,Transfer
RCPT-200158,TXN200158,04-01-2027,16:29:20,Surulere Branch,TILL-01,Fatima Bello,070155942843,SKU1017,La Casera 50cl,Beverages,1,333,0,pos
RCPT-200149,TXN200149,19-10-2026,08:56:46,Ikeja,TILL-02,Blessing Nwosu,23481977236929,SKU1030,Nasco Cornflakes 500g,Grains & Staples,4,1809,0,ATM Card
RCPT-200292,TXN200292,04-10-2026,10:46 AM,YABA,TILL-03,Blessing Nwosu,081583938661,SKU1022,Knorr Chicken Cubes (pack),Grains & Staples,2,₦489.53,0,ATM Card
RCPT-200087,TXN200087,26/01/2027,19:57:51,MiniMart Express - Surulere,TILL-03,Blessing Nwosu,,SKU1018,Maltina 33cl,Beverages,4,421,10,Transfer
RCPT-200394,TXN200394,18-10-2026,18:02:40,Yaba Branch,TILL-01,Emeka Obi,081334727274,SKU1030,Nasco Cornflakes 500g,Grains & Staples,3,"₦1,739.78",0,Bank Transfer
RCPT-200126,TXN200126,17-12-2026,16:21:27,Ikeja Branch,TILL-01,Tunde Bakare,23481753260332,SKU1027,Amstel Malta 33cl,Beverages,2,₦478.19,10,POS Card
RCPT-200166,TXN200166,21/12/2026,17:28:17,YABA,TILL-02,Fatima Bello,23490208021442,SKU1028,Semovita 2kg,Grains & Staples,1,"₦2,365.15",0,pos
RCPT-200301,TXN200301,2026-11-27,10:12:03,MiniMart Express - Ikeja,TILL-01,Segun Adeyemi,080679121416,SKU1006,Bigi Cola 50cl,Beverages,1,₦320.46,0,POS Card
RCPT-200866,TXN200866,2027-01-11,20:41:31,MiniMart Express - Ikeja,TILL-01,Chidinma Okafor,,SKU1018,Maltina 33cl,Beverages,3,453,5,ussd
RCPT-200556,TXN200556,07/10/2026,20:06:28,Ikeja,TILL-03,Tunde Bakare,,SKU1006,Bigi Cola 50cl,Beverages,1,,0,pos
RCPT-200470,TXN200470,2026-10-26,11:27:39,Ikeja Branch,TILL-03,Emeka Obi,+23470083350902,SKU1027,Amstel Malta 33cl,Beverages,1,₦506.43,0,Card
RCPT-200849,TXN200849,13-01-2027,16:20:27,Surulere Branch,TILL-02,Aisha Mohammed,+23470680269331,SKU1018,Maltina 33cl,Beverages,1,,0,Cash
RCPT-200107,TXN200107,2027-01-29,08:39:39,Ikeja,TILL-03,Segun Adeyemi,091870146263,SKU1007,Gala Sausage Roll,Snacks,2,,0,pos
RCPT-200446,TXN200446,2026-11-03,15:29:26,Ikeja Branch,TILL-03,Aisha Mohammed,,SKU1001,INDOMIE NOODLES 70G,Grains & Staples,2,173,0,pos
RCPT-200522,TXN200522,09/12/2026,14:29:45,YABA,TILL-01,Aisha Mohammed,,SKU1005,Coca Cola 50cl,Beverages,-1,₦392.20,0,Cash
RCPT-200110,TXN200110,28-12-2026,13:04:23,Ikeja Branch,TILL-03,Ngozi Eze,23491545226752,SKU1005,Coca Cola 50cl,Beverages,1,₦387.48,0,POS Card
RCPT-200008,TXN200008,2026-10-13,10:24:00,IKEJA,TILL-02,Aisha Mohammed,23480872343098,SKU1006,BIGI COLA 50CL,Beverages,5,₦333.95,5,cash
RCPT-200936,TXN200936,2026-12-20,08:57:49,YABA,TILL-03,Ngozi Eze,090590964598,SKU1004,Dangote Sugar 1kg,Grains & Staples,2,979,0,cash
RCPT-200296,TXN200296,19/11/2026,18:12:17,SURULERE,TILL-02,Blessing Nwosu,+23490566277689,SKU1008,Milo 400g,Beverages,2,,0,Transfer
RCPT-200041,TXN200041,18-10-2026,13:42:07,Surulere,TILL-03,Ngozi Eze,23481049451983,SKU1026,Chivita Juice 1L,Beverages,1,1488,5,ATM Card
RCPT-200633,TXN200633,20-11-2026,12:49:39,Yaba Branch,TILL-03,Chidinma Okafor,23490836683482,SKU1026,Chivita Juice 1L,Beverages,3,1578,5,ATM Card
RCPT-200593,TXN200593,2026-11-20,08:24 AM,IKEJA,TILL-01,Fatima Bello,090723875082,SKU1007,Gala Sausage Roll,Snacks,1,₦236.29,0,pos
RCPT-200142,TXN200142,2027-01-20,08:47 PM,Yaba Branch,TILL-01,Tunde Bakare,080144914766,SKU1013,Omo Detergent 900g,Household,1,1979,10,Card
RCPT-200302,TXN200302,17/10/2026,15:30:48,Surulere Branch,TILL-02,Tunde Bakare,+23470553566905,SKU1004,DANGOTE SUGAR 1KG,Grains & Staples,1,998,0,ussd
RCPT-200247,TXN200247,16/12/2026,17:42:51,Ikeja Branch,TILL-03,Chidinma Okafor,,SKU1018,Maltina 33cl,Beverages,3,₦427.13,5,Cash
RCPT-200144,TXN200144,2026-10-12,06:41 PM,Yaba Branch,TILL-03,Blessing Nwosu,091577594929,SKU1009,Cowbell Milk Powder 360g,Dairy,5,,0,ATM Card
RCPT-200005,TXN200005,2026-11-25,16:49:59,Surulere Branch,TILL-01,Tunde Bakare,+23490154303911,SKU1028,Semovita 2kg,Grains & Staples,2,2556,0,POS Card
RCPT-200387,TXN200387,25-12-2026,16:50:37,Ikeja Branch,TILL-01,Ngozi Eze,23491026113989,SKU1004,Dangote Sugar 1kg,Grains & Staples,3,990,10,USSD
RCPT-200645,TXN200645,2026-12-16,20:28:45, Yaba,TILL-01,Aisha Mohammed,090059503100,SKU1002,Peak Milk Evaporated 170g,Dairy,1,₦378.12,5,cash
RCPT-200660,TXN200660,15-12-2026,14:58:44,MiniMart Express - Surulere,TILL-02,Aisha Mohammed,23470769453536,SKU1013,Omo Detergent 900g,Household,2,1948,0,cash
RCPT-200051,TXN200051,2026-11-12,14:05:23, Yaba,TILL-02,Blessing Nwosu,091522047277,SKU1030,NASCO CORNFLAKES 500G,Grains & Staples,1,1660,5,Transfer
RCPT-200466,TXN200466,2026-11-16,13:35:30,MiniMart Express - Yaba,TILL-02,Aisha Mohammed,091408031499,SKU1013,Omo Detergent 900g,household,1,,0,Transfer
RCPT-200573,TXN200573,27-10-2026,10:49:12,Ikeja Branch,TILL-02,Tunde Bakare,+23470143468239,SKU1018,Maltina 33cl,Beverages,4,₦443.25,0,Cash
RCPT-200854,TXN200854,19-11-2026,18:40:23,MiniMart Express - Yaba,TILL-02,Fatima Bello,070152665591,SKU1021,Bournvita 500g,Beverages,2,2500,0,ussd
RCPT-200071,TXN200071,26-01-2027,11:48:15,Surulere,TILL-03,Blessing Nwosu,23491851910883,SKU1014,Dettol Soap 65g,Personal Care,5,482,0,cash
RCPT-200476,TXN200476,04-12-2026,10:57:56,MiniMart Express - Surulere,TILL-02,Blessing Nwosu,+23481962887431,SKU1016,EVA WATER 75CL,beverages,1,204,0,ussd
RCPT-200332,TXN200332,05-11-2026,18:19:39,MiniMart Express - Ikeja,TILL-02,Blessing Nwosu,090754102252,SKU1017,La Casera 50cl,Beverages,1,325,10,POS Card
RCPT-200214,TXN200214,2026-11-13,09:30:37,Ikeja,TILL-02,Emeka Obi,070972652735,SKU1008,Milo 400g,Beverages,4,,0,cash
RCPT-200027,TXN200027,24/01/2027,05:16 PM,MiniMart Express - Yaba,TILL-03,Chidinma Okafor,091490278742,SKU1015,Close Up Toothpaste 140ml,Personal Care,1,₦901.88,0,Card
RCPT-200338,TXN200338,25/11/2026,11:35:12,YABA,TILL-01,Fatima Bello,070990970051,SKU1018,Maltina 33cl,Beverages,2,379,10,pos
RCPT-200402,TXN200402,23-12-2026,05:26 PM, Yaba,TILL-03,Fatima Bello,+23491787535778,SKU1024,"Pampers Diapers (pack, medium)",baby products,1,"₦5,159.11",0,Card
RCPT-200676,TXN200676,19/12/2026,17:11:29,SURULERE,TILL-01,Tunde Bakare,,SKU1016,Eva Water 75cl,Beverages,4,215,10,Cash
RCPT-200867,TXN200867,31-12-2026,11:03:01,Surulere,TILL-03,Tunde Bakare,23490563558422,SKU1014,DETTOL SOAP 65G,Personal Care,2,₦490.55,0,Cash
RCPT-200666,TXN200666,12-01-2027,10:33:49,Ikeja Branch,TILL-03,Chidinma Okafor,+23481297352595,SKU1007,Gala Sausage Roll,Snacks,4,₦275.92,5,ATM Card
RCPT-200619,TXN200619,2026-12-22,08:54:43,Yaba Branch,TILL-02,Fatima Bello,+23481605117160,SKU1004,Dangote Sugar 1kg,Grains & Staples,1,₦856.61,0,Card
RCPT-200550,TXN200550,21-10-2026,03:57 PM,Yaba Branch,TILL-01,Blessing Nwosu,,SKU1030,Nasco Cornflakes 500g,Grains & Staples,1,"₦1,815.31",0,POS Card
RCPT-200357,TXN200357,30-01-2027,08:21 AM,YABA,TILL-02,Blessing Nwosu,23490644556185,SKU1027,Amstel Malta 33cl,Beverages,1,500,0,pos
RCPT-200218,TXN200218,06-12-2026,16:45:04,Ikeja Branch,TILL-01,Emeka Obi,23470381793355,SKU1013,Omo Detergent 900g,household,1,1824,0,Bank Transfer
RCPT-200609,TXN200609,2026-11-11,18:45:04,Surulere Branch,TILL-01,Chidinma Okafor,+23491980949769,SKU1027,Amstel Malta 33cl,Beverages,2,471,0,Transfer
RCPT-200196,TXN200196,2026-12-15,12:49:22,MiniMart Express - Yaba,TILL-01,Blessing Nwosu,090158148769,SKU1001,INDOMIE NOODLES 70G,Grains & Staples,1,₦155.81,10,ussd
RCPT-200373,TXN200373,15-10-2026,15:17:00,MiniMart Express - Surulere,TILL-02,Fatima Bello,23490868122595,SKU1002,Peak Milk Evaporated 170g,Dairy,3,₦341.51,10,Bank Transfer
RCPT-200227,TXN200227,25-10-2026,10:48:06, Yaba,TILL-01,Tunde Bakare,23481445189520,SKU1017,La Casera 50cl,Beverages,1,₦394.69,0,USSD
RCPT-200262,TXN200262,29-11-2026,17:16:15,Ikeja,TILL-02,Ngozi Eze,090105485101,SKU1017,La Casera 50cl,Beverages,1,385,5,USSD
RCPT-200261,TXN200261,11/12/2026,08:52:17,MiniMart Express - Yaba,TILL-03,Emeka Obi,070738997563,SKU1029,Dano Milk Powder 400g,Dairy,2,2464,5,POS Card
RCPT-200943,TXN200943,2026-12-28,11:36:27,Surulere,TILL-03,Ngozi Eze,090359176504,SKU1029,Dano Milk Powder 400g,Dairy,5,,5,ussd
RCPT-200857,TXN200857,29-10-2026,18:12:44,Yaba Branch,TILL-01,Fatima Bello,,SKU1012,Kings Vegetable Oil 1L,Grains & Staples,1,"₦2,850.07",0,cash
RCPT-200481,TXN200481,06/12/2026,12:46:43,SURULERE,TILL-01,Aisha Mohammed,,SKU1016,EVA WATER 75CL,Beverages,5,187,0,cash
RCPT-200264,TXN200264,2027-01-14,10:32:08,MiniMart Express - Surulere,TILL-02,Emeka Obi,+23470881377028,SKU1015,Close Up Toothpaste 140ml,Personal Care,5,₦893.16,5,Card
RCPT-200113,TXN200113,29/12/2026,10:46:04,Ikeja,TILL-01,Tunde Bakare,080970629620,SKU1009,Cowbell Milk Powder 360g,Dairy,1,2376,10,POS Card
RCPT-200898,TXN200898,25/11/2026,11:39 AM,YABA,TILL-01,Tunde Bakare,+23480736015791,SKU1023,Ariel Detergent 900g,Household,1,1743,0,Transfer
RCPT-200641,TXN200641,2027-01-17,13:55:58,YABA,TILL-03,Chidinma Okafor,+23481486067398,SKU1029,Dano Milk Powder 400g,Dairy,3,2257,0,pos
RCPT-200182,TXN200182,2026-11-30,18:59:36,Ikeja,TILL-02,Blessing Nwosu,23490125205664,SKU1023,Ariel Detergent 900g,Household,1,"₦1,782.18",0,Card
RCPT-200496,TXN200496,2026-10-30,09:58:40,Yaba Branch,TILL-03,Chidinma Okafor,070720113798,SKU1029,Dano Milk Powder 400g,Dairy,1,"₦2,064.31",10,Transfer
RCPT-200924,TXN200924,2026-11-01,11:34:42,Ikeja,TILL-02,Fatima Bello,,SKU1013,Omo Detergent 900g,Household,2,1655,0,USSD
RCPT-200200,TXN200200,15/01/2027,13:14:11,MiniMart Express - Yaba,TILL-01,Aisha Mohammed,091384689500,SKU1020,Cerelac Infant Cereal 400g,Baby Products,4,3220,5,POS Card
RCPT-200574,TXN200574,2026-10-02,20:24:32,MiniMart Express - Surulere,TILL-01,Fatima Bello,080500168094,SKU1020,Cerelac Infant Cereal 400g,Baby Products,4,3546,10,USSD
RCPT-200019,TXN200019,2026-12-12,18:04:49,MiniMart Express - Ikeja,TILL-01,Chidinma Okafor,081309232719,SKU1001,INDOMIE NOODLES 70G,Grains & Staples,1,194,0,POS Card
RCPT-200610,TXN200610,16/12/2026,08:31:30,MiniMart Express - Ikeja,TILL-01,Fatima Bello,+23491562389949,SKU1030,Nasco Cornflakes 500g,Grains & Staples,1,,10,POS Card
RCPT-200133,TXN200133,2027-01-08,13:22:53,Surulere,TILL-02,Tunde Bakare,081027261493,SKU1023,Ariel Detergent 900g,Household,1,"₦1,800.52",0,Cash
RCPT-200353,TXN200353,2026-12-16,09:22:45,IKEJA,TILL-02,Aisha Mohammed,090768634234,SKU1003,Golden Morn 500g,Grains & Staples,1,1142,0,Bank Transfer
RCPT-200590,TXN200590,19-11-2026,14:50:48,MiniMart Express - Yaba,TILL-02,Segun Adeyemi,091227585485,SKU1014,Dettol Soap 65g,Personal Care,3,₦499.68,5,Card
RCPT-200224,TXN200224,12/01/2027,03:55 PM,MiniMart Express - Ikeja,TILL-03,Aisha Mohammed,080674266299,SKU1012,Kings Vegetable Oil 1L,Grains & Staples,1,2755,5,Transfer
RCPT-200458,TXN200458,03/01/2027,11:28 AM,MiniMart Express - Ikeja,TILL-03,Emeka Obi,081407333373,SKU1004,Dangote Sugar 1kg,grains & staples,2,999,5,ussd
RCPT-200259,TXN200259,10-11-2026,15:48:32,Surulere Branch,TILL-01,Emeka Obi,070521376037,SKU1028,Semovita 2kg,Grains & Staples,3,2409,0,Card
RCPT-200300,TXN200300,13-10-2026,12:00:10,Surulere,TILL-01,Blessing Nwosu,,SKU1027,Amstel Malta 33cl,Beverages,2,₦487.47,0,Card
RCPT-200669,TXN200669,12-10-2026,18:54:47,Surulere Branch,TILL-03,Emeka Obi,,SKU1025,Tom Tom Sweet (pack),Snacks,2,332,0,ATM Card
RCPT-200258,TXN200258,2026-11-08,16:14:31,Ikeja Branch,TILL-02,Tunde Bakare,+23480842891077,SKU1026,Chivita Juice 1L,Beverages,4,1388,5,cash
RCPT-200503,TXN200503,23-10-2026,09:29:24, Yaba,TILL-01,Aisha Mohammed,,SKU1018,Maltina 33cl,Beverages,2,382,0,Card
RCPT-200630,TXN200630,2026-11-04,09:00:11,Ikeja Branch,TILL-01,Chidinma Okafor,,SKU1023,Ariel Detergent 900g,Household,2,"₦1,731.52",10,ussd
RCPT-200853,TXN200853,13/12/2026,20:51:19, Yaba,TILL-02,Chidinma Okafor,,SKU1011,Honeywell Semolina 2kg,Grains & Staples,2,"₦3,019.09",5,pos
RCPT-200578,TXN200578,07-10-2026,12:53:06,MiniMart Express - Ikeja,TILL-03,Blessing Nwosu,+23490778221021,SKU1009,Cowbell Milk Powder 360g,Dairy,1,1992,0,Card
RCPT-200297,TXN200297,10/10/2026,12:24:35,YABA,TILL-01,Tunde Bakare,,SKU1018,Maltina 33cl,Beverages,2,361,10,pos
RCPT-200579,TXN200579,2026-12-14,04:15 PM,MiniMart Express - Surulere,TILL-03,Emeka Obi,23491560539707,SKU1026,Chivita Juice 1L,Beverages,5,1395,0,Transfer
RCPT-200022,TXN200022,2026-10-25,19:30:41,SURULERE,TILL-02,Chidinma Okafor,,SKU1003,Golden Morn 500g,Grains & Staples,4,1254,5,pos
RCPT-200809,TXN200809,2026-10-14,13:02:08,Yaba Branch,TILL-03,Blessing Nwosu,091640989103,SKU1013,Omo Detergent 900g,Household,4,"₦1,726.77",0,Card
RCPT-200631,TXN200631,07/01/2027,14:50:05,MiniMart Express - Surulere,TILL-03,Fatima Bello,+23490453198074,SKU1004,Dangote Sugar 1kg,Grains & Staples,-1,881,5,pos
RCPT-200355,TXN200355,06/12/2026,11:04:13,Yaba Branch,TILL-02,Emeka Obi,23481105053795,SKU1004,Dangote Sugar 1kg,Grains & Staples,3,₦833.16,5,cash
RCPT-200447,TXN200447,2026-12-17,20:09:14,Surulere Branch,TILL-03,Blessing Nwosu,23490491334245,SKU1016,Eva Water 75cl,Beverages,2,₦217.99,0,pos
RCPT-200454,TXN200454,27-01-2027,14:38:33,MiniMart Express - Ikeja,TILL-03,Ngozi Eze,,SKU1022,Knorr Chicken Cubes (pack),Grains & Staples,5,₦462.32,0,pos
RCPT-200231,TXN200231,04/01/2027,12:29:38, Yaba,TILL-03,Aisha Mohammed,23490646317520,SKU1018,Maltina 33cl,Beverages,1,₦371.92,10,ussd
RCPT-200435,TXN200435,10-11-2026,11:36:43, Yaba,TILL-01,Fatima Bello,070229258796,SKU1011,Honeywell Semolina 2kg,Grains & Staples,5,"₦3,176.63",10,pos
RCPT-200245,TXN200245,20/11/2026,05:16 PM,MiniMart Express - Ikeja,TILL-02,Emeka Obi,+23481108677133,SKU1007,Gala Sausage Roll,Snacks,1,249,0,ussd
RCPT-200896,TXN200896,05-10-2026,12:09:12,MiniMart Express - Ikeja,TILL-02,Aisha Mohammed,23491057771961,SKU1030,Nasco Cornflakes 500g,Grains & Staples,1,1614,0,Bank Transfer
RCPT-200184,TXN200184,16-11-2026,13:55:29,IKEJA,TILL-02,Ngozi Eze,23480965699988,SKU1030,Nasco Cornflakes 500g,Grains & Staples,5,,0,USSD
RCPT-200401,TXN200401,2026-10-19,14:49:14,MiniMart Express - Yaba,TILL-02,Blessing Nwosu,081521182379,SKU1012,Kings Vegetable Oil 1L,Grains & Staples,1,3108,0,Bank Transfer
RCPT-200215,TXN200215,2027-01-20,20:50:40,MiniMart Express - Yaba,TILL-01,Fatima Bello,,SKU1006,Bigi Cola 50cl,Beverages,2,314,0,Cash
RCPT-200007,TXN200007,15-01-2027,08:43:41,Ikeja Branch,TILL-01,Chidinma Okafor,081513338726,SKU1004,Dangote Sugar 1kg,Grains & Staples,3,1004,0,USSD
RCPT-200135,TXN200135,18/01/2027,19:47:59,IKEJA,TILL-01,Fatima Bello,091452288515,SKU1014,Dettol Soap 65g,Personal Care,2,489,0,Transfer
RCPT-200632,TXN200632,25/10/2026,10:00:23,Ikeja Branch,TILL-02,Tunde Bakare,090967150066,SKU1007,GALA SAUSAGE ROLL,snacks,1,₦282.26,0,cash
RCPT-200426,TXN200426,20-01-2027,09:38:36,YABA,TILL-01,Tunde Bakare,+23491297150968,SKU1021,Bournvita 500g,Beverages,2,"₦2,908.52",10,ATM Card
RCPT-200406,TXN200406,2026-12-01,11:05:59,Surulere,TILL-01,Emeka Obi,,SKU1026,Chivita Juice 1L,Beverages,5,1370,0,Transfer
RCPT-200531,TXN200531,23/11/2026,14:26:07,Surulere Branch,TILL-03,Segun Adeyemi,080370526351,SKU1010,Mama Gold Rice 5kg,Grains & Staples,3,6659,0,pos
RCPT-200015,TXN200015,10-01-2027,18:40:39,SURULERE,TILL-01,Segun Adeyemi,+23490320037917,SKU1017,La Casera 50cl,Beverages,1,₦349.97,10,Cash
RCPT-200774,TXN200774,03-11-2026,14:10:35, Yaba,TILL-01,Tunde Bakare,,SKU1030,Nasco Cornflakes 500g,Grains & Staples,3,1705,0,POS Card
RCPT-200148,TXN200148,2026-10-09,10:11:10,SURULERE,TILL-03,Blessing Nwosu,090651777392,SKU1015,CLOSE UP TOOTHPASTE 140ML,Personal Care,1,₦951.65,5,Card
RCPT-200827,TXN200827,27/01/2027,08:46:04,MiniMart Express - Surulere,TILL-01,Ngozi Eze,,SKU1001,INDOMIE NOODLES 70G,Grains & Staples,2,₦159.54,10,Transfer
RCPT-200584,TXN200584,01/11/2026,18:11:43,Yaba Branch,TILL-01,Tunde Bakare,,SKU1026,Chivita Juice 1L,beverages,3,1485,0,ussd
RCPT-200474,TXN200474,2026-11-10,02:09 PM,Surulere,TILL-03,Aisha Mohammed,091960335826,SKU1029,Dano Milk Powder 400g,dairy,4,"₦2,292.07",10,ussd
RCPT-200826,TXN200826,2026-11-11,10:11:57,Yaba Branch,TILL-02,Segun Adeyemi,,SKU1012,Kings Vegetable Oil 1L,Grains & Staples,4,2523,0,ATM Card
RCPT-200929,TXN200929,13-11-2026,17:24:37, Yaba,TILL-02,Chidinma Okafor,+23491883004837,SKU1016,Eva Water 75cl,Beverages,2,₦183.94,0,Card
RCPT-200625,TXN200625,2026-12-28,09:07:08,Surulere,TILL-01,Aisha Mohammed,23481897917763,SKU1010,Mama Gold Rice 5kg,Grains & Staples,3,"₦6,125.80",5,USSD
RCPT-200758,TXN200758,17/01/2027,19:32:53,MiniMart Express - Yaba,TILL-01,Ngozi Eze,+23470048869320,SKU1023,Ariel Detergent 900g,Household,1,1722,5,Card
RCPT-200076,TXN200076,03/01/2027,13:05:34,SURULERE,TILL-01,Chidinma Okafor,+23481990139837,SKU1013,Omo Detergent 900g,Household,2,,0,cash
RCPT-200362,TXN200362,2027-01-14,12:12:25, Yaba,TILL-02,Aisha Mohammed,070103131009,SKU1004,Dangote Sugar 1kg,Grains & Staples,4,967,0,cash
RCPT-200842,TXN200842,2026-11-21,18:31:17,Surulere Branch,TILL-03,Blessing Nwosu,23490705022181,SKU1012,KINGS VEGETABLE OIL 1L,Grains & Staples,3,"₦3,218.90",0,POS Card
RCPT-200587,TXN200587,31-12-2026,13:01:39,Yaba Branch,TILL-02,Segun Adeyemi,+23480303491891,SKU1021,Bournvita 500g,Beverages,2,"₦2,881.47",0,POS Card
RCPT-200525,TXN200525,2027-01-06,12:46:30,MiniMart Express - Ikeja,TILL-01,Aisha Mohammed,23470271175957,SKU1018,Maltina 33cl,Beverages,85,₦423.15,0,ussd
RCPT-200453,TXN200453,08-10-2026,09:05:46,MiniMart Express - Surulere,TILL-03,Tunde Bakare,070766014448,SKU1014,Dettol Soap 65g,Personal Care,5,416,0,ussd
RCPT-200263,TXN200263,17-11-2026,11:06:20, Yaba,TILL-01,Tunde Bakare,081266110627,SKU1010,Mama Gold Rice 5kg,Grains & Staples,1,"₦6,693.29",0,ussd
RCPT-200347,TXN200347,25-10-2026,16:06:40,Ikeja Branch,TILL-03,Chidinma Okafor,080633786137,SKU1020,Cerelac Infant Cereal 400g,Baby Products,1,3714,0,Cash
RCPT-200170,TXN200170,16-10-2026,15:35:18,MiniMart Express - Surulere,TILL-02,Fatima Bello,091855749821,SKU1012,Kings Vegetable Oil 1L,Grains & Staples,2,2521,0,Card
RCPT-200023,TXN200023,2027-01-08,07:12 PM,Surulere,TILL-03,Emeka Obi,,SKU1012,Kings Vegetable Oil 1L,Grains & Staples,2,3052,0,ATM Card
RCPT-200416,TXN200416,2027-01-23,20:58:06,SURULERE,TILL-02,Emeka Obi,091546968157,SKU1030,Nasco Cornflakes 500g,Grains & Staples,4,1585,0,ussd
RCPT-200368,TXN200368,21/11/2026,16:11:24,YABA,TILL-02,Blessing Nwosu,,SKU1010,Mama Gold Rice 5kg,Grains & Staples,2,7008,0,Bank Transfer
RCPT-200734,TXN200734,09/11/2026,08:32 AM,Ikeja,TILL-03,Ngozi Eze,+23481622021237,SKU1008,Milo 400g,Beverages,2,"₦2,725.85",0,Cash
RCPT-200542,TXN200542,2026-10-16,15:51:23,Ikeja Branch,TILL-01,Segun Adeyemi,,SKU1004,Dangote Sugar 1kg,Grains & Staples,1,₦885.16,5,cash
RCPT-200797,TXN200797,2026-11-29,12:19:03,Surulere Branch,TILL-03,Aisha Mohammed,081291430491,SKU1005,COCA COLA 50CL,Beverages,85,363,5,Bank Transfer
RCPT-200152,TXN200152,18/01/2027,17:23:39,Yaba Branch,TILL-03,Ngozi Eze,+23470688725887,SKU1005,Coca Cola 50cl,Beverages,2,346,0,ATM Card
RCPT-200046,TXN200046,03/01/2027,15:40:19,Surulere,TILL-03,Chidinma Okafor,23480147700541,SKU1028,Semovita 2kg,Grains & Staples,3,2635,0,ussd
RCPT-200180,TXN200180,16-10-2026,16:05:11,MiniMart Express - Yaba,TILL-02,Chidinma Okafor,,SKU1008,Milo 400g,Beverages,1,"₦2,715.24",10,pos
RCPT-200947,TXN200947,26/11/2026,09:19:02,MiniMart Express - Surulere,TILL-02,Chidinma Okafor,23480385762648,SKU1003,Golden Morn 500g,Grains & Staples,1,1252,0,USSD
RCPT-200490,TXN200490,11-12-2026,20:36:02,YABA,TILL-01,Emeka Obi,070122182315,SKU1011,Honeywell Semolina 2kg,Grains & Staples,1,3316,10,Transfer
RCPT-200063,TXN200063,2026-12-02,10:45:21, Yaba,TILL-03,Aisha Mohammed,,SKU1025,Tom Tom Sweet (pack),Snacks,4,₦293.89,5,POS Card
RCPT-200504,TXN200504,19/10/2026,20:59:34,MiniMart Express - Surulere,TILL-01,Segun Adeyemi,070872742049,SKU1003,Golden Morn 500g,Grains & Staples,5,"₦1,224.64",0,Card
RCPT-200905,TXN200905,05-01-2027,16:34:51,Yaba Branch,TILL-02,Fatima Bello,091850162762,SKU1017,La Casera 50cl,Beverages,4,₦375.47,10,ATM Card
RCPT-200693,TXN200693,19-11-2026,11:45:54,Surulere Branch,TILL-03,Blessing Nwosu,,SKU1008,Milo 400g,Beverages,1,2298,5,cash
RCPT-200413,TXN200413,15/12/2026,08:59:07,Surulere,TILL-03,Emeka Obi,23480795596905,SKU1003,Golden Morn 500g,grains & staples,2,1180,0,Card
RCPT-200715,TXN200715,20-11-2026,18:54:40,Ikeja Branch,TILL-01,Segun Adeyemi,+23470397170598,SKU1015,Close Up Toothpaste 140ml,Personal Care,5,870,0,Bank Transfer
RCPT-200066,TXN200066,2026-11-23,19:45:31, Yaba,TILL-02,Segun Adeyemi,080986652404,SKU1008,Milo 400g,Beverages,2,2376,5,POS Card
RCPT-200377,TXN200377,18/11/2026,08:14:52,Surulere,TILL-02,Ngozi Eze,091124189389,SKU1004,Dangote Sugar 1kg,Grains & Staples,2,941,0,Cash
RCPT-200665,TXN200665,17-11-2026,08:02:01,Yaba Branch,TILL-02,Emeka Obi,091142573160,SKU1001,INDOMIE NOODLES 70G,Grains & Staples,3,192,5,cash
RCPT-200737,TXN200737,2026-11-03,16:56:05,Yaba Branch,TILL-03,Tunde Bakare,080582942034,SKU1029,Dano Milk Powder 400g,Dairy,2,2206,0,ussd
RCPT-200174,TXN200174,18-01-2027,12:23:28,Surulere,TILL-02,Chidinma Okafor,+23481490824043,SKU1020,CERELAC INFANT CEREAL 400G,Baby Products,2,3391,5,ussd
RCPT-200287,TXN200287,12-12-2026,08:10:20,IKEJA,TILL-02,Ngozi Eze,,SKU1010,Mama Gold Rice 5kg,Grains & Staples,1,5962,0,Card
RCPT-200787,TXN200787,2026-11-25,20:51:14,Yaba Branch,TILL-02,Chidinma Okafor,23481494269420,SKU1018,Maltina 33cl,Beverages,3,₦457.25,0,pos
RCPT-200802,TXN200802,2027-01-21,19:35:54,Yaba Branch,TILL-02,Blessing Nwosu,+23481328951456,SKU1025,TOM TOM SWEET (PACK),Snacks,1,₦296.55,0,USSD
RCPT-200567,TXN200567,2026-10-25,14:09:43,SURULERE,TILL-02,Fatima Bello,,SKU1012,Kings Vegetable Oil 1L,Grains & Staples,1,2769,5,USSD
RCPT-200769,TXN200769,2026-12-26,17:08:11,Surulere Branch,TILL-01,Fatima Bello,,SKU1019,Titus Sardine 125g,Canned Foods,5,604,0,pos
RCPT-200510,TXN200510,2026-12-19,13:19:12,YABA,TILL-03,Ngozi Eze,091963924358,SKU1011,Honeywell Semolina 2kg,Grains & Staples,3,3460,10,ATM Card
RCPT-200331,TXN200331,27/10/2026,10:00:58,Ikeja Branch,TILL-01,Ngozi Eze,+23480543617213,SKU1004,Dangote Sugar 1kg,grains & staples,1,891,0,Cash
RCPT-200547,TXN200547,09-11-2026,16:51:19,Ikeja,TILL-01,Blessing Nwosu,23481134438998,SKU1024,"Pampers Diapers (pack, medium)",baby products,2,4713,5,Transfer
RCPT-200016,TXN200016,2026-10-08,15:08:51,YABA,TILL-03,Tunde Bakare,+23470798687277,SKU1006,Bigi Cola 50cl,Beverages,5,₦306.34,0,cash
RCPT-200075,TXN200075,19-11-2026,10:40:43,SURULERE,TILL-02,Chidinma Okafor,091685662462,SKU1014,Dettol Soap 65g,Personal Care,1,496,5,Transfer
RCPT-200675,TXN200675,2026-12-01,14:35:29,MiniMart Express - Yaba,TILL-02,Ngozi Eze,+23490497974163,SKU1026,Chivita Juice 1L,Beverages,85,"₦1,473.98",0,pos
RCPT-200104,TXN200104,08-01-2027,14:44:57,Yaba Branch,TILL-03,Blessing Nwosu,081826199062,SKU1005,Coca Cola 50cl,Beverages,1,₦409.95,0,POS Card
RCPT-200361,TXN200361,06/11/2026,08:30:42,Yaba Branch,TILL-02,Segun Adeyemi,,SKU1024,"Pampers Diapers (pack, medium)",Baby Products,1,4796,0,Cash
RCPT-200944,TXN200944,09/12/2026,19:46:39,YABA,TILL-03,Ngozi Eze,080667989947,SKU1018,Maltina 33cl,Beverages,5,362,0,ussd
RCPT-200234,TXN200234,22/01/2027,19:10:31,MiniMart Express - Yaba,TILL-02,Ngozi Eze,23481197889778,SKU1015,Close Up Toothpaste 140ml,Personal Care,1,₦948.81,0,pos
RCPT-200840,TXN200840,2027-01-08,16:25:35,MiniMart Express - Yaba,TILL-01,Chidinma Okafor,,SKU1023,Ariel Detergent 900g,Household,1,"₦2,044.98",0,ATM Card
RCPT-200775,TXN200775,2027-01-21,09:54:10,MiniMart Express - Ikeja,TILL-01,Segun Adeyemi,,SKU1007,Gala Sausage Roll,Snacks,2,,0,ussd
RCPT-200068,TXN200068,08-12-2026,19:46:54, Yaba,TILL-01,Ngozi Eze,23491206724004,SKU1021,Bournvita 500g,Beverages,1,2757,0,USSD
RCPT-200543,TXN200543,27-10-2026,04:15 PM,YABA,TILL-03,Segun Adeyemi,+23481378306396,SKU1024,"Pampers Diapers (pack, medium)",Baby Products,1,4814,0,ATM Card
RCPT-200626,TXN200626,01-01-2027,16:03:51,SURULERE,TILL-03,Ngozi Eze,23491045306935,SKU1027,Amstel Malta 33cl,Beverages,5,500,0,Cash
RCPT-200253,TXN200253,2026-12-17,04:27 PM,MiniMart Express - Ikeja,TILL-03,Segun Adeyemi,080918017226,SKU1010,Mama Gold Rice 5kg,Grains & Staples,1,6589,5,POS Card
RCPT-200181,TXN200181,21/12/2026,14:56:52,Surulere,TILL-03,Segun Adeyemi,23481562168936,SKU1008,Milo 400g,Beverages,2,"₦2,530.73",10,Card
RCPT-200507,TXN200507,05/10/2026,11:55:30,Ikeja,TILL-01,Aisha Mohammed,091312688122,SKU1019,Titus Sardine 125g,Canned Foods,2,₦550.89,10,Transfer
RCPT-200485,TXN200485,2026-11-28,15:42:03,MiniMart Express - Ikeja,TILL-01,Blessing Nwosu,090794238736,SKU1020,Cerelac Infant Cereal 400g,Baby Products,4,3749,0,ussd
RCPT-200480,TXN200480,02-10-2026,10:12:58,MiniMart Express - Ikeja,TILL-01,Emeka Obi,,SKU1021,Bournvita 500g,beverages,1,"₦2,491.50",0,Transfer
RCPT-200195,TXN200195,10/10/2026,11:45:48,MiniMart Express - Yaba,TILL-03,Blessing Nwosu,090792171747,SKU1006,Bigi Cola 50cl,Beverages,5,₦338.46,10,pos
RCPT-200508,TXN200508,11/12/2026,08:12:42,Ikeja,TILL-02,Ngozi Eze,091327986239,SKU1014,Dettol Soap 65g,Personal Care,4,,0,USSD
RCPT-200925,TXN200925,19-10-2026,18:43:05,MiniMart Express - Surulere,TILL-03,Aisha Mohammed,090690789476,SKU1008,MILO 400G,Beverages,1,"₦2,686.72",0,Bank Transfer
RCPT-200799,TXN200799,31-10-2026,20:34:58,Surulere,TILL-01,Tunde Bakare,090201753079,SKU1018,Maltina 33cl,Beverages,4,408,10,POS Card
RCPT-200650,TXN200650,2027-01-13,11:53:15,YABA,TILL-01,Chidinma Okafor,+23490275582147,SKU1003,Golden Morn 500g,Grains & Staples,4,1114,0,ATM Card
RCPT-200860,TXN200860,31/10/2026,09:10:22,YABA,TILL-03,Chidinma Okafor,,SKU1007,Gala Sausage Roll,Snacks,1,₦270.71,0,ATM Card
RCPT-200236,TXN200236,13-01-2027,02:20 PM,Yaba Branch,TILL-02,Blessing Nwosu,090357852945,SKU1023,Ariel Detergent 900g,Household,1,"₦2,113.91",0,Cash
RCPT-200644,TXN200644,2026-11-02,10:55:26,MiniMart Express - Ikeja,TILL-03,Chidinma Okafor,,SKU1029,Dano Milk Powder 400g,Dairy,3,2081,10,ussd
RCPT-200012,TXN200012,2026-10-26,14:01:11,MiniMart Express - Yaba,TILL-02,Ngozi Eze,090342160733,SKU1020,Cerelac Infant Cereal 400g,Baby Products,2,"₦3,727.53",0,cash
RCPT-200768,TXN200768,11-12-2026,14:20:58,Yaba Branch,TILL-03,Emeka Obi,23470123763177,SKU1006,Bigi Cola 50cl,beverages,1,,0,ussd
RCPT-200856,TXN200856,21/01/2027,18:44:59,SURULERE,TILL-01,Fatima Bello,080346858639,SKU1010,Mama Gold Rice 5kg,Grains & Staples,5,6769,0,ussd
RCPT-200696,TXN200696,25/01/2027,17:39:38,Surulere Branch,TILL-02,Blessing Nwosu,090831800366,SKU1003,Golden Morn 500g,Grains & Staples,5,,0,pos
RCPT-200278,TXN200278,22/12/2026,19:44:29,IKEJA,TILL-02,Tunde Bakare,23481652170730,SKU1021,Bournvita 500g,Beverages,1,2839,10,Transfer
RCPT-200199,TXN200199,23/10/2026,14:24:27,Yaba Branch,TILL-03,Emeka Obi,080386562422,SKU1008,MILO 400G,Beverages,4,2523,0,Card
RCPT-200032,TXN200032,22/01/2027,11:47:05,MiniMart Express - Yaba,TILL-01,Blessing Nwosu,081400504556,SKU1028,Semovita 2kg,Grains & Staples,1,2265,0,ussd
RCPT-200150,TXN200150,2027-01-20,10:30:57,YABA,TILL-01,Blessing Nwosu,,SKU1004,Dangote Sugar 1kg,Grains & Staples,-2,810,10,Transfer
RCPT-200814,TXN200814,24/10/2026,19:25:37,Surulere Branch,TILL-02,Ngozi Eze,23490833597487,SKU1025,TOM TOM SWEET (PACK),Snacks,4,,0,ATM Card
RCPT-200391,TXN200391,01-01-2027,17:23:43,SURULERE,TILL-02,Tunde Bakare,23491894134750,SKU1024,"Pampers Diapers (pack, medium)",Baby Products,1,"₦4,662.31",0,Card
RCPT-200653,TXN200653,2026-12-05,19:48:30, Yaba,TILL-01,Emeka Obi,080948232204,SKU1028,Semovita 2kg,Grains & Staples,1,2239,5,cash
RCPT-200801,TXN200801,2026-12-15,11:19:46,Surulere Branch,TILL-02,Segun Adeyemi,23490748904760,SKU1019,Titus Sardine 125g,Canned Foods,5,₦587.28,0,Bank Transfer
RCPT-200657,TXN200657,2026-12-25,14:14:44, Yaba,TILL-01,Blessing Nwosu,080655049444,SKU1027,Amstel Malta 33cl,Beverages,4,₦473.02,0,ussd
RCPT-200512,TXN200512,2026-11-14,12:03:27,MiniMart Express - Yaba,TILL-02,Blessing Nwosu,080651221500,SKU1015,Close Up Toothpaste 140ml,Personal Care,2,1018,0,Cash
RCPT-200594,TXN200594,05-12-2026,08:20:09,Surulere,TILL-03,Aisha Mohammed,090831608271,SKU1018,Maltina 33cl,Beverages,5,₦431.72,5,ussd
RCPT-200156,TXN200156,08/10/2026,14:22:33,Yaba Branch,TILL-03,Segun Adeyemi,+23481165182755,SKU1013,Omo Detergent 900g,Household,2,2029,0,ATM Card
RCPT-200129,TXN200129,2026-10-02,10:55:02,YABA,TILL-02,Tunde Bakare,091110022557,SKU1015,Close Up Toothpaste 140ml,Personal Care,2,836,0,POS Card
RCPT-200516,TXN200516,01/01/2027,17:22:23,IKEJA,TILL-02,Ngozi Eze,090616453454,SKU1021,Bournvita 500g,Beverages,5,"₦2,685.11",0,Transfer
RCPT-200428,TXN200428,13-10-2026,20:02:23,Surulere Branch,TILL-03,Aisha Mohammed,070112491256,SKU1015,Close Up Toothpaste 140ml,Personal Care,1,884,0,Bank Transfer
RCPT-200557,TXN200557,2026-12-09,09:34 AM,Yaba Branch,TILL-03,Aisha Mohammed,090812248905,SKU1026,Chivita Juice 1L,Beverages,2,,0,Cash
RCPT-200415,TXN200415,2026-11-10,20:22:29,SURULERE,TILL-02,Chidinma Okafor,23480324412336,SKU1005,Coca Cola 50cl,Beverages,1,₦333.46,0,Bank Transfer
RCPT-200127,TXN200127,04/10/2026,15:24:07,Surulere Branch,TILL-02,Emeka Obi,+23490046184992,SKU1022,Knorr Chicken Cubes (pack),Grains & Staples,1,₦464.25,0,ussd
RCPT-200138,TXN200138,06-11-2026,04:07 PM,SURULERE,TILL-02,Segun Adeyemi,,SKU1010,Mama Gold Rice 5kg,Grains & Staples,1,"₦7,003.25",0,pos
RCPT-200257,TXN200257,22-01-2027,19:23:50,Ikeja,TILL-01,Fatima Bello,+23490172232971,SKU1024,"Pampers Diapers (pack, medium)",Baby Products,4,"₦5,519.11",0,pos
RCPT-200164,TXN200164,21-01-2027,12:58:22,IKEJA,TILL-01,Blessing Nwosu,070564240082,SKU1019,Titus Sardine 125g,Canned Foods,4,₦653.32,0,POS Card
RCPT-200136,TXN200136,07/10/2026,20:50:10,Surulere Branch,TILL-03,Segun Adeyemi,,SKU1001,INDOMIE NOODLES 70G,Grains & Staples,1,₦176.00,0,cash
RCPT-200583,TXN200583,07-12-2026,08:42 PM,IKEJA,TILL-03,Aisha Mohammed,091191779876,SKU1029,Dano Milk Powder 400g,Dairy,5,"₦2,375.20",0,pos
RCPT-200711,TXN200711,04-10-2026,11:26:05,YABA,TILL-01,Fatima Bello,+23481892608788,SKU1016,Eva Water 75cl,Beverages,1,₦207.17,0,USSD
RCPT-200815,TXN200815,04-01-2027,10:10:01,Yaba Branch,TILL-02,Aisha Mohammed,070329732396,SKU1018,Maltina 33cl,Beverages,1,₦384.01,0,Bank Transfer
RCPT-200390,TXN200390,04/01/2027,13:37:38, Yaba,TILL-03,Chidinma Okafor,,SKU1005,Coca Cola 50cl,Beverages,2,391,0,POS Card
RCPT-200392,TXN200392,2026-10-10,09:18:17,SURULERE,TILL-01,Emeka Obi,+23491491342138,SKU1014,DETTOL SOAP 65G,Personal Care,3,466,0,Bank Transfer
RCPT-200108,TXN200108,2027-01-06,01:38 PM,MiniMart Express - Surulere,TILL-02,Chidinma Okafor,23470785932133,SKU1012,Kings Vegetable Oil 1L,Grains & Staples,3,3183,0,pos
RCPT-200948,TXN200948,2026-10-24,08:49:05,MiniMart Express - Surulere,TILL-01,Aisha Mohammed,070695193048,SKU1007,Gala Sausage Roll,Snacks,3,258,0,ATM Card
RCPT-200940,TXN200940,2027-01-11,06:40 PM,Ikeja,TILL-01,Ngozi Eze,23491103565942,SKU1010,Mama Gold Rice 5kg,Grains & Staples,1,6630,0,ussd
RCPT-200663,TXN200663,24-10-2026,15:05:58, Yaba,TILL-02,Tunde Bakare,,SKU1030,Nasco Cornflakes 500g,Grains & Staples,1,1799,5,Bank Transfer
RCPT-200702,TXN200702,03-12-2026,11:51:38,Surulere,TILL-02,Blessing Nwosu,091347853698,SKU1022,Knorr Chicken Cubes (pack),Grains & Staples,2,₦483.15,5,Card
RCPT-200841,TXN200841,12-11-2026,19:16:34,Ikeja,TILL-02,Ngozi Eze,,SKU1003,Golden Morn 500g,Grains & Staples,3,1195,0,Transfer
RCPT-200427,TXN200427,2026-12-15,18:38:28,Ikeja,TILL-01,Aisha Mohammed,+23490195237100,SKU1003,Golden Morn 500g,Grains & Staples,2,"₦1,205.13",10,USSD
RCPT-200792,TXN200792,13-01-2027,18:11:41,Ikeja,TILL-03,Aisha Mohammed,23490120424253,SKU1009,Cowbell Milk Powder 360g,Dairy,3,"₦2,006.99",0,Card
RCPT-200157,TXN200157,2026-11-12,20:06:07,YABA,TILL-03,Aisha Mohammed,090807595794,SKU1008,Milo 400g,Beverages,2,"₦2,718.86",5,Transfer
RCPT-200350,TXN200350,23-10-2026,09:36 AM,MiniMart Express - Ikeja,TILL-03,Emeka Obi,23470523343836,SKU1001,INDOMIE NOODLES 70G,Grains & Staples,1,180,0,cash
RCPT-200679,TXN200679,25-12-2026,15:08:03,IKEJA,TILL-01,Aisha Mohammed,070754853465,SKU1006,Bigi Cola 50cl,Beverages,1,₦288.33,0,ussd
RCPT-200731,TXN200731,2026-12-01,18:11:26,MiniMart Express - Yaba,TILL-02,Tunde Bakare,,SKU1026,Chivita Juice 1L,Beverages,1,1525,10,USSD
RCPT-200684,TXN200684,05/11/2026,14:36:06,IKEJA,TILL-01,Fatima Bello,,SKU1017,La Casera 50cl,Beverages,85,₦379.23,0,Bank Transfer
RCPT-200101,TXN200101,05-11-2026,20:55:17, Yaba,TILL-01,Chidinma Okafor,091648149177,SKU1017,La Casera 50cl,Beverages,2,₦337.32,5,cash
RCPT-200189,TXN200189,23-11-2026,20:45:18,SURULERE,TILL-02,Segun Adeyemi,+23481952997877,SKU1020,Cerelac Infant Cereal 400g,Baby Products,1,3253,0,ATM Card
RCPT-200123,TXN200123,29/10/2026,13:16:37,Ikeja,TILL-01,Aisha Mohammed,,SKU1008,Milo 400g,Beverages,2,"₦2,545.14",0,Transfer
RCPT-200570,TXN200570,17/01/2027,10:34:50,Surulere,TILL-02,Fatima Bello,,SKU1027,Amstel Malta 33cl,Beverages,5,505,0,Card
RCPT-200334,TXN200334,08/11/2026,08:13 AM,Yaba Branch,TILL-03,Aisha Mohammed,090105524728,SKU1019,Titus Sardine 125g,canned foods,2,684,0,Cash
RCPT-200313,TXN200313,2027-01-15,17:31:44,Surulere Branch,TILL-02,Fatima Bello,091030324329,SKU1008,Milo 400g,Beverages,2,"₦2,296.47",0,Card
RCPT-200244,TXN200244,22-01-2027,13:51:18,MiniMart Express - Yaba,TILL-02,Tunde Bakare,,SKU1016,Eva Water 75cl,Beverages,1,191,5,ussd
RCPT-200443,TXN200443,2026-11-01,14:51:26,Ikeja,TILL-01,Tunde Bakare,23470416431670,SKU1016,Eva Water 75cl,beverages,1,₦188.87,5,Card
RCPT-200832,TXN200832,2026-11-15,19:00:24,MiniMart Express - Yaba,TILL-03,Fatima Bello,+23470151817882,SKU1027,Amstel Malta 33cl,Beverages,2,468,5,ussd
RCPT-200468,TXN200468,05-11-2026,11:39:42,YABA,TILL-02,Segun Adeyemi,23470460666437,SKU1012,Kings Vegetable Oil 1L,Grains & Staples,4,2834,0,cash
RCPT-200328,TXN200328,28-11-2026,09:46:47,Surulere,TILL-03,Segun Adeyemi,090983735439,SKU1006,Bigi Cola 50cl,Beverages,1,₦337.66,0,Bank Transfer
RCPT-200321,TXN200321,07/10/2026,18:17:07,MiniMart Express - Ikeja,TILL-03,Aisha Mohammed,081256862110,SKU1014,Dettol Soap 65g,Personal Care,1,₦481.31,5,Cash
RCPT-200655,TXN200655,26-01-2027,11:59:53,MiniMart Express - Yaba,TILL-02,Tunde Bakare,091919832102,SKU1007,Gala Sausage Roll,Snacks,-1,₦229.63,5,Cash
RCPT-200563,TXN200563,2026-10-20,11:37:05,MiniMart Express - Ikeja,TILL-01,Aisha Mohammed,091653060119,SKU1017,La Casera 50cl,Beverages,1,399,5,USSD
RCPT-200649,TXN200649,21/12/2026,18:02:22,Yaba Branch,TILL-03,Ngozi Eze,23481302116673,SKU1003,GOLDEN MORN 500G,Grains & Staples,-1,1373,0,ussd
RCPT-200418,TXN200418,22/11/2026,14:49:03,MiniMart Express - Surulere,TILL-02,Blessing Nwosu,23490785758512,SKU1022,Knorr Chicken Cubes (pack),Grains & Staples,5,492,5,POS Card
RCPT-200049,TXN200049,2026-12-05,10:53:44,Ikeja Branch,TILL-01,Aisha Mohammed,,SKU1022,Knorr Chicken Cubes (pack),Grains & Staples,1,526,0,ATM Card
RCPT-200103,TXN200103,10-12-2026,17:15:29,MiniMart Express - Ikeja,TILL-02,Fatima Bello,+23480832060385,SKU1001,INDOMIE NOODLES 70G,Grains & Staples,2,₦183.91,5,ATM Card
RCPT-200597,TXN200597,30/10/2026,19:07:13,Ikeja Branch,TILL-02,Emeka Obi,23490883220125,SKU1011,Honeywell Semolina 2kg,grains & staples,5,"₦2,910.13",5,Bank Transfer
RCPT-200627,TXN200627,10-10-2026,09:53:27,Surulere Branch,TILL-01,Segun Adeyemi,080544608385,SKU1023,Ariel Detergent 900g,Household,5,1761,10,pos
RCPT-200452,TXN200452,05-11-2026,12:48 PM,Yaba Branch,TILL-01,Segun Adeyemi,081973741897,SKU1024,"Pampers Diapers (pack, medium)",Baby Products,1,4647,0,POS Card
RCPT-200461,TXN200461,23-01-2027,12:21:14,YABA,TILL-03,Ngozi Eze,,SKU1013,Omo Detergent 900g,Household,5,1623,10,pos
RCPT-200011,TXN200011,2026-12-11,18:16:10,Ikeja Branch,TILL-03,Ngozi Eze,090112805982,SKU1021,Bournvita 500g,Beverages,2,2899,0,ATM Card
RCPT-200304,TXN200304,31/01/2027,18:54:44,MiniMart Express - Ikeja,TILL-03,Ngozi Eze,+23470328980271,SKU1013,Omo Detergent 900g,Household,1,2023,0,USSD
RCPT-200910,TXN200910,31-01-2027,17:23:57,Surulere Branch,TILL-02,Segun Adeyemi,,SKU1026,Chivita Juice 1L,Beverages,2,"₦1,485.71",0,ATM Card
RCPT-200917,TXN200917,2027-01-17,16:50:41,Yaba Branch,TILL-01,Chidinma Okafor,+23481069319630,SKU1006,Bigi Cola 50cl,Beverages,1,₦307.06,0,Cash
RCPT-200195,TXN200195,10/10/2026,11:45:48,MiniMart Express - Yaba,TILL-03,Blessing Nwosu,090792171747,SKU1006,Bigi Cola 50cl,Beverages,5,₦338.46,10,pos
RCPT-200040,TXN200040,20/11/2026,09:50 AM, Yaba,TILL-03,Fatima Bello,23470365766156,SKU1013,Omo Detergent 900g,Household,2,1650,0,Transfer
RCPT-200229,TXN200229,17-10-2026,08:30:07,MiniMart Express - Yaba,TILL-01,Blessing Nwosu,080011939325,SKU1002,Peak Milk Evaporated 170g,Dairy,1,₦345.44,5,ussd
RCPT-200329,TXN200329,01/11/2026,10:56:11,IKEJA,TILL-03,Fatima Bello,,SKU1019,TITUS SARDINE 125G,Canned Foods,1,₦685.56,5,Card
RCPT-200608,TXN200608,2027-01-17,10:44:54,MiniMart Express - Yaba,TILL-01,Chidinma Okafor,080666145901,SKU1027,Amstel Malta 33cl,Beverages,3,₦433.39,10,POS Card
RCPT-200056,TXN200056,12/12/2026,08:04 PM,Yaba Branch,TILL-02,Ngozi Eze,080431027868,SKU1020,Cerelac Infant Cereal 400g,Baby Products,5,3400,0,ATM Card
RCPT-200628,TXN200628,24/11/2026,20:39:36,Surulere Branch,TILL-03,Emeka Obi,+23470904579271,SKU1005,Coca Cola 50cl,Beverages,2,408,5,USSD
RCPT-200372,TXN200372,27-01-2027,18:15:10,Surulere Branch,TILL-03,Fatima Bello,080441975466,SKU1014,Dettol Soap 65g,Personal Care,1,₦418.51,5,POS Card
RCPT-200365,TXN200365,2027-01-14,18:09:22,Ikeja,TILL-01,Ngozi Eze,+23470136148782,SKU1022,Knorr Chicken Cubes (pack),Grains & Staples,1,₦568.16,0,Cash
RCPT-200341,TXN200341,28-10-2026,18:08:28,MiniMart Express - Surulere,TILL-03,Tunde Bakare,080687409038,SKU1002,Peak Milk Evaporated 170g,Dairy,2,₦389.71,0,cash
RCPT-200086,TXN200086,10-11-2026,09:52:54,Surulere Branch,TILL-02,Aisha Mohammed,,SKU1024,"Pampers Diapers (pack, medium)",Baby Products,2,"₦4,827.75",0,ussd
RCPT-200256,TXN200256,02-12-2026,08:27:36,MiniMart Express - Ikeja,TILL-01,Segun Adeyemi,081671795760,SKU1013,Omo Detergent 900g,Household,5,1719,0,ussd
RCPT-200202,TXN200202,10-12-2026,17:01:18,MiniMart Express - Ikeja,TILL-01,Blessing Nwosu,091442944401,SKU1019,Titus Sardine 125g,Canned Foods,1,₦661.18,10,ATM Card
RCPT-200742,TXN200742,10/12/2026,10:16:15,Ikeja Branch,TILL-02,Blessing Nwosu,090682251272,SKU1012,KINGS VEGETABLE OIL 1L,Grains & Staples,2,3086,10,Transfer
RCPT-200824,TXN200824,19/10/2026,11:56:43,Surulere,TILL-01,Aisha Mohammed,,SKU1017,La Casera 50cl,Beverages,5,320,0,cash
RCPT-200611,TXN200611,27-11-2026,10:06:05,YABA,TILL-01,Chidinma Okafor,23491418135998,SKU1001,INDOMIE NOODLES 70G,Grains & Staples,1,₦191.14,0,Cash
RCPT-200090,TXN200090,2027-01-26,17:06:51,Yaba Branch,TILL-01,Tunde Bakare,23490714785969,SKU1023,Ariel Detergent 900g,Household,2,2097,0,ussd
RCPT-200691,TXN200691,21-12-2026,11:10:56,MiniMart Express - Ikeja,TILL-02,Ngozi Eze,081277752259,SKU1016,EVA WATER 75CL,Beverages,1,187,0,pos
RCPT-200303,TXN200303,20-10-2026,18:55:30,Surulere,TILL-03,Fatima Bello,,SKU1023,Ariel Detergent 900g,Household,2,2011,10,pos
RCPT-200198,TXN200198,2026-11-15,11:43:56,SURULERE,TILL-03,Segun Adeyemi,070651909862,SKU1015,Close Up Toothpaste 140ml,Personal Care,4,,5,pos
RCPT-200484,TXN200484,2027-01-01,20:20:24,YABA,TILL-03,Emeka Obi,090062292310,SKU1005,Coca Cola 50cl,Beverages,4,348,5,POS Card
RCPT-200159,TXN200159,24/01/2027,20:15:35,MiniMart Express - Yaba,TILL-02,Fatima Bello,,SKU1006,Bigi Cola 50cl,Beverages,2,283,10,USSD
RCPT-200837,TXN200837,26-12-2026,11:12:21,MiniMart Express - Ikeja,TILL-02,Chidinma Okafor,23480731231555,SKU1016,Eva Water 75cl,Beverages,4,198,5,Bank Transfer
RCPT-200528,TXN200528,11-11-2026,02:54 PM,YABA,TILL-01,Chidinma Okafor,,SKU1020,Cerelac Infant Cereal 400g,Baby Products,3,3844,0,Cash
RCPT-200065,TXN200065,25-01-2027,15:55:54,MiniMart Express - Yaba,TILL-01,Emeka Obi,23470857865278,SKU1005,Coca Cola 50cl,Beverages,2,₦407.34,0,ATM Card
RCPT-200620,TXN200620,2026-10-01,08:38:41,Surulere,TILL-02,Emeka Obi,091942046648,SKU1011,Honeywell Semolina 2kg,grains & staples,1,"₦3,089.70",0,pos
RCPT-200833,TXN200833,2026-10-16,15:39:32,YABA,TILL-01,Emeka Obi,090379006548,SKU1008,Milo 400g,Beverages,1,"₦2,529.14",0,cash
RCPT-200672,TXN200672,2026-12-01,08:16:10,MiniMart Express - Yaba,TILL-01,Chidinma Okafor,,SKU1012,Kings Vegetable Oil 1L,Grains & Staples,1,"₦2,983.14",0,ATM Card
RCPT-200054,TXN200054,2026-12-21,12:22:55,MiniMart Express - Yaba,TILL-03,Tunde Bakare,+23470566765277,SKU1027,Amstel Malta 33cl,Beverages,2,414,0,USSD
RCPT-200839,TXN200839,10-01-2027,12:22:27,MiniMart Express - Yaba,TILL-02,Ngozi Eze,090940366401,SKU1018,Maltina 33cl,Beverages,1,410,0,pos
RCPT-200475,TXN200475,11/11/2026,11:55 AM,MiniMart Express - Surulere,TILL-02,Tunde Bakare,+23470980111000,SKU1019,Titus Sardine 125g,Canned Foods,2,₦562.59,0,pos
RCPT-200765,TXN200765,18/01/2027,12:52:00, Yaba,TILL-02,Tunde Bakare,080020801929,SKU1001,INDOMIE NOODLES 70G,Grains & Staples,1,193,0,ussd
RCPT-200379,TXN200379,2027-01-26,16:38:55,YABA,TILL-03,Chidinma Okafor,090066266821,SKU1001,INDOMIE NOODLES 70G,Grains & Staples,1,168,0,ATM Card
RCPT-200712,TXN200712,23/01/2027,14:20:53,Ikeja,TILL-02,Fatima Bello,081801891567,SKU1022,Knorr Chicken Cubes (pack),Grains & Staples,1,₦505.34,0,ussd
RCPT-200161,TXN200161,10/12/2026,18:09:55,MiniMart Express - Yaba,TILL-02,Ngozi Eze,23470961125355,SKU1025,Tom Tom Sweet (pack),Snacks,1,329,10,ussd
RCPT-200821,TXN200821,24-12-2026,01:52 PM,Surulere Branch,TILL-02,Fatima Bello,,SKU1009,Cowbell Milk Powder 360g,Dairy,4,1957,5,POS Card
RCPT-200178,TXN200178,20-10-2026,08:49:19,MiniMart Express - Surulere,TILL-02,Aisha Mohammed,+23481703352110,SKU1014,Dettol Soap 65g,Personal Care,2,407,0,POS Card
RCPT-200131,TXN200131,2026-11-24,15:22:42,Surulere,TILL-02,Emeka Obi,+23480890028772,SKU1017,La Casera 50cl,Beverages,1,359,0,Transfer
RCPT-200266,TXN200266,20-01-2027,17:26:24,MiniMart Express - Yaba,TILL-02,Tunde Bakare,091741209481,SKU1005,Coca Cola 50cl,Beverages,3,422,0,USSD
RCPT-200194,TXN200194,31-01-2027,16:32:06,Surulere Branch,TILL-02,Tunde Bakare,090493214958,SKU1009,COWBELL MILK POWDER 360G,Dairy,2,,0,Cash
RCPT-200395,TXN200395,21-11-2026,11:40:22,SURULERE,TILL-03,Emeka Obi,070347769587,SKU1002,Peak Milk Evaporated 170g,Dairy,2,340,0,ATM Card
RCPT-200265,TXN200265,2026-10-05,08:37 PM, Yaba,TILL-02,Segun Adeyemi,091701851067,SKU1012,Kings Vegetable Oil 1L,Grains & Staples,5,3104,0,Card
RCPT-200067,TXN200067,2026-11-02,14:21:45,IKEJA,TILL-03,Emeka Obi,,SKU1008,Milo 400g,Beverages,2,2834,0,ATM Card
RCPT-200777,TXN200777,01-12-2026,08:26:01,Yaba Branch,TILL-01,Aisha Mohammed,+23490056461607,SKU1003,Golden Morn 500g,Grains & Staples,2,"₦1,361.82",5,pos
RCPT-200680,TXN200680,2027-01-27,10:57:47,MiniMart Express - Yaba,TILL-01,Emeka Obi,23470375658963,SKU1030,Nasco Cornflakes 500g,Grains & Staples,2,1662,0,ussd
RCPT-200746,TXN200746,22-10-2026,12:05:51,Ikeja Branch,TILL-01,Chidinma Okafor,,SKU1006,Bigi Cola 50cl,Beverages,3,₦309.59,0,Bank Transfer
RCPT-200043,TXN200043,16-11-2026,15:26:17,Surulere Branch,TILL-03,Blessing Nwosu,091149784036,SKU1022,Knorr Chicken Cubes (pack),Grains & Staples,5,₦545.52,0,Cash
RCPT-200795,TXN200795,14-11-2026,17:08:00,Surulere Branch,TILL-02,Blessing Nwosu,23491996235699,SKU1009,Cowbell Milk Powder 360g,Dairy,4,2389,0,pos
RCPT-200094,TXN200094,25/12/2026,08:17:55,Surulere,TILL-03,Emeka Obi,090536729466,SKU1028,Semovita 2kg,Grains & Staples,1,2610,0,Bank Transfer
RCPT-200586,TXN200586,22/11/2026,10:34:48,Surulere Branch,TILL-02,Emeka Obi,23470562926933,SKU1011,Honeywell Semolina 2kg,Grains & Staples,2,3673,5,Transfer
RCPT-200546,TXN200546,06/12/2026,20:00:30,MiniMart Express - Ikeja,TILL-03,Blessing Nwosu,081543734764,SKU1004,Dangote Sugar 1kg,Grains & Staples,1,₦955.17,5,USSD
RCPT-200319,TXN200319,2026-10-12,08:22:56,MiniMart Express - Yaba,TILL-02,Tunde Bakare,,SKU1002,Peak Milk Evaporated 170g,Dairy,5,394,0,Cash
RCPT-200226,TXN200226,25/01/2027,15:04:38,MiniMart Express - Ikeja,TILL-03,Aisha Mohammed,091471589042,SKU1030,Nasco Cornflakes 500g,Grains & Staples,2,"₦1,505.32",0,pos
RCPT-200602,TXN200602,12/11/2026,19:24:53,Ikeja,TILL-03,Chidinma Okafor,+23481399529701,SKU1013,Omo Detergent 900g,Household,2,"₦1,781.56",0,Transfer
RCPT-200100,TXN200100,2027-01-10,16:58:13,MiniMart Express - Yaba,TILL-01,Tunde Bakare,23490146303161,SKU1003,GOLDEN MORN 500G,Grains & Staples,1,"₦1,132.69",0,Cash
RCPT-200211,TXN200211,2026-12-19,13:04:07,IKEJA,TILL-02,Emeka Obi,+23490827390219,SKU1011,HONEYWELL SEMOLINA 2KG,Grains & Staples,2,,0,cash
RCPT-200670,TXN200670,2026-12-08,06:07 PM,Surulere Branch,TILL-02,Aisha Mohammed,070307538418,SKU1029,Dano Milk Powder 400g,dairy,5,2076,5,POS Card
RCPT-200829,TXN200829,12/12/2026,20:44:31,Surulere Branch,TILL-03,Chidinma Okafor,23481739405980,SKU1010,Mama Gold Rice 5kg,Grains & Staples,1,6289,0,ATM Card
RCPT-200183,TXN200183,08-10-2026,08:22:05,Surulere,TILL-02,Emeka Obi,081975267722,SKU1020,Cerelac Infant Cereal 400g,Baby Products,2,"₦3,981.42",10,ATM Card
RCPT-200636,TXN200636,20/10/2026,01:32 PM,MiniMart Express - Surulere,TILL-01,Segun Adeyemi,080542185457,SKU1005,Coca Cola 50cl,Beverages,1,346,0,Bank Transfer
RCPT-200354,TXN200354,2027-01-14,17:22:23,Surulere,TILL-01,Aisha Mohammed,,SKU1027,AMSTEL MALTA 33CL,Beverages,1,438,10,USSD
RCPT-200472,TXN200472,25-01-2027,08:36 AM,Ikeja Branch,TILL-03,Aisha Mohammed,+23470649673794,SKU1027,Amstel Malta 33cl,Beverages,1,456,0,Card
RCPT-200739,TXN200739,12-12-2026,11:26:19,Surulere,TILL-01,Tunde Bakare,23491004129182,SKU1029,Dano Milk Powder 400g,Dairy,2,"₦2,018.19",10,pos
RCPT-200114,TXN200114,2026-12-12,14:05:18,Ikeja Branch,TILL-03,Aisha Mohammed,,SKU1002,PEAK MILK EVAPORATED 170G,Dairy,5,322,0,Transfer
RCPT-200532,TXN200532,31-01-2027,19:11:00,Ikeja,TILL-01,Segun Adeyemi,+23470752023897,SKU1024,"Pampers Diapers (pack, medium)",Baby Products,4,5078,5,pos
RCPT-200370,TXN200370,2027-01-21,13:38:06,MiniMart Express - Surulere,TILL-03,Aisha Mohammed,090019803828,SKU1027,Amstel Malta 33cl,Beverages,1,476,0,Bank Transfer
RCPT-200339,TXN200339,2026-11-25,08:37:50,Surulere Branch,TILL-03,Chidinma Okafor,+23491271133228,SKU1011,Honeywell Semolina 2kg,Grains & Staples,1,"₦3,237.98",0,pos
RCPT-200385,TXN200385,2026-10-15,12:49:50,Surulere Branch,TILL-02,Emeka Obi,23490229031028,SKU1009,COWBELL MILK POWDER 360G,Dairy,3,"₦2,265.14",0,Cash
RCPT-200568,TXN200568,18-11-2026,10:39:13,Yaba Branch,TILL-02,Segun Adeyemi,070013480873,SKU1016,Eva Water 75cl,Beverages,5,₦224.69,0,ATM Card
RCPT-200175,TXN200175,29-11-2026,11:14:16,Ikeja Branch,TILL-01,Ngozi Eze,070315727919,SKU1015,Close Up Toothpaste 140ml,Personal Care,1,"₦1,017.42",0,Transfer
RCPT-200926,TXN200926,01-10-2026,18:34:53,Yaba Branch,TILL-01,Emeka Obi,070085119194,SKU1014,Dettol Soap 65g,Personal Care,3,₦474.39,0,cash
RCPT-200311,TXN200311,2027-01-24,20:37:11,SURULERE,TILL-03,Ngozi Eze,+23491215182606,SKU1001,INDOMIE NOODLES 70G,Grains & Staples,5,189,10,cash
RCPT-200536,TXN200536,29/10/2026,11:46:10,Ikeja,TILL-02,Segun Adeyemi,081811210314,SKU1006,Bigi Cola 50cl,Beverages,2,328,0,Bank Transfer
RCPT-200592,TXN200592,20-12-2026,15:09:31, Yaba,TILL-03,Fatima Bello,070746202582,SKU1028,Semovita 2kg,grains & staples,4,2648,0,Card
RCPT-200914,TXN200914,05/11/2026,17:16:49,Surulere Branch,TILL-03,Fatima Bello,23470795311123,SKU1010,Mama Gold Rice 5kg,Grains & Staples,2,6150,0,Card
RCPT-200635,TXN200635,29-11-2026,13:59:08,Yaba Branch,TILL-02,Tunde Bakare,070517774127,SKU1010,Mama Gold Rice 5kg,grains & staples,1,7146,0,POS Card
RCPT-200638,TXN200638,02/11/2026,16:41:44,IKEJA,TILL-01,Blessing Nwosu,,SKU1014,Dettol Soap 65g,personal care,85,457,10,cash
RCPT-200844,TXN200844,11-01-2027,14:58:15,MiniMart Express - Yaba,TILL-01,Emeka Obi,23481223499801,SKU1014,Dettol Soap 65g,Personal Care,1,460,0,cash
RCPT-200716,TXN200716,2026-11-21,11:33:32,MiniMart Express - Surulere,TILL-02,Blessing Nwosu,+23480939781459,SKU1017,LA CASERA 50CL,Beverages,1,391,5,Card
RCPT-200617,TXN200617,2026-11-20,02:20 PM, Yaba,TILL-01,Segun Adeyemi,23470966177182,SKU1025,Tom Tom Sweet (pack),Snacks,1,,5,Cash
RCPT-200564,TXN200564,11/10/2026,09:35:08,IKEJA,TILL-03,Chidinma Okafor,+23480657744916,SKU1007,Gala Sausage Roll,Snacks,1,247,0,POS Card
RCPT-200501,TXN200501,18-11-2026,09:52 AM,Ikeja,TILL-01,Segun Adeyemi,,SKU1008,Milo 400g,Beverages,2,2408,0,pos
RCPT-200122,TXN200122,10/01/2027,14:25:24,Surulere,TILL-03,Fatima Bello,070387584282,SKU1022,Knorr Chicken Cubes (pack),Grains & Staples,1,₦545.36,10,pos
RCPT-200724,TXN200724,04/10/2026,11:32:52,Yaba Branch,TILL-02,Chidinma Okafor,,SKU1008,Milo 400g,Beverages,1,"₦2,354.29",0,cash
RCPT-200654,TXN200654,2026-10-22,07:40 PM, Yaba,TILL-01,Fatima Bello,080423227752,SKU1019,Titus Sardine 125g,canned foods,2,₦559.60,0,Cash
RCPT-200374,TXN200374,11-01-2027,17:22:37,YABA,TILL-02,Blessing Nwosu,,SKU1019,Titus Sardine 125g,Canned Foods,2,556,0,pos
RCPT-200701,TXN200701,21-12-2026,08:48:28,SURULERE,TILL-01,Chidinma Okafor,23491729669417,SKU1011,Honeywell Semolina 2kg,Grains & Staples,2,"₦3,356.23",10,Bank Transfer
RCPT-200779,TXN200779,2027-01-25,14:54:44,MiniMart Express - Yaba,TILL-02,Segun Adeyemi,,SKU1017,La Casera 50cl,Beverages,4,386,0,cash
RCPT-200916,TXN200916,2027-01-18,14:29:12,Surulere Branch,TILL-02,Ngozi Eze,,SKU1030,Nasco Cornflakes 500g,Grains & Staples,1,"₦1,772.18",0,Card
RCPT-200216,TXN200216,2027-01-19,17:57:00,SURULERE,TILL-01,Chidinma Okafor,081806867177,SKU1008,Milo 400g,Beverages,2,"₦2,386.25",0,cash
RCPT-200358,TXN200358,11-10-2026,19:27:14,IKEJA,TILL-01,Tunde Bakare,070800401041,SKU1002,Peak Milk Evaporated 170g,Dairy,1,₦329.90,0,cash
RCPT-200847,TXN200847,10/01/2027,08:15 PM,YABA,TILL-02,Segun Adeyemi,080157493251,SKU1006,Bigi Cola 50cl,Beverages,2,₦314.22,0,Card
RCPT-200752,TXN200752,29/12/2026,10:24 AM,SURULERE,TILL-01,Fatima Bello,,SKU1003,GOLDEN MORN 500G,Grains & Staples,1,"₦1,236.80",0,POS Card
RCPT-200831,TXN200831,26/11/2026,09:36:26,Surulere,TILL-03,Fatima Bello,,SKU1026,Chivita Juice 1L,beverages,4,"₦1,620.96",5,POS Card
RCPT-200429,TXN200429,23/11/2026,05:17 PM, Yaba,TILL-01,Emeka Obi,070035954429,SKU1010,Mama Gold Rice 5kg,Grains & Staples,3,"₦6,979.51",0,Transfer
RCPT-200274,TXN200274,2026-10-11,17:51:01,MiniMart Express - Yaba,TILL-01,Ngozi Eze,+23490332541107,SKU1018,Maltina 33cl,Beverages,1,₦385.04,0,pos
RCPT-200201,TXN200201,21-01-2027,18:42:04,Surulere Branch,TILL-03,Segun Adeyemi,090580778795,SKU1017,La Casera 50cl,Beverages,1,376,0,ussd
RCPT-200383,TXN200383,30-10-2026,20:57:21,Surulere,TILL-02,Fatima Bello,091596601864,SKU1002,Peak Milk Evaporated 170g,Dairy,3,₦329.22,10,ATM Card
RCPT-200527,TXN200527,27/01/2027,10:26:30,Surulere Branch,TILL-02,Tunde Bakare,,SKU1025,Tom Tom Sweet (pack),Snacks,1,342,0,Transfer
RCPT-200745,TXN200745,18-12-2026,09:33:09,Surulere Branch,TILL-01,Ngozi Eze,091359488218,SKU1025,Tom Tom Sweet (pack),Snacks,5,300,0,pos
RCPT-200145,TXN200145,15/01/2027,13:49:19, Yaba,TILL-01,Emeka Obi,23491142834110,SKU1005,Coca Cola 50cl,Beverages,3,₦352.68,0,USSD
RCPT-200009,TXN200009,29-11-2026,11:37 AM,Ikeja Branch,TILL-01,Ngozi Eze,23481985435346,SKU1022,Knorr Chicken Cubes (pack),Grains & Staples,4,459,5,cash
RCPT-200717,TXN200717,28/10/2026,14:37:13,MiniMart Express - Yaba,TILL-02,Blessing Nwosu,090588070532,SKU1019,Titus Sardine 125g,Canned Foods,3,₦627.67,5,Card
RCPT-200518,TXN200518,16/10/2026,10:15:01,Ikeja Branch,TILL-01,Blessing Nwosu,,SKU1020,Cerelac Infant Cereal 400g,Baby Products,1,3259,0,Card
RCPT-200822,TXN200822,2027-01-30,13:39:18,IKEJA,TILL-02,Fatima Bello,23491012762239,SKU1004,Dangote Sugar 1kg,Grains & Staples,1,1010,0,Transfer
RCPT-200376,TXN200376,2026-11-26,08:23:49,Ikeja Branch,TILL-03,Blessing Nwosu,+23491873397855,SKU1021,Bournvita 500g,Beverages,1,2747,5,cash
RCPT-200692,TXN200692,05-11-2026,13:20:48,Ikeja,TILL-03,Ngozi Eze,090372629420,SKU1004,Dangote Sugar 1kg,Grains & Staples,4,955,0,ATM Card
RCPT-200729,TXN200729,30-01-2027,20:17:47,YABA,TILL-01,Aisha Mohammed,,SKU1006,Bigi Cola 50cl,Beverages,2,₦305.55,0,POS Card
RCPT-200209,TXN200209,24-01-2027,11:31 AM,MiniMart Express - Ikeja,TILL-03,Segun Adeyemi,+23481700505061,SKU1024,"Pampers Diapers (pack, medium)",Baby Products,1,"₦5,369.11",5,ATM Card
RCPT-200098,TXN200098,08/11/2026,18:05:15,MiniMart Express - Ikeja,TILL-03,Segun Adeyemi,+23480043898364,SKU1012,Kings Vegetable Oil 1L,Grains & Staples,3,2689,0,USSD
RCPT-200720,TXN200720,06/01/2027,08:54:10,Surulere Branch,TILL-02,Ngozi Eze,+23480534281644,SKU1022,Knorr Chicken Cubes (pack),grains & staples,2,528,0,ATM Card
RCPT-200491,TXN200491,30/11/2026,11:15:03,Surulere Branch,TILL-03,Chidinma Okafor,,SKU1027,Amstel Malta 33cl,Beverages,1,,0,ATM Card
RCPT-200762,TXN200762,2026-11-18,09:28:29,MiniMart Express - Surulere,TILL-01,Fatima Bello,091163705004,SKU1009,Cowbell Milk Powder 360g,Dairy,1,"₦2,371.33",0,cash
RCPT-200318,TXN200318,2026-10-12,16:22:03,MiniMart Express - Surulere,TILL-02,Emeka Obi,070153814474,SKU1006,Bigi Cola 50cl,Beverages,2,293,10,USSD
RCPT-200424,TXN200424,2026-11-25,20:18:35,SURULERE,TILL-01,Ngozi Eze,091269116331,SKU1020,Cerelac Infant Cereal 400g,Baby Products,4,4007,0,ATM Card
RCPT-200417,TXN200417,2027-01-14,13:24:41,IKEJA,TILL-01,Segun Adeyemi,+23490704622681,SKU1005,Coca Cola 50cl,Beverages,1,370,0,pos
RCPT-200699,TXN200699,28-11-2026,19:14:22,IKEJA,TILL-02,Blessing Nwosu,+23470506776106,SKU1023,Ariel Detergent 900g,Household,1,1958,0,ATM Card
RCPT-200551,TXN200551,29/11/2026,09:05:32,Surulere Branch,TILL-03,Segun Adeyemi,,SKU1030,Nasco Cornflakes 500g,Grains & Staples,2,"₦1,662.51",10,cash
RCPT-200085,TXN200085,20/11/2026,20:55:21,Yaba Branch,TILL-02,Emeka Obi,+23491937526547,SKU1005,Coca Cola 50cl,Beverages,4,367,0,ussd
RCPT-200899,TXN200899,28/10/2026,13:38:29,Ikeja Branch,TILL-01,Fatima Bello,23470883571921,SKU1005,Coca Cola 50cl,beverages,2,355,5,Transfer
RCPT-200708,TXN200708,24/12/2026,11:06:10,MiniMart Express - Ikeja,TILL-03,Chidinma Okafor,,SKU1027,Amstel Malta 33cl,Beverages,1,415,10,Bank Transfer
RCPT-200661,TXN200661,01-01-2027,19:58:00,Ikeja,TILL-03,Segun Adeyemi,090526925596,SKU1005,Coca Cola 50cl,Beverages,3,334,0,Card
RCPT-200756,TXN200756,2026-10-15,13:24:51,Yaba Branch,TILL-03,Aisha Mohammed,091370317543,SKU1001,INDOMIE NOODLES 70G,Grains & Staples,1,189,0,Bank Transfer
RCPT-200517,TXN200517,23-12-2026,08:16:05,IKEJA,TILL-02,Aisha Mohammed,,SKU1003,Golden Morn 500g,Grains & Staples,1,1136,0,USSD
RCPT-200232,TXN200232,20/10/2026,09:14:53,SURULERE,TILL-02,Segun Adeyemi,091994657967,SKU1003,Golden Morn 500g,Grains & Staples,2,1229,0,Cash
RCPT-200171,TXN200171,22-10-2026,14:12:33,Surulere,TILL-03,Emeka Obi,+23481565118102,SKU1025,Tom Tom Sweet (pack),Snacks,3,313,10,Bank Transfer
RCPT-200689,TXN200689,2026-11-08,16:29:11,IKEJA,TILL-02,Segun Adeyemi,,SKU1029,Dano Milk Powder 400g,Dairy,4,"₦2,356.80",10,Transfer
RCPT-200790,TXN200790,02-10-2026,10:26:40,Yaba Branch,TILL-02,Chidinma Okafor,091880817262,SKU1007,Gala Sausage Roll,Snacks,1,273,5,pos
RCPT-200106,TXN200106,2027-01-02,10:12:52,YABA,TILL-03,Blessing Nwosu,080410137215,SKU1004,Dangote Sugar 1kg,Grains & Staples,1,₦994.88,0,Transfer
RCPT-200945,TXN200945,2026-10-31,20:33:16,Ikeja,TILL-03,Aisha Mohammed,,SKU1020,Cerelac Infant Cereal 400g,Baby Products,1,"₦3,786.91",0,cash
RCPT-200269,TXN200269,14/10/2026,09:54:40,Yaba Branch,TILL-01,Tunde Bakare,091238687007,SKU1008,Milo 400g,beverages,1,2551,10,Transfer
RCPT-200621,TXN200621,26/01/2027,20:20:14,MiniMart Express - Yaba,TILL-03,Chidinma Okafor,070354662265,SKU1025,Tom Tom Sweet (pack),Snacks,1,₦287.17,10,Transfer
RCPT-200336,TXN200336,2027-01-05,18:02:38, Yaba,TILL-03,Emeka Obi,,SKU1015,Close Up Toothpaste 140ml,Personal Care,1,935,5,USSD
RCPT-200193,TXN200193,22-11-2026,09:21:29,Surulere Branch,TILL-01,Segun Adeyemi,,SKU1015,Close Up Toothpaste 140ml,Personal Care,85,₦855.12,5,pos
RCPT-200003,TXN200003,09-10-2026,19:35:14,SURULERE,TILL-01,Fatima Bello,+23490564139537,SKU1018,Maltina 33cl,Beverages,1,434,10,ussd
RCPT-200132,TXN200132,16/11/2026,13:07:31,MiniMart Express - Ikeja,TILL-01,Blessing Nwosu,091088019948,SKU1015,Close Up Toothpaste 140ml,Personal Care,5,₦822.21,0,pos
RCPT-200310,TXN200310,17-10-2026,13:37:27,Ikeja,TILL-03,Ngozi Eze,+23490136749261,SKU1016,Eva Water 75cl,Beverages,1,₦198.37,0,cash
RCPT-200307,TXN200307,20-01-2027,11:06 AM, Yaba,TILL-02,Tunde Bakare,,SKU1026,Chivita Juice 1L,Beverages,1,1521,0,Cash
RCPT-200467,TXN200467,2026-11-17,16:23:43,Yaba Branch,TILL-01,Blessing Nwosu,080235137399,SKU1027,Amstel Malta 33cl,Beverages,4,438,10,pos
RCPT-200268,TXN200268,2026-12-23,12:24:06,YABA,TILL-02,Tunde Bakare,091103399378,SKU1002,Peak Milk Evaporated 170g,dairy,3,351,0,ATM Card
RCPT-200172,TXN200172,2026-12-30,18:31:59,Ikeja,TILL-01,Aisha Mohammed,23480058650948,SKU1008,Milo 400g,beverages,1,"₦2,574.68",0,USSD
RCPT-200348,TXN200348,29/12/2026,18:15:00,Ikeja,TILL-02,Chidinma Okafor,,SKU1009,Cowbell Milk Powder 360g,Dairy,2,2321,0,Card
RCPT-200513,TXN200513,2026-10-08,11:39:38,Ikeja Branch,TILL-02,Tunde Bakare,23491208953263,SKU1011,Honeywell Semolina 2kg,grains & staples,2,"₦3,662.94",0,cash
RCPT-200465,TXN200465,03/01/2027,11:23:09,MiniMart Express - Surulere,TILL-02,Fatima Bello,23491050791815,SKU1026,Chivita Juice 1L,Beverages,1,"₦1,591.20",0,Bank Transfer
RCPT-200747,TXN200747,2026-11-23,09:38:28,MiniMart Express - Ikeja,TILL-03,Chidinma Okafor,,SKU1002,Peak Milk Evaporated 170g,dairy,2,,0,Bank Transfer
RCPT-200093,TXN200093,02/11/2026,12:22:55,Yaba Branch,TILL-02,Blessing Nwosu,+23481339596292,SKU1024,"Pampers Diapers (pack, medium)",Baby Products,2,"₦5,036.23",10,POS Card
RCPT-200605,TXN200605,26/01/2027,03:27 PM,IKEJA,TILL-03,Chidinma Okafor,090810306831,SKU1009,Cowbell Milk Powder 360g,dairy,1,2161,5,cash
RCPT-200566,TXN200566,28-12-2026,12:08:33,MiniMart Express - Yaba,TILL-03,Chidinma Okafor,080053766608,SKU1003,Golden Morn 500g,Grains & Staples,1,,0,ATM Card
RCPT-200219,TXN200219,29/12/2026,09:05:25, Yaba,TILL-02,Blessing Nwosu,,SKU1026,Chivita Juice 1L,Beverages,1,1678,10,Cash
RCPT-200250,TXN200250,2026-10-22,13:01:18,SURULERE,TILL-03,Blessing Nwosu,23470915201777,SKU1014,DETTOL SOAP 65G,Personal Care,2,₦511.98,10,ussd
RCPT-200462,TXN200462,08-10-2026,20:48:11,Ikeja Branch,TILL-01,Aisha Mohammed,+23481511696667,SKU1017,La Casera 50cl,Beverages,1,₦352.66,0,Card
RCPT-200315,TXN200315,08/12/2026,09:50 AM,YABA,TILL-03,Segun Adeyemi,+23480718594849,SKU1028,Semovita 2kg,Grains & Staples,92,2367,5,USSD
RCPT-200497,TXN200497,01-10-2026,08:42:04,MiniMart Express - Ikeja,TILL-02,Segun Adeyemi,+23491340433700,SKU1014,Dettol Soap 65g,Personal Care,4,431,0,POS Card
RCPT-200855,TXN200855,13-01-2027,19:23:10, Yaba,TILL-02,Segun Adeyemi,+23481665353896,SKU1004,Dangote Sugar 1kg,Grains & Staples,3,₦978.29,0,Transfer
RCPT-200912,TXN200912,25-12-2026,14:49:51,MiniMart Express - Surulere,TILL-01,Segun Adeyemi,080695805045,SKU1001,INDOMIE NOODLES 70G,Grains & Staples,2,₦170.04,0,Cash
RCPT-200386,TXN200386,2026-12-15,16:04:15,Surulere Branch,TILL-03,Tunde Bakare,+23470616420595,SKU1020,Cerelac Infant Cereal 400g,Baby Products,1,"₦3,407.31",0,Cash
RCPT-200398,TXN200398,2026-12-07,16:25:55,Yaba Branch,TILL-02,Emeka Obi,23480563830008,SKU1021,Bournvita 500g,beverages,2,2356,10,ATM Card
RCPT-200545,TXN200545,2027-01-26,13:20:26,Ikeja,TILL-03,Segun Adeyemi,070323653377,SKU1007,Gala Sausage Roll,Snacks,1,274,10,Bank Transfer
RCPT-200927,TXN200927,2026-11-22,19:48:43,MiniMart Express - Yaba,TILL-02,Emeka Obi,091395612667,SKU1016,EVA WATER 75CL,Beverages,5,185,5,Bank Transfer
RCPT-200222,TXN200222,06-10-2026,12:07 PM,Surulere,TILL-02,Emeka Obi,23491520885474,SKU1012,Kings Vegetable Oil 1L,Grains & Staples,5,"₦2,757.08",0,Cash
RCPT-200828,TXN200828,24-10-2026,11:01:38,Ikeja Branch,TILL-02,Blessing Nwosu,+23491909619797,SKU1026,Chivita Juice 1L,Beverages,1,"₦1,558.21",0,Transfer
RCPT-200935,TXN200935,25/01/2027,09:28:51,YABA,TILL-03,Emeka Obi,080147621236,SKU1020,Cerelac Infant Cereal 400g,Baby Products,1,"₦3,463.26",0,USSD
RCPT-200057,TXN200057,26-10-2026,13:42:22,Ikeja Branch,TILL-03,Segun Adeyemi,090225831323,SKU1015,Close Up Toothpaste 140ml,Personal Care,5,934,0,cash
RCPT-200260,TXN200260,31-01-2027,20:43:23,IKEJA,TILL-02,Emeka Obi,+23490811556260,SKU1026,Chivita Juice 1L,Beverages,4,1372,10,USSD
RCPT-200069,TXN200069,21/01/2027,19:11:00,YABA,TILL-02,Fatima Bello,,SKU1026,Chivita Juice 1L,Beverages,1,"₦1,543.23",10,cash
RCPT-200160,TXN200160,2026-12-23,08:13:52, Yaba,TILL-03,Blessing Nwosu,090545588450,SKU1009,Cowbell Milk Powder 360g,Dairy,1,2192,0,POS Card
RCPT-200179,TXN200179,17/01/2027,16:30:39,Yaba Branch,TILL-01,Chidinma Okafor,080804204394,SKU1011,Honeywell Semolina 2kg,grains & staples,2,3410,0,cash
RCPT-200761,TXN200761,31-01-2027,08:13:37,SURULERE,TILL-01,Emeka Obi,,SKU1002,Peak Milk Evaporated 170g,Dairy,1,365,0,POS Card
RCPT-200548,TXN200548,14/12/2026,19:51:17,MiniMart Express - Ikeja,TILL-03,Ngozi Eze,081999516793,SKU1007,Gala Sausage Roll,Snacks,2,258,0,USSD
RCPT-200639,TXN200639,08/12/2026,08:52 AM,MiniMart Express - Ikeja,TILL-01,Chidinma Okafor,+23491695007418,SKU1003,Golden Morn 500g,Grains & Staples,1,"₦1,323.22",5,USSD
RCPT-200895,TXN200895,2027-01-31,16:58:36,IKEJA,TILL-01,Chidinma Okafor,091382777711,SKU1001,INDOMIE NOODLES 70G,Grains & Staples,5,₦174.42,0,ussd
RCPT-200697,TXN200697,2026-11-04,13:40:02,SURULERE,TILL-01,Segun Adeyemi,23481838058269,SKU1018,Maltina 33cl,Beverages,4,,0,USSD
RCPT-200493,TXN200493,12-11-2026,14:10:53,YABA,TILL-03,Segun Adeyemi,+23491546147079,SKU1005,Coca Cola 50cl,Beverages,2,343,0,ATM Card
RCPT-200906,TXN200906,18-01-2027,17:43:57,MiniMart Express - Surulere,TILL-03,Chidinma Okafor,23470993598125,SKU1003,Golden Morn 500g,Grains & Staples,3,1261,0,Cash
RCPT-200324,TXN200324,2026-10-04,18:00:43,YABA,TILL-01,Tunde Bakare,090598953439,SKU1009,Cowbell Milk Powder 360g,Dairy,3,1912,10,ATM Card
RCPT-200780,TXN200780,2027-01-23,08:56:10,Ikeja Branch,TILL-01,Aisha Mohammed,23481417234565,SKU1027,Amstel Malta 33cl,Beverages,2,₦517.21,0,USSD
RCPT-200293,TXN200293,07/10/2026,12:49:38,Surulere,TILL-01,Emeka Obi,080195625257,SKU1021,Bournvita 500g,Beverages,1,"₦2,756.38",5,Cash
RCPT-200883,TXN200883,2026-12-19,13:57:13,MiniMart Express - Ikeja,TILL-01,Chidinma Okafor,,SKU1022,Knorr Chicken Cubes (pack),Grains & Staples,5,,0,pos
RCPT-200509,TXN200509,09/10/2026,18:51:58,SURULERE,TILL-03,Tunde Bakare,081787698999,SKU1025,TOM TOM SWEET (PACK),Snacks,3,309,0,POS Card
RCPT-200191,TXN200191,22/12/2026,16:34:01,MiniMart Express - Yaba,TILL-03,Tunde Bakare,23491512405682,SKU1030,Nasco Cornflakes 500g,Grains & Staples,2,1563,10,Cash
RCPT-200722,TXN200722,13/12/2026,19:48:55,Ikeja Branch,TILL-03,Chidinma Okafor,070288498745,SKU1019,Titus Sardine 125g,Canned Foods,1,621,0,Bank Transfer
RCPT-200589,TXN200589,17/10/2026,16:03:38,YABA,TILL-01,Aisha Mohammed,,SKU1015,Close Up Toothpaste 140ml,Personal Care,1,936,0,Card
RCPT-200879,TXN200879,20/12/2026,08:46:28, Yaba,TILL-03,Emeka Obi,+23491453231677,SKU1023,Ariel Detergent 900g,Household,3,"₦1,846.77",0,cash
RCPT-200887,TXN200887,30-11-2026,19:45:17,MiniMart Express - Ikeja,TILL-03,Ngozi Eze,081706363286,SKU1021,BOURNVITA 500G,Beverages,1,2439,0,USSD
RCPT-200004,TXN200004,2027-01-03,09:09:40,MiniMart Express - Surulere,TILL-03,Ngozi Eze,+23491669784801,SKU1012,Kings Vegetable Oil 1L,Grains & Staples,1,"₦2,630.71",10,POS Card
RCPT-200238,TXN200238,21-11-2026,20:39:54,MiniMart Express - Surulere,TILL-02,Chidinma Okafor,23480572324665,SKU1007,Gala Sausage Roll,Snacks,5,235,0,Transfer
RCPT-200709,TXN200709,25/11/2026,16:41:34,SURULERE,TILL-03,Tunde Bakare,23481585229425,SKU1021,Bournvita 500g,Beverages,5,"₦2,553.00",0,Bank Transfer
RCPT-200239,TXN200239,18/11/2026,02:41 PM,IKEJA,TILL-01,Segun Adeyemi,,SKU1007,Gala Sausage Roll,Snacks,2,236,10,Bank Transfer
RCPT-200719,TXN200719,07/01/2027,11:51 AM,IKEJA,TILL-01,Tunde Bakare,090615473156,SKU1023,Ariel Detergent 900g,Household,4,"₦2,126.68",0,ATM Card
RCPT-200169,TXN200169,11-11-2026,08:03:22,Yaba Branch,TILL-03,Blessing Nwosu,,SKU1008,Milo 400g,Beverages,1,2723,0,ATM Card
RCPT-200736,TXN200736,19-11-2026,16:49:36,IKEJA,TILL-03,Chidinma Okafor,090854818674,SKU1022,KNORR CHICKEN CUBES (PACK),Grains & Staples,5,572,10,ATM Card
RCPT-200283,TXN200283,11/12/2026,14:01:11,MiniMart Express - Yaba,TILL-02,Blessing Nwosu,080148881431,SKU1015,CLOSE UP TOOTHPASTE 140ML,Personal Care,3,₦884.08,10,POS Card
RCPT-200070,TXN200070,08/11/2026,20:17:21,MiniMart Express - Ikeja,TILL-03,Chidinma Okafor,23470530174268,SKU1011,Honeywell Semolina 2kg,Grains & Staples,1,3057,0,Card
RCPT-200634,TXN200634,03/01/2027,08:23:51,Surulere Branch,TILL-01,Tunde Bakare,080197609320,SKU1016,Eva Water 75cl,Beverages,5,222,5,USSD
RCPT-200658,TXN200658,2027-01-07,10:24:08,Yaba Branch,TILL-01,Blessing Nwosu,081243625854,SKU1010,Mama Gold Rice 5kg,Grains & Staples,4,5914,5,ussd
RCPT-200540,TXN200540,2026-12-03,16:38:38,Yaba Branch,TILL-02,Blessing Nwosu,,SKU1001,INDOMIE NOODLES 70G,Grains & Staples,3,₦160.76,0,ATM Card
RCPT-200018,TXN200018,22-11-2026,20:25:46,YABA,TILL-02,Emeka Obi,090806990162,SKU1009,Cowbell Milk Powder 360g,Dairy,1,2067,0,Transfer
RCPT-200384,TXN200384,08-11-2026,12:21:36,Ikeja,TILL-03,Segun Adeyemi,090490149542,SKU1026,Chivita Juice 1L,Beverages,2,1530,0,Transfer
RCPT-200601,TXN200601,2027-01-19,14:24:21,IKEJA,TILL-01,Emeka Obi,+23480481242114,SKU1030,Nasco Cornflakes 500g,Grains & Staples,2,"₦1,574.86",10,pos
RCPT-200807,TXN200807,09/01/2027,15:46:44,Surulere Branch,TILL-01,Emeka Obi,23470317146199,SKU1016,Eva Water 75cl,Beverages,2,220,0,Transfer
RCPT-200890,TXN200890,2026-10-02,16:46:32, Yaba,TILL-03,Chidinma Okafor,+23490104043156,SKU1026,Chivita Juice 1L,Beverages,1,1422,0,POS Card
RCPT-200414,TXN200414,20/12/2026,17:36:44,YABA,TILL-02,Aisha Mohammed,091459576403,SKU1015,Close Up Toothpaste 140ml,Personal Care,1,₦943.44,0,POS Card
RCPT-200378,TXN200378,18-10-2026,13:59:48,MiniMart Express - Yaba,TILL-01,Fatima Bello,091990516991,SKU1009,Cowbell Milk Powder 360g,Dairy,1,"₦2,150.71",0,Transfer
RCPT-200137,TXN200137,02/11/2026,14:26:50,MiniMart Express - Surulere,TILL-02,Chidinma Okafor,,SKU1008,Milo 400g,Beverages,2,2794,10,pos
RCPT-200730,TXN200730,2026-11-26,10:23 AM,Yaba Branch,TILL-02,Chidinma Okafor,,SKU1005,Coca Cola 50cl,Beverages,2,341,10,Cash
RCPT-200901,TXN200901,13-11-2026,08:05:19,Yaba Branch,TILL-02,Chidinma Okafor,+23490908543271,SKU1002,Peak Milk Evaporated 170g,dairy,1,378,0,Transfer
RCPT-200759,TXN200759,15/01/2027,12:49:00,MiniMart Express - Ikeja,TILL-03,Tunde Bakare,081078977554,SKU1024,"PAMPERS DIAPERS (PACK, MEDIUM)",Baby Products,3,,5,POS Card
RCPT-200017,TXN200017,08/12/2026,19:09:45,Ikeja,TILL-02,Ngozi Eze,090760366909,SKU1011,Honeywell Semolina 2kg,Grains & Staples,1,3593,5,USSD
RCPT-200629,TXN200629,2027-01-21,17:28:10,Surulere,TILL-01,Blessing Nwosu,,SKU1006,Bigi Cola 50cl,Beverages,2,272,0,ussd
RCPT-200726,TXN200726,19/01/2027,11:11:11,MiniMart Express - Ikeja,TILL-02,Segun Adeyemi,+23491240432611,SKU1005,COCA COLA 50CL,Beverages,2,373,0,Cash
RCPT-200151,TXN200151,16/01/2027,13:37:51,Yaba Branch,TILL-03,Blessing Nwosu,081473149864,SKU1023,Ariel Detergent 900g,household,2,"₦1,956.89",0,pos
RCPT-200834,TXN200834,29-01-2027,04:39 PM,MiniMart Express - Yaba,TILL-02,Fatima Bello,091159157908,SKU1011,Honeywell Semolina 2kg,Grains & Staples,1,3192,5,ATM Card
RCPT-200393,TXN200393,2026-10-17,03:18 PM,YABA,TILL-03,Blessing Nwosu,23481674124151,SKU1010,Mama Gold Rice 5kg,Grains & Staples,4,6875,0,pos
RCPT-200667,TXN200667,2026-11-08,11:27 AM,Ikeja,TILL-02,Chidinma Okafor,+23490108708269,SKU1012,Kings Vegetable Oil 1L,Grains & Staples,2,"₦3,117.48",0,Cash
RCPT-200870,TXN200870,2026-12-26,11:23:56,Ikeja Branch,TILL-03,Blessing Nwosu,091505357228,SKU1009,Cowbell Milk Powder 360g,Dairy,2,1952,10,pos
RCPT-200410,TXN200410,27-10-2026,10:46 AM,MiniMart Express - Surulere,TILL-02,Chidinma Okafor,080386204485,SKU1014,Dettol Soap 65g,Personal Care,1,₦457.09,0,Card
RCPT-200875,TXN200875,10-12-2026,08:49:02,SURULERE,TILL-02,Emeka Obi,070553691585,SKU1008,Milo 400g,Beverages,2,,0,Bank Transfer
RCPT-200598,TXN200598,2027-01-12,11:40:34,MiniMart Express - Surulere,TILL-01,Chidinma Okafor,090443619951,SKU1012,Kings Vegetable Oil 1L,Grains & Staples,3,3030,0,Cash
RCPT-200751,TXN200751,2026-10-25,11:56:25,IKEJA,TILL-01,Blessing Nwosu,090069685746,SKU1021,Bournvita 500g,Beverages,2,2624,0,ussd
RCPT-200473,TXN200473,01/12/2026,08:19 PM,SURULERE,TILL-02,Fatima Bello,090253666777,SKU1013,Omo Detergent 900g,Household,1,"₦1,858.47",10,ATM Card
RCPT-200738,TXN200738,2026-12-02,08:35:08, Yaba,TILL-03,Chidinma Okafor,+23470818223879,SKU1028,Semovita 2kg,Grains & Staples,5,2479,0,Bank Transfer
RCPT-200288,TXN200288,19/11/2026,17:12:32,MiniMart Express - Yaba,TILL-02,Segun Adeyemi,090271693859,SKU1027,Amstel Malta 33cl,Beverages,5,504,10,POS Card
RCPT-200001,TXN200001,29-10-2026,09:37 AM,Ikeja,TILL-01,Fatima Bello,+23470908386379,SKU1008,MILO 400G,Beverages,1,"₦2,462.66",0,cash
RCPT-200685,TXN200685,12/12/2026,11:57 AM,MiniMart Express - Ikeja,TILL-02,Tunde Bakare,080123984723,SKU1028,Semovita 2kg,Grains & Staples,5,"₦2,236.23",0,ussd
RCPT-200499,TXN200499,18-11-2026,19:10:54,Ikeja,TILL-01,Fatima Bello,091616188081,SKU1017,La Casera 50cl,Beverages,1,335,0,Bank Transfer
RCPT-200524,TXN200524,25/01/2027,02:48 PM, Yaba,TILL-03,Blessing Nwosu,091265742231,SKU1010,Mama Gold Rice 5kg,grains & staples,1,"₦7,399.53",5,ATM Card
RCPT-200902,TXN200902,02-11-2026,08:33:52,YABA,TILL-01,Blessing Nwosu,23470810480283,SKU1026,Chivita Juice 1L,Beverages,-1,"₦1,575.05",10,Cash
RCPT-200664,TXN200664,06-12-2026,18:01:44,MiniMart Express - Yaba,TILL-02,Emeka Obi,081777296656,SKU1002,PEAK MILK EVAPORATED 170G,Dairy,2,387,10,pos
RCPT-200783,TXN200783,10-11-2026,09:33:23,MiniMart Express - Surulere,TILL-03,Chidinma Okafor,070277291084,SKU1025,Tom Tom Sweet (pack),Snacks,1,272,0,Transfer
RCPT-200911,TXN200911,18-12-2026,14:22:59,Yaba Branch,TILL-01,Segun Adeyemi,081483586267,SKU1009,Cowbell Milk Powder 360g,Dairy,4,1971,0,Bank Transfer
RCPT-200523,TXN200523,10/12/2026,04:35 PM,MiniMart Express - Yaba,TILL-02,Blessing Nwosu,080348201284,SKU1029,Dano Milk Powder 400g,Dairy,4,,0,pos
RCPT-200096,TXN200096,2026-10-23,18:19:10,MiniMart Express - Ikeja,TILL-02,Blessing Nwosu,23480415206436,SKU1015,CLOSE UP TOOTHPASTE 140ML,Personal Care,-2,861,0,Cash
RCPT-200436,TXN200436,02/12/2026,01:41 PM, Yaba,TILL-02,Segun Adeyemi,,SKU1014,Dettol Soap 65g,Personal Care,92,₦438.16,0,Transfer
RCPT-200460,TXN200460,2026-11-19,15:39:28,Surulere,TILL-02,Blessing Nwosu,23480208780572,SKU1023,ARIEL DETERGENT 900G,Household,2,2160,10,ussd
RCPT-200482,TXN200482,21-10-2026,12:38:26,IKEJA,TILL-02,Fatima Bello,080538044210,SKU1028,Semovita 2kg,grains & staples,2,2418,10,Bank Transfer
RCPT-200314,TXN200314,03-01-2027,19:17:40,Yaba Branch,TILL-01,Tunde Bakare,091892625660,SKU1009,Cowbell Milk Powder 360g,Dairy,1,"₦2,103.56",0,pos
RCPT-200748,TXN200748,15-10-2026,16:26:02,Ikeja Branch,TILL-01,Ngozi Eze,+23490259084194,SKU1025,Tom Tom Sweet (pack),Snacks,1,,0,cash
RCPT-200320,TXN200320,2026-11-14,04:51 PM,Surulere,TILL-02,Aisha Mohammed,,SKU1008,Milo 400g,Beverages,3,"₦2,794.07",0,POS Card
RCPT-200079,TXN200079,2026-10-08,19:09:00,Surulere Branch,TILL-02,Tunde Bakare,,SKU1025,Tom Tom Sweet (pack),Snacks,-1,₦319.45,5,USSD
RCPT-200437,TXN200437,2027-01-04,11:10:20,YABA,TILL-03,Aisha Mohammed,080067349960,SKU1026,Chivita Juice 1L,Beverages,5,1457,10,cash
RCPT-200412,TXN200412,17/12/2026,18:43:53,MiniMart Express - Ikeja,TILL-03,Ngozi Eze,,SKU1012,Kings Vegetable Oil 1L,Grains & Staples,3,2972,0,ATM Card
RCPT-200284,TXN200284,10/11/2026,20:25:25,SURULERE,TILL-03,Chidinma Okafor,+23491826333738,SKU1028,Semovita 2kg,Grains & Staples,92,"₦2,635.15",0,Transfer
RCPT-200807,TXN200807,09/01/2027,15:46:44,Surulere Branch,TILL-01,Emeka Obi,23470317146199,SKU1016,Eva Water 75cl,Beverages,2,220,0,Transfer
RCPT-200459,TXN200459,29/11/2026,19:16:45,YABA,TILL-02,Segun Adeyemi,23491535851253,SKU1028,SEMOVITA 2KG,Grains & Staples,4,2585,0,ussd
RCPT-200767,TXN200767,06/12/2026,11:25:58,SURULERE,TILL-02,Emeka Obi,,SKU1020,Cerelac Infant Cereal 400g,Baby Products,2,3621,0,Card
RCPT-200221,TXN200221,2026-12-10,10:53:45,MiniMart Express - Yaba,TILL-03,Emeka Obi,,SKU1006,Bigi Cola 50cl,Beverages,1,₦303.07,0,USSD
RCPT-200515,TXN200515,2027-01-20,01:09 PM,Surulere,TILL-03,Ngozi Eze,,SKU1011,Honeywell Semolina 2kg,Grains & Staples,4,3099,0,Transfer
RCPT-200326,TXN200326,28-10-2026,09:10:28,SURULERE,TILL-02,Ngozi Eze,091432029390,SKU1024,"Pampers Diapers (pack, medium)",Baby Products,5,4584,5,cash
RCPT-200871,TXN200871,30-01-2027,08:54 AM,Surulere Branch,TILL-02,Blessing Nwosu,070534195281,SKU1020,Cerelac Infant Cereal 400g,Baby Products,2,"₦3,923.31",0,Card
RCPT-200105,TXN200105,06/11/2026,03:20 PM,IKEJA,TILL-02,Fatima Bello,070741124903,SKU1005,Coca Cola 50cl,Beverages,1,₦337.53,0,Cash
RCPT-200561,TXN200561,27/11/2026,12:40:24,Ikeja,TILL-02,Segun Adeyemi,+23481026355824,SKU1025,Tom Tom Sweet (pack),snacks,5,298,0,POS Card
RCPT-200089,TXN200089,02-01-2027,09:01:54,MiniMart Express - Ikeja,TILL-01,Emeka Obi,+23481382825867,SKU1024,"Pampers Diapers (pack, medium)",Baby Products,3,4795,0,Bank Transfer
RCPT-200934,TXN200934,2026-11-02,12:44:38,MiniMart Express - Ikeja,TILL-01,Aisha Mohammed,+23490954585835,SKU1020,Cerelac Infant Cereal 400g,Baby Products,3,3663,0,Card
RCPT-200322,TXN200322,05-01-2027,16:11:15, Yaba,TILL-01,Segun Adeyemi,23491363718923,SKU1010,Mama Gold Rice 5kg,Grains & Staples,4,"₦6,295.03",0,Transfer
RCPT-200409,TXN200409,01-01-2027,19:09:45,YABA,TILL-01,Blessing Nwosu,23491107051843,SKU1016,Eva Water 75cl,Beverages,1,₦224.89,5,pos
RCPT-200858,TXN200858,05/12/2026,19:17:36,MiniMart Express - Surulere,TILL-01,Blessing Nwosu,23481639476254,SKU1027,Amstel Malta 33cl,Beverages,1,₦484.03,0,ATM Card
RCPT-200606,TXN200606,2026-12-23,15:05:12,Yaba Branch,TILL-02,Aisha Mohammed,,SKU1005,COCA COLA 50CL,Beverages,1,423,0,pos
RCPT-200582,TXN200582,18/11/2026,19:38:45,Ikeja,TILL-03,Segun Adeyemi,070495988114,SKU1026,Chivita Juice 1L,Beverages,2,1692,0,cash
RCPT-200514,TXN200514,2026-10-30,12:06:00,MiniMart Express - Ikeja,TILL-02,Ngozi Eze,090967331167,SKU1008,Milo 400g,Beverages,1,2264,0,Bank Transfer
RCPT-200613,TXN200613,21-11-2026,09:59:10,MiniMart Express - Ikeja,TILL-02,Segun Adeyemi,080968827697,SKU1019,Titus Sardine 125g,Canned Foods,4,₦675.71,5,Transfer
RCPT-200784,TXN200784,30/01/2027,17:32:15,Ikeja,TILL-02,Aisha Mohammed,090306718222,SKU1029,Dano Milk Powder 400g,Dairy,2,2407,5,Bank Transfer
RCPT-200706,TXN200706,09-12-2026,13:27:35,YABA,TILL-02,Tunde Bakare,,SKU1020,Cerelac Infant Cereal 400g,Baby Products,1,"₦3,260.29",0,ussd
RCPT-200615,TXN200615,2026-11-05,13:37:48,MiniMart Express - Ikeja,TILL-03,Ngozi Eze,23491820893486,SKU1001,INDOMIE NOODLES 70G,grains & staples,3,₦194.86,0,USSD
RCPT-200861,TXN200861,2026-11-22,18:17:34,Ikeja,TILL-02,Chidinma Okafor,080841016793,SKU1009,Cowbell Milk Powder 360g,Dairy,4,"₦1,895.47",10,ussd
RCPT-200080,TXN200080,27-01-2027,18:27:51,Ikeja Branch,TILL-01,Blessing Nwosu,090823398454,SKU1017,La Casera 50cl,Beverages,2,₦376.01,0,Cash
RCPT-200937,TXN200937,2027-01-17,09:56:13,YABA,TILL-03,Aisha Mohammed,,SKU1011,Honeywell Semolina 2kg,grains & staples,1,2977,10,POS Card
RCPT-200845,TXN200845,2027-01-13,12:18:01,Yaba Branch,TILL-01,Fatima Bello,+23490517465642,SKU1011,Honeywell Semolina 2kg,Grains & Staples,2,"₦2,982.59",5,ussd
RCPT-200371,TXN200371,2026-11-08,09:30:01,Ikeja Branch,TILL-02,Ngozi Eze,,SKU1001,INDOMIE NOODLES 70G,Grains & Staples,1,188,5,POS Card
RCPT-200682,TXN200682,07-10-2026,09:01:19,IKEJA,TILL-02,Ngozi Eze,+23490680085294,SKU1010,Mama Gold Rice 5kg,Grains & Staples,1,5996,0,Bank Transfer
RCPT-200457,TXN200457,2026-12-25,10:20 AM,MiniMart Express - Surulere,TILL-03,Segun Adeyemi,080848826913,SKU1012,Kings Vegetable Oil 1L,Grains & Staples,5,2704,5,pos
RCPT-200599,TXN200599,03/11/2026,11:30:17,SURULERE,TILL-03,Fatima Bello,,SKU1025,Tom Tom Sweet (pack),Snacks,3,₦344.41,10,ussd
RCPT-200933,TXN200933,23-01-2027,17:41:37,Surulere Branch,TILL-01,Ngozi Eze,070201307167,SKU1003,Golden Morn 500g,Grains & Staples,2,1321,0,cash
RCPT-200835,TXN200835,2026-12-31,06:30 PM,MiniMart Express - Surulere,TILL-01,Ngozi Eze,+23481219051881,SKU1014,Dettol Soap 65g,Personal Care,1,500,0,USSD
RCPT-200881,TXN200881,21/10/2026,18:27:13,MiniMart Express - Yaba,TILL-01,Emeka Obi,,SKU1021,Bournvita 500g,Beverages,5,"₦2,386.55",10,USSD
RCPT-200754,TXN200754,2027-01-18,09:00 AM,SURULERE,TILL-01,Segun Adeyemi,090642789615,SKU1008,Milo 400g,Beverages,3,2319,0,Bank Transfer
RCPT-200062,TXN200062,2026-10-01,14:08:56,Ikeja,TILL-02,Ngozi Eze,23490609835841,SKU1016,Eva Water 75cl,Beverages,5,₦214.02,0,Transfer
RCPT-200072,TXN200072,18/01/2027,18:51:19,MiniMart Express - Ikeja,TILL-02,Segun Adeyemi,+23480391065180,SKU1005,Coca Cola 50cl,Beverages,5,346,10,Transfer
RCPT-200081,TXN200081,2026-10-23,09:31:54,MiniMart Express - Yaba,TILL-02,Blessing Nwosu,23491033974014,SKU1013,OMO DETERGENT 900G,Household,1,2053,10,Transfer
RCPT-200755,TXN200755,16-01-2027,09:21:23,Yaba Branch,TILL-02,Chidinma Okafor,+23490972360244,SKU1005,Coca Cola 50cl,Beverages,3,405,0,pos
RCPT-200908,TXN200908,15-10-2026,15:22:40,IKEJA,TILL-01,Fatima Bello,23480293011250,SKU1009,Cowbell Milk Powder 360g,Dairy,1,1980,0,Transfer
RCPT-200030,TXN200030,15-12-2026,15:22:21,Ikeja,TILL-03,Ngozi Eze,23490533963605,SKU1024,"Pampers Diapers (pack, medium)",Baby Products,5,5305,0,Cash
RCPT-200478,TXN200478,09/10/2026,14:21:02, Yaba,TILL-03,Aisha Mohammed,090580290904,SKU1029,Dano Milk Powder 400g,Dairy,2,"₦2,128.66",0,USSD
RCPT-200267,TXN200267,23-10-2026,15:05:51,IKEJA,TILL-02,Ngozi Eze,090705626085,SKU1001,INDOMIE NOODLES 70G,grains & staples,2,₦159.12,0,Card
RCPT-200038,TXN200038,2027-01-11,10:50:36,IKEJA,TILL-03,Fatima Bello,+23470352904228,SKU1021,Bournvita 500g,Beverages,1,2573,5,pos
RCPT-200014,TXN200014,04-12-2026,12:32:19,Yaba Branch,TILL-02,Ngozi Eze,23490823662994,SKU1022,KNORR CHICKEN CUBES (PACK),Grains & Staples,3,522,0,Bank Transfer
RCPT-200781,TXN200781,2026-12-19,12:44:29,SURULERE,TILL-03,Ngozi Eze,070410095385,SKU1013,Omo Detergent 900g,Household,1,"₦1,745.34",5,ussd
RCPT-200688,TXN200688,24-01-2027,08:42:58,Surulere Branch,TILL-01,Aisha Mohammed,23491740392519,SKU1008,Milo 400g,Beverages,4,2804,0,cash
RCPT-200700,TXN200700,30-10-2026,19:07:22,SURULERE,TILL-02,Fatima Bello,23490457202665,SKU1015,Close Up Toothpaste 140ml,Personal Care,4,₦996.62,0,ATM Card
RCPT-200647,TXN200647,13-10-2026,14:58:58,MiniMart Express - Ikeja,TILL-01,Blessing Nwosu,23481774037842,SKU1016,Eva Water 75cl,Beverages,1,₦228.16,0,Cash
RCPT-200033,TXN200033,2026-11-22,20:29:57,YABA,TILL-03,Emeka Obi,,SKU1008,Milo 400g,Beverages,2,2851,0,POS Card
RCPT-200441,TXN200441,2026-12-04,04:38 PM,SURULERE,TILL-01,Tunde Bakare,+23481553334264,SKU1007,Gala Sausage Roll,Snacks,2,281,0,Cash
RCPT-200422,TXN200422,14-01-2027,10:17:17,Ikeja,TILL-03,Tunde Bakare,,SKU1009,Cowbell Milk Powder 360g,Dairy,-1,2211,5,Bank Transfer
RCPT-200134,TXN200134,01-10-2026,19:03:35,MiniMart Express - Yaba,TILL-03,Aisha Mohammed,+23491292216995,SKU1022,Knorr Chicken Cubes (pack),Grains & Staples,1,₦481.03,0,POS Card
RCPT-200694,TXN200694,13/12/2026,08:06:48,SURULERE,TILL-03,Tunde Bakare,23481806442006,SKU1028,Semovita 2kg,Grains & Staples,4,"₦2,474.65",0,USSD
RCPT-200206,TXN200206,05/11/2026,18:48:57,Surulere Branch,TILL-01,Blessing Nwosu,+23481447174654,SKU1023,Ariel Detergent 900g,household,1,"₦2,183.08",0,Card
RCPT-200185,TXN200185,15/01/2027,12:49:52,Surulere Branch,TILL-01,Ngozi Eze,+23491082771812,SKU1018,Maltina 33cl,Beverages,1,₦405.09,5,ATM Card
RCPT-200351,TXN200351,2027-01-03,15:54:23,Surulere Branch,TILL-01,Ngozi Eze,,SKU1004,Dangote Sugar 1kg,Grains & Staples,2,₦950.78,0,Transfer
RCPT-200252,TXN200252,19-12-2026,14:05:48,SURULERE,TILL-02,Emeka Obi,23491610857327,SKU1016,Eva Water 75cl,Beverages,4,225,0,Card
RCPT-200375,TXN200375,13/11/2026,09:03:39,SURULERE,TILL-01,Blessing Nwosu,23491590251762,SKU1004,Dangote Sugar 1kg,Grains & Staples,1,861,0,USSD
RCPT-200433,TXN200433,10-10-2026,08:37:27,YABA,TILL-01,Aisha Mohammed,23490399704694,SKU1004,Dangote Sugar 1kg,Grains & Staples,2,₦955.19,5,ATM Card
RCPT-200673,TXN200673,19-11-2026,15:25:02,MiniMart Express - Surulere,TILL-03,Aisha Mohammed,23490267731922,SKU1029,Dano Milk Powder 400g,dairy,4,2362,5,ussd
RCPT-200671,TXN200671,09/01/2027,08:23:20,MiniMart Express - Ikeja,TILL-01,Emeka Obi,070151641195,SKU1022,KNORR CHICKEN CUBES (PACK),Grains & Staples,1,540,0,ussd
RCPT-200342,TXN200342,06-12-2026,09:58:59,MiniMart Express - Yaba,TILL-02,Fatima Bello,090155973714,SKU1021,Bournvita 500g,Beverages,5,"₦2,548.12",5,Transfer
RCPT-200820,TXN200820,22/11/2026,18:54:50,Ikeja Branch,TILL-02,Segun Adeyemi,081149745979,SKU1008,Milo 400g,Beverages,2,2607,5,USSD
RCPT-200538,TXN200538,2026-11-24,18:59:58,MiniMart Express - Surulere,TILL-03,Aisha Mohammed,+23480530073095,SKU1025,Tom Tom Sweet (pack),Snacks,1,333,0,cash
RCPT-200251,TXN200251,2026-11-24,04:38 PM,Ikeja Branch,TILL-02,Emeka Obi,080610326642,SKU1026,Chivita Juice 1L,Beverages,3,1689,0,cash
RCPT-200352,TXN200352,06-12-2026,17:40:38,MiniMart Express - Surulere,TILL-01,Tunde Bakare,23481799802841,SKU1026,Chivita Juice 1L,Beverages,2,"₦1,431.11",0,Cash
RCPT-200270,TXN200270,24-12-2026,05:04 PM,SURULERE,TILL-03,Blessing Nwosu,090846398554,SKU1019,Titus Sardine 125g,Canned Foods,2,₦683.85,10,Card
RCPT-200740,TXN200740,2026-12-02,15:38:11,Surulere Branch,TILL-02,Ngozi Eze,080012838271,SKU1010,Mama Gold Rice 5kg,Grains & Staples,4,7319,10,Transfer
RCPT-200298,TXN200298,10-01-2027,17:04:26,MiniMart Express - Yaba,TILL-01,Ngozi Eze,+23490236458750,SKU1013,Omo Detergent 900g,Household,3,,0,Cash
RCPT-200763,TXN200763,01-01-2027,11:36:02,Ikeja,TILL-02,Segun Adeyemi,,SKU1026,Chivita Juice 1L,Beverages,2,"₦1,719.99",10,ussd
RCPT-200248,TXN200248,2026-11-05,13:45:33,YABA,TILL-02,Blessing Nwosu,091274564494,SKU1017,La Casera 50cl,Beverages,3,₦381.82,10,Bank Transfer
RCPT-200941,TXN200941,18/01/2027,09:36 AM,SURULERE,TILL-01,Fatima Bello,090093424240,SKU1025,Tom Tom Sweet (pack),Snacks,3,284,10,USSD
RCPT-200519,TXN200519,25/11/2026,16:52:01,SURULERE,TILL-01,Ngozi Eze,,SKU1008,MILO 400G,Beverages,3,2789,5,POS Card
RCPT-200744,TXN200744,2026-11-04,09:21:50,Yaba Branch,TILL-02,Tunde Bakare,,SKU1010,Mama Gold Rice 5kg,Grains & Staples,4,,0,POS Card
RCPT-200366,TXN200366,01/12/2026,18:09:29,Surulere Branch,TILL-03,Segun Adeyemi,081247414070,SKU1014,Dettol Soap 65g,personal care,3,453,0,Cash
RCPT-200408,TXN200408,12-01-2027,11:00:37,IKEJA,TILL-01,Tunde Bakare,070809404760,SKU1013,OMO DETERGENT 900G,Household,1,,10,Bank Transfer
RCPT-200382,TXN200382,08-11-2026,15:41:48,YABA,TILL-01,Chidinma Okafor,091044964104,SKU1004,DANGOTE SUGAR 1KG,Grains & Staples,1,₦860.50,10,Transfer
RCPT-200419,TXN200419,28/11/2026,15:23:03,MiniMart Express - Surulere,TILL-03,Tunde Bakare,080540842456,SKU1014,Dettol Soap 65g,personal care,2,487,0,ATM Card
RCPT-200816,TXN200816,20-01-2027,10:14:46,SURULERE,TILL-02,Emeka Obi,,SKU1009,Cowbell Milk Powder 360g,Dairy,5,2022,0,Transfer
RCPT-200035,TXN200035,18/10/2026,16:32:58, Yaba,TILL-01,Segun Adeyemi,091745171236,SKU1024,"Pampers Diapers (pack, medium)",baby products,2,4866,10,POS Card
RCPT-200757,TXN200757,25/11/2026,18:33:25,Yaba Branch,TILL-02,Emeka Obi,23490407664207,SKU1006,Bigi Cola 50cl,Beverages,3,323,0,USSD
RCPT-200285,TXN200285,2027-01-19,12:47:00,MiniMart Express - Ikeja,TILL-03,Tunde Bakare,+23480666845909,SKU1015,Close Up Toothpaste 140ml,Personal Care,1,952,5,ussd
RCPT-200872,TXN200872,30-10-2026,18:45:01,SURULERE,TILL-01,Aisha Mohammed,23491121397436,SKU1001,INDOMIE NOODLES 70G,Grains & Staples,3,168,0,ussd
RCPT-200585,TXN200585,29-12-2026,10:49:47,MiniMart Express - Surulere,TILL-02,Segun Adeyemi,070867963259,SKU1019,Titus Sardine 125g,Canned Foods,1,651,0,ATM Card
RCPT-200048,TXN200048,10-12-2026,07:42 PM,YABA,TILL-03,Blessing Nwosu,070652816850,SKU1011,Honeywell Semolina 2kg,Grains & Staples,1,3034,0,cash
RCPT-200735,TXN200735,2027-01-19,17:00:00,Ikeja,TILL-03,Blessing Nwosu,,SKU1024,"Pampers Diapers (pack, medium)",Baby Products,4,,0,Transfer
RCPT-200659,TXN200659,2026-10-23,18:38:36,MiniMart Express - Surulere,TILL-02,Fatima Bello,091532472505,SKU1005,Coca Cola 50cl,Beverages,2,336,0,cash
RCPT-200034,TXN200034,23/11/2026,08:53:42,MiniMart Express - Yaba,TILL-01,Chidinma Okafor,23481743953394,SKU1004,Dangote Sugar 1kg,Grains & Staples,3,909,10,Card
RCPT-200808,TXN200808,2026-11-12,08:08:47,Ikeja,TILL-03,Segun Adeyemi,,SKU1023,Ariel Detergent 900g,Household,4,1713,5,Transfer
RCPT-200060,TXN200060,25-10-2026,02:39 PM,Ikeja Branch,TILL-03,Segun Adeyemi,090473647102,SKU1021,Bournvita 500g,Beverages,2,"₦2,899.97",0,Transfer
RCPT-200603,TXN200603,2026-12-25,08:09:30,IKEJA,TILL-02,Blessing Nwosu,091273874029,SKU1028,Semovita 2kg,Grains & Staples,1,"₦2,677.18",0,Card
RCPT-200637,TXN200637,23/10/2026,14:17:03,Surulere Branch,TILL-01,Emeka Obi,080728289540,SKU1024,"Pampers Diapers (pack, medium)",Baby Products,4,4539,10,Bank Transfer
RCPT-200061,TXN200061,2026-11-08,09:03:18,Yaba Branch,TILL-03,Ngozi Eze,+23490259532787,SKU1011,Honeywell Semolina 2kg,grains & staples,1,"₦3,245.78",5,pos
RCPT-200921,TXN200921,2027-01-12,17:32:43,MiniMart Express - Ikeja,TILL-01,Aisha Mohammed,070599153044,SKU1014,Dettol Soap 65g,Personal Care,1,478,5,ATM Card
RCPT-200796,TXN200796,25/01/2027,08:19:07,MiniMart Express - Yaba,TILL-03,Emeka Obi,,SKU1023,Ariel Detergent 900g,Household,1,"₦2,096.22",0,ussd
RCPT-200668,TXN200668,18-01-2027,16:40:11,IKEJA,TILL-02,Ngozi Eze,081484673574,SKU1013,Omo Detergent 900g,Household,2,"₦2,062.11",0,USSD
RCPT-200213,TXN200213,06-12-2026,08:03:41,IKEJA,TILL-01,Ngozi Eze,23490970108220,SKU1004,DANGOTE SUGAR 1KG,Grains & Staples,5,940,10,pos
RCPT-200785,TXN200785,2027-01-25,17:26:13,YABA,TILL-01,Aisha Mohammed,090055049221,SKU1017,La Casera 50cl,Beverages,1,382,0,Bank Transfer
RCPT-200483,TXN200483,20-10-2026,09:36:16,Surulere Branch,TILL-02,Aisha Mohammed,091757475833,SKU1011,Honeywell Semolina 2kg,Grains & Staples,3,3139,0,Bank Transfer
RCPT-200773,TXN200773,15-01-2027,16:42:18,Yaba Branch,TILL-02,Chidinma Okafor,23490585883825,SKU1012,Kings Vegetable Oil 1L,Grains & Staples,1,"₦3,037.76",0,Card
RCPT-200325,TXN200325,2026-11-16,04:46 PM,MiniMart Express - Surulere,TILL-01,Ngozi Eze,23490485571617,SKU1030,Nasco Cornflakes 500g,Grains & Staples,3,1550,0,Cash
RCPT-200078,TXN200078,21-11-2026,15:29:10, Yaba,TILL-02,Emeka Obi,,SKU1009,Cowbell Milk Powder 360g,Dairy,5,2410,5,Cash
RCPT-200091,TXN200091,12-10-2026,10:32:24,SURULERE,TILL-01,Ngozi Eze,+23470782827422,SKU1011,Honeywell Semolina 2kg,Grains & Staples,2,"₦3,267.69",0,USSD
RCPT-200306,TXN200306,11-01-2027,17:59:12,IKEJA,TILL-01,Tunde Bakare,,SKU1009,Cowbell Milk Powder 360g,Dairy,1,2053,0,Transfer
RCPT-200205,TXN200205,22-12-2026,11:46:43,Yaba Branch,TILL-01,Tunde Bakare,091258001061,SKU1009,Cowbell Milk Powder 360g,Dairy,4,"₦1,991.37",0,Cash
RCPT-200360,TXN200360,25-01-2027,16:54:20,YABA,TILL-02,Aisha Mohammed,+23481812356798,SKU1016,Eva Water 75cl,Beverages,2,195,10,cash
RCPT-200456,TXN200456,2027-01-06,16:49:55,Ikeja,TILL-02,Ngozi Eze,070271559835,SKU1015,Close Up Toothpaste 140ml,Personal Care,2,₦921.87,0,ATM Card
RCPT-200612,TXN200612,30/12/2026,12:19 PM,Surulere Branch,TILL-01,Aisha Mohammed,23480588397857,SKU1027,AMSTEL MALTA 33CL,beverages,1,₦452.11,10,cash
RCPT-200316,TXN200316,05/01/2027,05:47 PM,YABA,TILL-03,Tunde Bakare,070396727578,SKU1009,Cowbell Milk Powder 360g,Dairy,-1,"₦2,317.36",0,POS Card
RCPT-200083,TXN200083,20/01/2027,08:15 PM,YABA,TILL-02,Emeka Obi,+23470265511047,SKU1022,Knorr Chicken Cubes (pack),grains & staples,4,520,0,Cash
RCPT-200364,TXN200364,2026-12-27,17:43:18,Yaba Branch,TILL-03,Emeka Obi,090114577584,SKU1016,Eva Water 75cl,Beverages,5,197,10,ussd
RCPT-200479,TXN200479,16/01/2027,12:05:58, Yaba,TILL-03,Blessing Nwosu,070581021312,SKU1005,Coca Cola 50cl,Beverages,2,340,10,pos
RCPT-200432,TXN200432,20/11/2026,16:17:05,SURULERE,TILL-03,Blessing Nwosu,090284033399,SKU1008,Milo 400g,Beverages,5,"₦2,646.19",0,Bank Transfer
RCPT-200492,TXN200492,25/11/2026,15:01:42,Ikeja,TILL-02,Blessing Nwosu,,SKU1011,Honeywell Semolina 2kg,Grains & Staples,4,2886,5,pos
RCPT-200888,TXN200888,28-12-2026,11:13:48,Surulere,TILL-02,Ngozi Eze,,SKU1005,Coca Cola 50cl,Beverages,2,383,10,cash
RCPT-200024,TXN200024,02-12-2026,12:44:08,Ikeja,TILL-02,Blessing Nwosu,090947775204,SKU1006,BIGI COLA 50CL,Beverages,1,₦321.48,5,POS Card
RCPT-200154,TXN200154,26-10-2026,16:33:44,MiniMart Express - Ikeja,TILL-01,Chidinma Okafor,23481021465669,SKU1015,Close Up Toothpaste 140ml,personal care,-2,874,5,pos
RCPT-200894,TXN200894,2027-01-25,08:09:50,MiniMart Express - Yaba,TILL-01,Emeka Obi,070727669834,SKU1020,Cerelac Infant Cereal 400g,Baby Products,1,3430,0,POS Card
RCPT-200272,TXN200272,2026-11-12,12:31:57,Ikeja,TILL-03,Fatima Bello,,SKU1026,Chivita Juice 1L,Beverages,2,1454,0,USSD
RCPT-200026,TXN200026,2027-01-18,18:09:58,IKEJA,TILL-01,Blessing Nwosu,,SKU1030,Nasco Cornflakes 500g,Grains & Staples,2,1808,0,POS Card
RCPT-200289,TXN200289,30-01-2027,10:44 AM,SURULERE,TILL-03,Chidinma Okafor,+23480248413768,SKU1014,DETTOL SOAP 65G,Personal Care,4,442,0,ATM Card
RCPT-200487,TXN200487,20/01/2027,09:33:31,Ikeja,TILL-03,Segun Adeyemi,,SKU1017,La Casera 50cl,Beverages,4,₦377.29,0,Bank Transfer
RCPT-200571,TXN200571,05/11/2026,14:36:35,IKEJA,TILL-01,Ngozi Eze,090087261760,SKU1027,Amstel Malta 33cl,Beverages,2,431,0,ussd
RCPT-200430,TXN200430,01/12/2026,13:46:32,SURULERE,TILL-03,Ngozi Eze,23490252985856,SKU1001,INDOMIE NOODLES 70G,Grains & Staples,2,169,0,pos
RCPT-200477,TXN200477,19/12/2026,13:05:56,YABA,TILL-01,Emeka Obi,090621354159,SKU1015,Close Up Toothpaste 140ml,Personal Care,5,"₦1,001.53",0,USSD
RCPT-200399,TXN200399,24/10/2026,09:04:04,Yaba Branch,TILL-03,Ngozi Eze,,SKU1027,Amstel Malta 33cl,Beverages,4,416,0,ATM Card
RCPT-200488,TXN200488,26/11/2026,13:31:20,Ikeja Branch,TILL-03,Fatima Bello,070399140388,SKU1011,Honeywell Semolina 2kg,Grains & Staples,5,"₦3,118.54",0,Cash
RCPT-200246,TXN200246,2026-11-09,17:28:58,YABA,TILL-03,Aisha Mohammed,,SKU1014,Dettol Soap 65g,Personal Care,1,₦449.72,0,Transfer
RCPT-200803,TXN200803,23-10-2026,14:42:23,Surulere Branch,TILL-03,Blessing Nwosu,23480077004093,SKU1011,Honeywell Semolina 2kg,Grains & Staples,5,3668,0,ussd
RCPT-200772,TXN200772,24/01/2027,10:09:05,SURULERE,TILL-01,Segun Adeyemi,090581920487,SKU1009,Cowbell Milk Powder 360g,Dairy,1,2395,0,ussd
RCPT-200029,TXN200029,2026-10-03,09:29:07,IKEJA,TILL-01,Aisha Mohammed,081484677378,SKU1023,Ariel Detergent 900g,Household,1,"₦2,120.41",0,pos
RCPT-200891,TXN200891,20-11-2026,08:06:59, Yaba,TILL-02,Ngozi Eze,+23481177840190,SKU1015,Close Up Toothpaste 140ml,Personal Care,1,946,10,ATM Card
RCPT-200846,TXN200846,2026-12-25,18:11:31,MiniMart Express - Surulere,TILL-02,Segun Adeyemi,070490038502,SKU1029,Dano Milk Powder 400g,Dairy,3,"₦2,409.99",0,POS Card
RCPT-200900,TXN200900,31/01/2027,19:08:52,YABA,TILL-02,Tunde Bakare,,SKU1026,Chivita Juice 1L,Beverages,2,1449,0,Bank Transfer
