receipt_no,transaction_id,transaction_date,transaction_time,store_name,till_id,cashier_name,customer_phone,product_code,product_name,category,quantity,unit_price_ngn,discount_pct,payment_method
RCPT-102515,TXN102515,2026-04-01,18:57:00,Ikeja Branch,TILL-02,Blessing Nwosu,,SKU1005,Coca Cola 50cl,Beverages,1,₦370.00,0,Card
RCPT-101233,TXN101233,30-07-2026,14:25:00,IKEJA,TILL-02,Tunde Bakare,07297307615,SKU1001,Indomie Noodle 70g,Grains & Staples,2,170,0,Card
RCPT-100603,TXN100603,2026-05-11,13:50:00,MiniMart Express - Surulere,TILL-01,Blessing Nwosu,,SKU1028,Semovita 2kg,Grains & Staples,5,1890,0,Bank Transfer
RCPT-101262,TXN101262,2026-07-05,21:43:00,MiniMart Express - Yaba,TILL-01,Blessing Nwosu,8783566569,SKU1024,"Pampers Diapers (pack, medium)",Baby Products,1,4090,0,Cash
RCPT-101974,TXN101974,2026-03-10,19:23:00,SURULERE,TILL-01,Amaka Eze,,SKU1002,peak milk evaporated170g,Dairy,3,710,0,POS Card
RCPT-101972,TXN101972,2026-07-16,15:08:00,minimart express-ikeja ,TILL-01,Segun Adeyemi,+2348425615859,SKU1018,Maltina 33cl,Beverages,2,420,0,CASH
RCPT-100561,TXN100561,2026-07-30,15:25:00,minimart express-ikeja ,TILL-01,Tunde Bakare,7196406676,SKU1001,Indomie Noodles 70g,Grains & Staples,1,160.00,0,POS Card
RCPT-101301,TXN101301,17/05/2026,18:40:00,MiniMart Express - Ikeja,TILL-01,Tunde Bakare,,SKU1027,Amstel Malta 33cl,Beverages,1,430,0,POS
RCPT-102490,TXN102490,07/23/2026,18:24:00,YABA,TILL-03,Ibrahim Musa,0 8 3 0 4 7 6 5 9 8 9,SKU1008,Milo 400g,Beverages,1,2220,0,ATM Card
RCPT-101859,TXN101859,2026-07-05,12:20:00,Ikeja Branch,TILL-02,Tunde Bakare,,SKU1004,Dangote sugar 1Kg,Grains & Staples,2,1380,0,Bank Transfer
RCPT-101709,TXN101709,2026-03-29,18:46:00,Surulere Branch,TILL-01,Segun Adeyemi,2348644556394,SKU1019,Titus Sardine 125g,Canned Foods,1,640,0,pos
RCPT-100132,TXN100132,07/30/2026,14:29:00,SURULERE,TILL-01,Ibrahim Musa,,SKU1008,Milo 400g,Beverages,2,"₦2,110.00",0,Bank Transfer
RCPT-101945,TXN101945,2026-05-06,18:58:00,SURULERE,TILL-01,Amaka Eze,+2347241997172,SKU1014,Dettol Soap 65g,Personal Care,2,340,0,Cash
RCPT-102118,TXN102118,2026-07-05,13:47:00,Yaba Branch,TILL-02,Chidinma Okafor,,SKU1012,Kings Vegetable Oil 1L,Grains & Staples,1,"₦2,930.00",0,Cash
RCPT-101797,TXN101797,2026-05-14,07:15:00, Yaba,TILL-01,Amaka Eze,,SKU1017,La Casera 50cl,Beverages,1,380,15,Cash
RCPT-102363,TXN102363,2026-05-18,12:33:00,Yaba Branch,TILL-01,Amaka Eze,,SKU1010,Mama Gold Rice 5kg,Grains & Staples,2,,0,POS Card
RCPT-101733,TXN101733,03/02/2026,16:47:00,YABA,TILL-02,Blessing Nwosu,2347491702222,SKU1023,Ariel Detergent 900g,Household,1,"1,810.00",0,Bank Transfer
RCPT-100177,TXN100177,2026-06-15,11:57:00, Yaba,TILL-02,Amaka Eze,8108681081,SKU1023,Ariel Detergent 900g,Household,1,"₦1,670.00",15,Cash
RCPT-102520,TXN102520,2026-06-15,21:39:00,Surulere Branch,TILL-01,Ibrahim Musa,8174065586,SKU1008,Milo 400g,Beverages,271,"₦2,310.00",0,Cash
RCPT-100470,TXN100470,2026-06-09,20:37:00,IKEJA,TILL-02,Ibrahim Musa,,SKU1019,Titus Sardine 125g,Canned Foods,2,660,0,Cash
RCPT-101653,TXN101653,2026-05-20,11:17:00,minimart express-ikeja ,TILL-02,Blessing Nwosu,,SKU1025,Tom Tom Sweet (pack),Snacks,2,340,0,Bank Transfer
RCPT-102267,TXN102267,29-03-2026,14:25:00,minimart express-ikeja ,TILL-02,Tunde Bakare,,SKU1018,Maltina 33cl,Beverages,1,460.00,0,Cash
RCPT-101499,TXN101499,05/05/2026,18:03:00,Ikeja Branch,TILL-02,Segun Adeyemi,,SKU1004,Dangote Sugar 1kg,Grains & Staples,2,1200,0,POS
RCPT-100219,TXN100219,07/08/2026,02:03 PM,minimart express-ikeja ,TILL-02,,7767787345,SKU1009,Cowbell Milk Powder 360g,Dairy,2,1690,0,transfer
RCPT-101614,TXN101614,2026-03-28,18:07:00,MiniMart Express - Yaba,TILL-01,,,SKU1006,Bigi Cola 50cl,Beverages,1,390,0,POS Card
RCPT-102345,TXN102345,03/20/2026,13:20:00,Surulere Branch,TILL-01,Tunde Bakare,+2348544879513,SKU1006,Bigi Cola 50cl,Beverages,1,370,0,Cash
RCPT-101454,TXN101454,2026-07-10,18:02:00,MiniMart Express - Ikeja,TILL-01,Fatima Bello,,SKU1011,Honeywell Semolina 2kg,Grains & Staples,1,2640,0,Bank Transfer
RCPT-102156,TXN102156,2026-04-17,19:13:00,minimart express-ikeja ,TILL-01,Chidinma Okafor,2348812152060,SKU1001,INDOMIE NOODLES 70G,Grains & Staples,4,160.00,0,POS Card
RCPT-102389,TXN102389,2026-04-19,14:15:00,MiniMart Express - Surulere,TILL-01,Ibrahim Musa,2348287868697,SKU1025,Tom Tom Sweet (pack),SNACKS,3,330,0,ATM Card
RCPT-101245,TXN101245,05/06/2026,17:40:00,IKEJA,TILL-02,Emeka Obi,2347494859689,SKU1017,La Casera 50cl,Beverages,2,390,0,Cash
RCPT-100206,TXN100206,2026-06-16,14:34:00,Ikeja Branch,TILL-01,Segun Adeyemi,2347418328019,SKU1020,Cerelac Infant Cereal 400g,Baby Products,2,3220,0,POS
RCPT-100426,TXN100426,2026-06-25,09:27:00,MiniMart Express - Yaba,TILL-01,Fatima Bello,+2348982823015,SKU1006,Bigi Cola 50cl,Beverages,5,350,15,Cash
RCPT-100846,TXN100846,2026-03-27,12:57:00, Yaba,TILL-03,Emeka Obi,,SKU1010,Mama Gold Rice5kg,Grains & Staples,4,6740,0,transfer
RCPT-100468,TXN100468,2026-05-23,11:10:00,Surulere Branch,TILL-01,Fatima Bello,+2348576453433,SKU1005,Coca-Cola 50cl,Beverages,3,,0,Cash
RCPT-100756,TXN100756,04/01/2026,07:54:00,minimart express-ikeja ,TILL-01,Amaka Eze,,SKU1012,Kings Vegetable Oil 1L,Grains & Staples,2,2440,0,POS Card
RCPT-102593,TXN102593,2026-06-14,10:05:00,Surulere Branch,TILL-01,Chidinma Okafor,,SKU1025,Tom Tom Sweet (pack),Snacks,1,₦300.00,0,ATM Card
RCPT-102494,TXN102494,17/05/2026,07:05 PM,MiniMart Express - Ikeja,TILL-02,Ibrahim Musa,+2347619086415,SKU1010,Mama Gold Rice 5kg,Grains & Staples,1,6320,0,POS Card
RCPT-100446,TXN100446,2026-05-15,19:59:00,minimart express-ikeja ,TILL-01,Blessing Nwosu,0 7 4 7 7 0 4 8 9 5 6,SKU1006,Bigi Cola 50cl,Beverages,1,₦370.00,0,POS Card
RCPT-100274,TXN100274,2026-06-15,16:36:00,Ikeja Branch,TILL-02,Emeka Obi,,SKU1013,Omo Detergent 900g,Household,2,,0,Cash
RCPT-100769,TXN100769,2026-05-10,07:24:00,MiniMart Express - Surulere,TILL-01,Fatima Bello,7356121915,SKU1008,Milo 400g,Beverages,3,2410,0,POS Card
RCPT-102067,TXN102067,2026-06-11,18:31:00,Yaba Branch,TILL-01,Blessing Nwosu,,SKU1014,Dettol Soap 65g,Personal Care,2,360,0,Cash
RCPT-100404,TXN100404,14-07-2026,19:44:00,minimart express-ikeja ,TILL-01,Fatima Bello,,SKU1007,Gala Sausage Roll,Snacks,1,260.00,0,ussd
RCPT-101283,TXN101283,04/02/2026,17:07:00,MiniMart Express - Ikeja,TILL-01,Tunde Bakare,,SKU1021,Bournvita 500g,Beverages,2,2170,5,transfer
RCPT-100984,TXN100984,2026-05-24,12:52:00,SURULERE,TILL-01,Amaka Eze,8947268157,SKU1014,Dettol Soap 65g,Personal Care,2,,0,Bank Transfer
RCPT-100935,TXN100935,2026-06-15,10:35:00,MiniMart Express - Surulere,TILL-01,Emeka Obi,+2347572218976,SKU1017,La Casera 50cl,Beverages,1,380,0,pos
RCPT-101562,TXN101562,2026-05-19,09:53:00,Yaba Branch,TILL-03,Blessing Nwosu,,SKU1029,Dano Milk Powder 400g,Dairy,3,2990,0,POS Card
RCPT-101017,TXN101017,04/16/2026,17:54:00,SURULERE,TILL-01,Amaka Eze,2348121564157,SKU1023,Ariel Detergent 900g,Household,2,1660,0,cash
RCPT-100876,TXN100876,31/05/2026,10:01 AM,MiniMart Express - Yaba,TILL-03,Chidinma Okafor,,SKU1030,Nasco Cornflakes 500g,Grains & Staples,2,,0,Bank Transfer
RCPT-101637,TXN101637,2026-04-30,16:50:00,YABA,TILL-03,Amaka Eze,,SKU1001,INDOMIE NOODLES 70G,Grains & Staples,3,140,0,Cash
RCPT-101807,TXN101807,2026-03-14,16:43:00,SURULERE,TILL-01,Blessing Nwosu,,SKU1026,Chivita Juice 1L,Beverages,1,,0,transfer
RCPT-102403,TXN102403,2026-06-29,19:48:00,MiniMart Express - Surulere,TILL-01,Tunde Bakare,,SKU1029,Dano Milk Powder 400g,Dairy,3,"3,060.00",5,transfer
RCPT-100643,TXN100643,2026-05-06,11:37:00,IKEJA,TILL-02,Chidinma Okafor,2348314511437,SKU1024,"Pampers Diapers (pack, medium)",Baby Products,2,,0,ATM Card
RCPT-102012,TXN102012,2026-05-06,20:11:00,YABA,TILL-03,Blessing Nwosu,,SKU1002,peak milk evaporated170g,Dairy,1,670,0,USSD
RCPT-101293,TXN101293,05/14/2026,19:41:00,Ikeja Branch,TILL-01,Emeka Obi,,SKU1009,Cowbell Milk Powder 360g,Dairy,3,1880,0,POS
RCPT-101730,TXN101730,2026-07-03,11:06:00,MiniMart Express - Ikeja,TILL-01,Fatima Bello,,SKU1003,Golden Morn 500g,Grains & Staples,5,1470,0,Cash
RCPT-101133,TXN101133,24/05/2026,16:02:00,MiniMart Express - Surulere,TILL-01,Emeka Obi,8616547750,SKU1010,MAMA GOLD RICE 5KG,Grains & Staples,2,,0,Card
RCPT-102139,TXN102139,03/07/2026,08:57:00,SURULERE,TILL-01,Blessing Nwosu,,SKU1028,Semovita 2kg,Grains & Staples,1,2300,0,Bank Transfer
RCPT-102475,TXN102475,2026-04-13,20:30:00,minimart express-ikeja ,TILL-02,Segun Adeyemi,8 9 4 6 2 8 5 0 3 6,SKU1003,Golden Morn 500g,Grains & Staples,3,1560,0,CASH
RCPT-101824,TXN101824,2026-04-12,17:00:00,MiniMart Express - Yaba,TILL-01,Tunde Bakare,7737992456,SKU1021,Bournvita 500g,Beverages,2,2630,0,Card
RCPT-102523,TXN102523,08-05-2026,16:42:00,MiniMart Express - Yaba,TILL-03,Ibrahim Musa,,SKU1009,Cowbell Milk Powder 360g,Dairy,1,"₦1,880.00",15,Card
RCPT-100142,TXN100142,2026-04-16,19:24:00,Ikeja Branch,TILL-02,,,SKU1011,Honeywell Semolina 2kg,Grains & Staples,1,2550,0,pos
RCPT-102371,TXN102371,26-03-2026,12:43:00,Ikeja Branch,TILL-01,Emeka Obi,2348227837416,SKU1001,Indomie Noodle 70g,Grains & Staples,1,150,0,Bank Transfer
RCPT-101068,TXN101068,2026-05-06,15:39:00,MiniMart Express - Surulere,TILL-01,Segun Adeyemi,,SKU1005,Coke 50cl,Beverages,3,460,0,pos
RCPT-102343,TXN102343,2026-06-25,09:35:00,MiniMart Express - Yaba,TILL-02,Segun Adeyemi,,SKU1029,Dano Milk Powder 400g,Dairy,1,2800,0,USSD
RCPT-102507,TXN102507,2026-05-05,10:12:00,SURULERE,TILL-01,Blessing Nwosu,9017891331,SKU1010,Mama Gold Rice 5kg,Grains & Staples,2,6240,0,cash
RCPT-101581,TXN101581,2026-07-05,08:22:00,YABA,TILL-03,Amaka Eze,,SKU1007,Gala Sausage Roll,Snacks,1,₦270.00,0,Cash
RCPT-101390,TXN101390,2026-05-19,11:36:00,Ikeja Branch,TILL-01,Blessing Nwosu,+2348963446751,SKU1012,Kings Vegetable Oil 1L,Grains & Staples,2,2620,0,Cash
RCPT-101812,TXN101812,2026-07-21,07:57:00,MiniMart Express - Surulere,TILL-01,Amaka Eze,,SKU1010,MAMA GOLD RICE 5KG,Grains & Staples,1,,0,transfer
RCPT-100207,TXN100207,2026-06-20,17:44:00, Yaba,TILL-02,Blessing Nwosu,+ 2 3 4 7 2 5 2 4 7 0 0 2 2,SKU1004,DANGOTE SUGAR 1KG ,Grains & Staples,4,"1,340.00",0,Cash
RCPT-101978,TXN101978,2026-03-03,19:41:00,YABA,TILL-03,Tunde Bakare,,SKU1006,Bigi Cola 50cl,Beverages,1,360,0,Cash
RCPT-102532,TXN102532,2026-07-25,19:43:00,Surulere Branch,TILL-01,Emeka Obi,7556978638,SKU1012,Kings Vegetable Oil 1L,Grains & Staples,5,"₦2,700.00",0,POS Card
RCPT-102189,TXN102189,2026-03-28,07:11:00,Ikeja Branch,TILL-01,Blessing Nwosu,,SKU1027,Amstel Malta 33cl,Beverages,1,360,0,pos
RCPT-101218,TXN101218,2026-04-16,14:58:00,IKEJA,TILL-01,Emeka Obi,2347402923322,SKU1030,Nasco Cornflakes 500g,Grains & Staples,1,2040,0,Cash
RCPT-101163,TXN101163,2026-07-26,18:24:00,MiniMart Express - Ikeja,TILL-01,Ibrahim Musa,+2347129877446,SKU1004,Dangote Sugar 1kg,Grains & Staples,4,1190,0,POS Card
RCPT-100383,TXN100383,02-07-2026,08:50:00,MiniMart Express - Surulere,TILL-01,Chidinma Okafor,,SKU1002,Peak Milk Evap 170g,Dairy,2,₦720.00,0,POS
RCPT-100555,TXN100555,2026-05-23,15:50:00,Surulere Branch,TILL-01,Chidinma Okafor,2349065648789,SKU1029,Dano Milk Powder 400g,Dairy,2,2760,0,ATM Card
RCPT-102190,TXN102190,2026-03-17,11:54:00,MiniMart Express - Yaba,TILL-03,Chidinma Okafor,,SKU1027,Amstel Malta 33cl,Beverages,2,₦390.00,0,ussd
RCPT-102442,TXN102442,2026-03-30,08:39:00,Yaba Branch,TILL-02,Blessing Nwosu,,SKU1009,Cowbell Milk Powder 360g,Dairy,2,1650,0,Cash
RCPT-101917,TXN101917,2026-07-10,11:03:00,MiniMart Express - Ikeja,TILL-01,Amaka Eze,09089314030,SKU1013,Omo Detergent 900g,Household,2,1770,0,cash
RCPT-101685,TXN101685,2026-04-17,13:19:00,MiniMart Express - Surulere,TILL-01,Emeka Obi,,SKU1011,Honeywell Semolina 2kg,Grains & Staples,1,2290,0,POS Card
RCPT-100501,TXN100501,2026-07-26,19:45:00,MiniMart Express - Surulere,TILL-01,Emeka Obi,,SKU1009,Cowbell Milk Powder 360g,DAIRY,3,1750,0,ussd
RCPT-101007,TXN101007,2026-03-15,20:35:00, Yaba,TILL-03,Fatima Bello,+2348078101291,SKU1009,Cowbell Milk Powder 360g,Dairy,1,2070,0,Transfer
RCPT-102342,TXN102342,2026-07-07,17:58:00,YABA,TILL-01,Chidinma Okafor,,SKU1002,Peak Milk Evaporated 170g,Dairy,2,610,0,Cash
RCPT-101471,TXN101471,2026-06-16,19:38:00,MiniMart Express - Yaba,TILL-02,Blessing Nwosu,,SKU1019,Titus Sardine 125g,Canned Foods,3,670,0,pos
RCPT-102141,,2026-07-26,17:12:00,SURULERE,TILL-01,Blessing Nwosu,08404543122,SKU1021,Bournvita 500g,Beverages,1,2680,0,ussd
RCPT-102390,TXN102390,2026-07-03,20:07:00,Surulere Branch,TILL-01,Blessing Nwosu,,SKU1029,Dano Milk Powder 400g,Dairy,1,3080,0,pos
RCPT-101478,TXN101478,2026-06-14,14:25:00,minimart express-ikeja ,TILL-02,Segun Adeyemi,,SKU1002,peak milk evaporated170g,Dairy,4,680,0,transfer
RCPT-102112,TXN102112,2026-07-10,16:18:00,Surulere Branch,TILL-01,Segun Adeyemi,+2348007109811,SKU1020,Cerelac Infant Cereal 400g,Baby Products,3,3190,0,Bank Transfer
RCPT-101046,TXN101046,2026-05-14,11:42:00,SURULERE,TILL-01,Tunde Bakare,,SKU1020,Cerelac Infant Cereal 400g,Baby Products,2,"₦3,230.00",0,cash
RCPT-101600,TXN101600,2026-03-27,17:38:00,Yaba Branch,TILL-03,Ibrahim Musa,,SKU1029,Dano Milk Powder 400g,Dairy,1,3210,0,POS Card
RCPT-102496,TXN102496,2026-04-07,14:23:00,SURULERE,TILL-01,Fatima Bello,08102610074,SKU1013,Omo Detergent 900g,Household,1,1490,0,pos
RCPT-100104,TXN100104,2026-07-06,08:39:00,MiniMart Express - Ikeja,TILL-01,Amaka Eze,,SKU1021,Bournvita 500g,Beverages,1,2630,0,ussd
RCPT-100797,TXN100797,27-07-2026,14:03:00,SURULERE,TILL-01,Emeka Obi,,SKU1027,Amstel Malta 33cl,Beverages,2,430,0,CASH
RCPT-100772,TXN100772,2026-03-03,10:42:00,SURULERE,TILL-01,Amaka Eze,,SKU1025,Tom Tom Sweet (pack),Snacks,4,320,0,Cash
RCPT-100198,TXN100198,18-05-2026,12:09:00,MiniMart Express - Surulere,TILL-01,Amaka Eze,,SKU1018,Maltina 33cl,Beverages,1,₦450.00,0,POS
RCPT-100796,TXN100796,2026-03-05,17:58:00,Yaba Branch,TILL-01,Amaka Eze,,SKU1024,"Pampers Diapers (pack, medium)",Baby Products,1,4110,0,cash
RCPT-100671,TXN100671,2026-06-24,08:17:00,Yaba Branch,TILL-01,Emeka Obi,2347505866530,SKU1028,Semovita 2kg,Grains & Staples,-1,"2,230.00",0,POS Card
RCPT-101280,TXN101280,2026-04-01,09:23:00,IKEJA,TILL-02,Segun Adeyemi,08578409202,SKU1016,Eva Water 75cl,Beverages,3,210.00,0,POS Card
RCPT-100844,TXN100844,2026-07-07,09:13:00,Surulere Branch,TILL-01,,7934278458,SKU1014,Dettol Soap 65g,Personal Care,3,320,0,ussd
RCPT-100266,TXN100266,2026-03-22,17:51:00,SURULERE,TILL-01,,,SKU1029,Dano Milk Powder 400g,Dairy,1,"3,000.00",0,POS Card
RCPT-101589,TXN101589,2026-07-29,18:03:00,YABA,TILL-01,Ibrahim Musa,7 3 1 5 0 7 3 1 9 3,SKU1009,Cowbell Milk Powder 360g,Dairy,1,"₦1,650.00",0,pos
RCPT-101565,TXN101565,2026-04-09,14:27:00,IKEJA,TILL-01,Amaka Eze,,SKU1023,Ariel Detergent 900g,Household,2,1890,0,POS
RCPT-101633,TXN101633,2026-07-21,16:13:00,MiniMart Express - Yaba,TILL-01,Tunde Bakare,,SKU1022,Knorr Chicken Cubes (pack),Grains & Staples,4,340,0,pos
RCPT-101154,TXN101154,2026-06-07,15:08:00,MiniMart Express - Surulere,TILL-01,Blessing Nwosu,+2348577093603,SKU1029,Dano Milk Powder 400g,Dairy,2,2930,0,Cash
RCPT-102270,TXN102270,2026-05-22,10:40:00,MiniMart Express - Ikeja,TILL-01,Ibrahim Musa,7201178089,SKU1004,DANGOTE SUGAR 1KG ,Grains & Staples,1,"1,150.00",5,Transfer
RCPT-101298,TXN101298,2026-04-17,11:10:00,MiniMart Express - Yaba,TILL-02,Amaka Eze,,SKU1028,Semovita 2kg,Grains & Staples,1,"₦2,250.00",0,USSD
RCPT-102218,TXN102218,2026-05-01,10:35:00,SURULERE,TILL-01,Ibrahim Musa,,SKU1003,Golden Morn 500g,Grains & Staples,1,1400,0,Cash
RCPT-102323,TXN102323,2026-03-04,18:44:00,MiniMart Express - Surulere,TILL-01,Segun Adeyemi,,SKU1023,Ariel Detergent 900g,Household,2,,10,Cash
RCPT-102580,TXN102580,2026-05-03,07:19:00,Yaba Branch,TILL-03,Chidinma Okafor,08193899180,SKU1026,Chivita Juice 1L,Beverages,2,1330,0,pos
RCPT-101849,TXN101849,18/03/2026,17:41:00,IKEJA,TILL-02,Fatima Bello,,SKU1018,Maltina 33cl,Beverages,2,470,0,USSD
RCPT-101415,TXN101415,21/04/2026,14:22:00,IKEJA,TILL-02,Ibrahim Musa,,SKU1027,Amstel Malta 33cl,Beverages,2,410,0,Bank Transfer
RCPT-102417,TXN102417,2026-03-02,13:41:00,YABA,TILL-02,Amaka Eze,+2347201061467,SKU1019,Titus Sardine 125g,Canned Foods,2,710,0,Card
RCPT-100973,TXN100973,2026-04-02,08:09:00, Yaba,TILL-01,Segun Adeyemi,8234388603,SKU1013,Omo Detergent 900g,Household,1,1530,0,Cash
RCPT-101999,TXN101999,26/06/2026,10:13:00,Surulere Branch,TILL-01,Blessing Nwosu,+2348117575434,SKU1016,Eva Water 75cl,Beverages,1,190,0,POS Card
RCPT-100278,TXN100278,2026-07-06,10:09:00,SURULERE,TILL-01,Tunde Bakare,7868628047,SKU1003,Golden Morn 500g,Grains & Staples,1,1330,0,USSD
RCPT-101516,TXN101516,2026-05-26,16:54:00,MiniMart Express - Ikeja,TILL-01,Fatima Bello,,SKU1010,MAMA GOLD RICE 5KG,Grains & Staples,1,6570,0,Cash
RCPT-100382,TXN100382,2026-06-02,11:08:00, Yaba,TILL-01,Blessing Nwosu,,SKU1016,Eva Water 75cl,Beverages,1,200.00,0,POS
RCPT-101535,TXN101535,2026-06-24,09:51:00,YABA,TILL-03,Emeka Obi,+2347866776618,SKU1023,Ariel Detergent 900g,Household,2,,0,Cash
RCPT-100313,TXN100313,2026-06-04,19:16:00,Ikeja Branch,TILL-02,Segun Adeyemi,2348406546545,SKU1009,Cowbell Milk Powder 360g,Dairy,4,1750,0,ATM Card
RCPT-102005,TXN102005,2026-05-23,19:27:00,MiniMart Express - Yaba,TILL-02,Tunde Bakare,,SKU1022,Knorr Chicken Cubes (pack),Grains & Staples,1,320,0,POS Card
RCPT-100854,TXN100854,2026-03-09,09:42 PM,MiniMart Express - Surulere,TILL-01,Emeka Obi,,SKU1011,Honeywell Semolina 2kg,Grains & Staples,3,2430,0,Cash
RCPT-101515,TXN101515,2026-04-24,09:40:00,MiniMart Express - Ikeja,TILL-01,Amaka Eze,+2347422703031,SKU1030,Nasco Cornflakes 500g,Grains & Staples,2,2050,0,POS Card
RCPT-100219,TXN100219,2026-07-08,14:03:00,Ikeja Branch,TILL-02,Chidinma Okafor,7767787345,SKU1027,Amstel Malta 33cl,,5,380,0,transfer
RCPT-101032,TXN101032,19/06/2026,21:47:00,Ikeja Branch,TILL-02,Tunde Bakare,2348708913298,SKU1016,Eva Water 75cl,Beverages,2,190,0,USSD
RCPT-100509,TXN100509,2026-07-30,10:41:00,MiniMart Express - Yaba,TILL-02,Amaka Eze,+2347227233246,SKU1025,Tom Tom Sweet (pack),Snacks,2,310,0,pos
RCPT-100776,TXN100776,2026-04-18,10:56:00,YABA,TILL-02,Emeka Obi,+2347173207839,SKU1005,COCA COLA 50CL,Beverages,4,430,0,USSD
RCPT-101835,TXN101835,2026-06-23,15:59:00,IKEJA,TILL-02,Chidinma Okafor,,SKU1004,DANGOTE SUGAR 1KG ,Grains & Staples,1,1300,10,Cash
RCPT-101718,TXN101718,2026-05-08,06:21 PM,IKEJA,TILL-02,Tunde Bakare,2348022920377,SKU1024,"Pampers Diapers (pack, medium)",Baby Products,1,4450,0,POS Card
RCPT-102172,TXN102172,2026-04-15,17:29:00,Ikeja Branch,TILL-02,Amaka Eze,,SKU1029,Dano Milk Powder 400g,Dairy,3,3210,0,Bank Transfer
RCPT-101000,TXN101000,2026-05-28,09:53:00,IKEJA,TILL-02,Tunde Bakare,+2347483009285,SKU1014,Dettol Soap 65g,Personal Care,4,320,0,POS Card
RCPT-101824,TXN101824,2026-04-12,17:00:00,MiniMart Express - Yaba,TILL-01,Tunde Bakare,7737992456,SKU1008,Milo 400g,Beverages,1,2380,0,Card
RCPT-102255,TXN102255,2026-06-25,13:28:00,SURULERE,TILL-01,Fatima Bello,,SKU1025,Tom Tom Sweet (pack),Snacks,1,320,0,Bank Transfer
RCPT-100289,TXN100289,2026-03-04,18:21:00,Ikeja Branch,TILL-01,Chidinma Okafor,08582180827,SKU1011,Honeywell Semolina 2kg,Grains & Staples,1,"2,110.00",0,ussd
RCPT-100939,TXN100939,11/05/2026,10:38:00,Surulere Branch,TILL-01,Emeka Obi,,SKU1001,INDOMIE NOODLES 70G,Grains & Staples,1,160,0,POS Card
RCPT-100169,TXN100169,2026-05-30,21:24:00,MiniMart Express - Yaba,TILL-03,Tunde Bakare,07917488605,SKU1001,Indomie Noodle 70g,Grains & Staples,1,160,0,transfer
RCPT-101330,TXN101330,21-04-2026,11:09:00,Ikeja Branch,TILL-02,Emeka Obi,07185265580,SKU1021,Bournvita 500g,Beverages,2,2520,5,Cash
RCPT-100611,TXN100611,2026-05-06,17:03:00,Surulere Branch,TILL-01,Segun Adeyemi,07723953395,SKU1023,Ariel Detergent 900g,Household,1,1650,0,Card
RCPT-100072,TXN100072,2026-03-31,21:28:00,Surulere Branch,TILL-01,Amaka Eze,,SKU1002,Peak Milk Evap 170g,DAIRY,1,720,0,ussd
RCPT-102384,TXN102384,01-04-2026,07:58:00, Yaba,TILL-02,Emeka Obi,09051513986,SKU1030,Nasco Cornflakes 500g,Grains & Staples,2,2120,0,CASH
RCPT-100179,TXN100179,25/04/2026,18:57:00,MiniMart Express - Yaba,TILL-02,Amaka Eze,+2347558416504,SKU1022,Knorr Chicken Cubes (pack),Grains & Staples,1,280.00,0,transfer
RCPT-101530,TXN101530,22/07/2026,11:11:00,Ikeja Branch,TILL-01,Amaka Eze,2347274557072,SKU1008,Milo 400g,Beverages,4,2370,0,Cash
RCPT-102349,TXN102349,2026-05-31,10:53:00,MiniMart Express - Surulere,TILL-01,Blessing Nwosu,,SKU1005,Coca-Cola 50cl,Beverages,3,390.00,0,POS Card
RCPT-100272,TXN100272,2026-03-11,12:50:00,MiniMart Express - Surulere,TILL-01,Fatima Bello,,SKU1027,Amstel Malta 33cl,Beverages,1,420,0,POS Card
RCPT-100628,TXN100628,2026-04-02,09:45:00,minimart express-ikeja ,TILL-02,,,SKU1023,Ariel Detergent 900g,Household,3,1750,0,Cash
RCPT-101972,TXN101972,2026-07-16,15:08:00,Ikeja Branch,TILL-01,Segun Adeyemi,+2348425615859,SKU1021,Bournvita 500g,Beverages,1,2190,0,CASH
RCPT-102503,TXN102503,2026-07-14,21:57:00,SURULERE,TILL-01,Ibrahim Musa,,SKU1003,Golden Morn 500g,Grains & Staples,2,1350,0,CASH
RCPT-102178,TXN102178,2026-04-04,16:37:00,SURULERE,TILL-01,Blessing Nwosu,09057364497,SKU1020,Cerelac Infant Cereal 400g,Baby Products,1,3170,0,transfer
RCPT-101043,TXN101043,2026-05-03,18:48:00, Yaba,TILL-03,Amaka Eze,,SKU1007,Gala Sausage Roll,Snacks,1,₦230.00,0,POS Card
RCPT-101492,TXN101492,2026-06-14,17:50:00,minimart express-ikeja ,TILL-01,Blessing Nwosu,,SKU1013,Omo Detergent 900g,Household,5,1750,0,Cash
RCPT-100648,TXN100648,2026-03-14,12:39:00,Yaba Branch,TILL-01,Emeka Obi,8259983324,SKU1005,Coca Cola 50cl,Beverages,5,390,15,Transfer
RCPT-100640,TXN100640,2026-06-02,16:11:00, Yaba,TILL-03,Blessing Nwosu,,SKU1015,Close Up Toothpaste 140ml,Personal Care,1,930,0,Bank Transfer
RCPT-102018,TXN102018,2026-06-24,15:15:00,Surulere Branch,TILL-01,Amaka Eze,2347208072922,SKU1004,DANGOTE SUGAR 1KG ,Grains & Staples,1,1180,0,POS Card
RCPT-102340,TXN102340,2026-07-01,10:27:00,minimart express-ikeja ,TILL-01,Amaka Eze,,SKU1025,Tom Tom Sweet (pack),Snacks,1,280,0,Bank Transfer
RCPT-101619,TXN101619,22-03-2026,17:20:00,YABA,TILL-03,Blessing Nwosu,+2348181444389,SKU1025,Tom Tom Sweet (pack),Snacks,3,340,0,USSD
RCPT-101881,TXN101881,2026-04-30,19:31:00,Ikeja Branch,TILL-01,Tunde Bakare,,SKU1002,Peak Milk Evaporated 170g,Dairy,1,610,0,ussd
RCPT-102552,TXN102552,2026-06-27,21:00:00,MiniMart Express - Surulere,TILL-01,Tunde Bakare,,SKU1023,Ariel Detergent 900g,Household,2,"₦1,760.00",0,Cash
RCPT-102580,TXN102580,2026-05-03,07:19:00,YABA,TILL-03,,08193899180,SKU1013,Omo Detergent 900g,Household,2,"1,530.00",0,pos
RCPT-101723,TXN101723,06/03/2026,19:38:00,SURULERE,TILL-01,Fatima Bello,2347848856156,SKU1014,Dettol Soap 65g,Personal Care,2,₦360.00,0,Cash
RCPT-101765,TXN101765,2026-06-30,14:41:00,MiniMart Express - Ikeja,TILL-02,Fatima Bello,07113914332,SKU1018,Maltina 33cl,,2,480,0,transfer
RCPT-101691,TXN101691,2026-03-31,20:02:00,minimart express-ikeja ,TILL-01,Chidinma Okafor,,SKU1019,Titus Sardine 125g,Canned Foods,1,640,0,transfer
RCPT-100958,TXN100958,2026-07-22,20:01:00, Yaba,TILL-03,Amaka Eze,,SKU1022,Knorr Chicken Cubes (pack),Grains & Staples,1,300,0,POS Card
RCPT-101433,TXN101433,2026-06-17,07:32:00,Ikeja Branch,TILL-02,Blessing Nwosu,,SKU1029,Dano Milk Powder 400g,Dairy,1,"3,060.00",5,pos
RCPT-100108,TXN100108,05/21/2026,15:09:00,MiniMart Express - Ikeja,TILL-02,Chidinma Okafor,,SKU1022,Knorr Chicken Cubes (pack),Grains & Staples,3,300.00,0,Bank Transfer
RCPT-101031,TXN101031,2026-05-19,17:53:00,Yaba Branch,TILL-01,Chidinma Okafor,,SKU1004,DANGOTE SUGAR 1KG ,GRAINS & STAPLES,1,1330,0,Bank Transfer
RCPT-101382,TXN101382,2026-03-09,19:15:00,minimart express-ikeja ,TILL-01,Segun Adeyemi,,SKU1007,Gala Sausage Roll,Snacks,1,240,0,Cash
RCPT-101497,TXN101497,07/11/2026,13:49:00,SURULERE,TILL-01,Emeka Obi,7937918725,SKU1020,Cerelac Infant Cereal 400g,Baby Products,2,3460,0,POS
RCPT-101971,TXN101971,02-06-2026,17:07:00,minimart express-ikeja ,TILL-02,Emeka Obi,,SKU1005,Coca Cola 50cl,Beverages,4,380,10,POS Card
RCPT-102118,TXN102118,2026-07-05,13:47:00, Yaba,TILL-02,Chidinma Okafor,,SKU1025,Tom Tom Sweet (pack),Snacks,1,300,0,Cash
RCPT-100586,TXN100586,2026-07-14,16:15:00,Surulere Branch,TILL-01,Emeka Obi,07021835847,SKU1027,Amstel Malta 33cl,Beverages,1,410,0,pos
RCPT-101598,TXN101598,2026-07-02,18:44:00, Yaba,TILL-03,,8313863119,SKU1004,DANGOTE SUGAR 1KG ,Grains & Staples,3,1200,0,pos
RCPT-100159,TXN100159,2026-03-16,15:27:00,SURULERE,TILL-01,Ibrahim Musa,2348412065530,SKU1020,Cerelac Infant Cereal 400g,Baby Products,3,3560,0,POS Card
RCPT-101472,TXN101472,2026-05-21,12:18:00, Yaba,TILL-02,,,SKU1005,Coca Cola 50cl,Beverages,1,₦450.00,0,Bank Transfer
RCPT-101651,TXN101651,2026-06-14,11:34:00,minimart express-ikeja ,TILL-02,Ibrahim Musa,+2347597294737,SKU1001,indomie noodles 70g,Grains & Staples,2,160.00,0,POS Card
RCPT-100756,TXN100756,2026-04-01,07:54:00,minimart express-ikeja ,TILL-01,Amaka Eze,,SKU1024,"Pampers Diapers (pack, medium)",Baby Products,3,4560,0,POS Card
RCPT-101238,TXN101238,2026-05-29,10:46 AM,MiniMart Express - Ikeja,TILL-02,Segun Adeyemi,,SKU1007,Gala Sausage Roll,Snacks,3,270,0,ATM Card
RCPT-100060,TXN100060,10-06-2026,17:46:00,MiniMart Express - Surulere,TILL-01,Chidinma Okafor,+2347598201300,SKU1005,COCA COLA 50CL,Beverages,-1,400.00,10,Cash
RCPT-100289,TXN100289,2026-03-04,18:21:00,minimart express-ikeja ,TILL-01,Chidinma Okafor,08582180827,SKU1021,Bournvita 500g,Beverages,1,2270,0,ussd
RCPT-100642,TXN100642,2026-07-25,16:40:00,Ikeja Branch,TILL-01,Ibrahim Musa,,SKU1015,Close Up Toothpaste 140ml,Personal Care,2,980,0,Transfer
RCPT-101872,TXN101872,2026-07-29,19:36:00,YABA,TILL-03,Emeka Obi,07543475068,SKU1019,Titus Sardine 125g,Canned Foods,4,750,0,pos
RCPT-102474,TXN102474,2026-05-27,19:58:00,MiniMart Express - Surulere,TILL-01,Emeka Obi,,SKU1008,Milo 400g,Beverages,1,"₦2,350.00",0,Cash
RCPT-101657,TXN101657,2026-05-25,09:18:00,MiniMart Express - Surulere,TILL-01,Tunde Bakare,,SKU1012,Kings Vegetable Oil 1L,Grains & Staples,2,2370,0,pos
RCPT-100425,TXN100425,2026-04-11,19:48:00,MiniMart Express - Yaba,TILL-03,Fatima Bello,,SKU1028,Semovita 2kg,Grains & Staples,2,2000,0,cash
RCPT-102416,TXN102416,2026-04-27,17:03:00,Yaba Branch,TILL-01,Segun Adeyemi,7494251315,SKU1029,Dano Milk Powder 400g,Dairy,1,3100,0,Transfer
RCPT-102158,TXN102158,2026-04-10,20:40:00,MiniMart Express - Ikeja,TILL-02,Segun Adeyemi,7244479042,SKU1009,Cowbell Milk Powder 360g,Dairy,1,1930,0,Bank Transfer
RCPT-101187,TXN101187,2026-06-03,09:51:00,YABA,TILL-03,Fatima Bello,+2347833721550,SKU1010,MAMA GOLD RICE 5KG,Grains & Staples,1,7260,0,POS Card
RCPT-100302,TXN100302,2026-03-22,11:53:00,Yaba Branch,TILL-03,Tunde Bakare,7248628368,SKU1010,Mama Gold Rice5kg,Grains & Staples,1,7320,5,cash
RCPT-100524,TXN100524,2026-06-02,10:24:00,MiniMart Express - Ikeja,TILL-01,Amaka Eze,07294601686,SKU1028,Semovita 2kg,Grains & Staples,1,2300,0,Card
RCPT-101389,TXN101389,03/04/2026,13:45:00,MiniMart Express - Surulere,TILL-01,Chidinma Okafor,08719604097,SKU1015,Close Up Toothpaste 140ml,Personal Care,5,1030,0,POS
RCPT-101632,TXN101632,2026-07-06,15:35:00,Ikeja Branch,TILL-01,Fatima Bello,,SKU1030,Nasco Cornflakes 500g,Grains & Staples,2,1860,0,POS Card
RCPT-100258,TXN100258,2026-04-28,11:48:00,MiniMart Express - Yaba,TILL-01,Ibrahim Musa,+2348182648700,SKU1004,DANGOTE SUGAR 1KG ,Grains & Staples,1,1250,0,ATM Card
RCPT-102141,TXN102141,2026-07-26,17:12:00,SURULERE,TILL-01,Blessing Nwosu,08404543122,SKU1010,Mama Gold Rice5kg,Grains & Staples,1,6170,0,ussd
RCPT-101764,TXN101764,2026-05-16,16:41:00,Ikeja Branch,TILL-02,Emeka Obi,,SKU1010,MAMA GOLD RICE 5KG,Grains & Staples,4,7290,15,Cash
RCPT-101785,TXN101785,2026-06-26,18:18:00,Ikeja Branch,TILL-02,Emeka Obi,,SKU1022,Knorr Chicken Cubes (pack),,2,300,0,POS Card
RCPT-101015,TXN101015,2026-05-20,13:45:00,MiniMart Express - Surulere,TILL-01,Amaka Eze,,SKU1026,Chivita Juice 1L,Beverages,2,1320,0,CASH
RCPT-101827,TXN101827,2026-06-26,08:33:00,MiniMart Express - Yaba,TILL-01,Emeka Obi,,SKU1006,Bigi Cola 50cl,Beverages,1,320,0,pos
RCPT-100611,TXN100611,2026-05-06,05:03 PM,MiniMart Express - Surulere,TILL-01,Segun Adeyemi,07723953395,SKU1024,"Pampers Diapers (pack, medium)",Baby Products,3,4690,0,Card
RCPT-101172,TXN101172,2026-06-05,13:43:00,SURULERE,TILL-01,Amaka Eze,07307459816,SKU1022,Knorr Chicken Cubes (pack),Grains & Staples,3,290,0,ussd
RCPT-102386,TXN102386,2026-06-29,13:27:00,Yaba Branch,TILL-01,Ibrahim Musa,8822452236,SKU1016,Eva Water 75cl,Beverages,5,230,10,POS Card
RCPT-102295,TXN102295,2026-06-11,18:21:00,Ikeja Branch,TILL-01,Blessing Nwosu,,SKU1028,Semovita 2kg,Grains & Staples,3,2340,0,Bank Transfer
RCPT-101828,TXN101828,2026-04-06,07:12:00,SURULERE,TILL-01,Segun Adeyemi,,SKU1002,peak milk evaporated170g,Dairy,4,680,0,Cash
RCPT-101315,TXN101315,18/04/2026,20:40:00,IKEJA,TILL-02,Segun Adeyemi,7058096521,SKU1020,Cerelac Infant Cereal 400g,Baby Products,1,3560,0,USSD
RCPT-100553,TXN100553,03/28/2026,08:49 PM,MiniMart Express - Yaba,TILL-01,Emeka Obi,,SKU1019,Titus Sardine 125g,Canned Foods,5,650,0,pos
RCPT-102381,TXN102381,01/05/2026,10:16:00,minimart express-ikeja ,TILL-01,Emeka Obi,,SKU1007,Gala Sausage Roll,Snacks,4,240,0,Cash
RCPT-100302,TXN100302,2026-03-22,11:53:00,MiniMart Express - Yaba,TILL-03,Tunde Bakare,7248628368,SKU1002,Peak Milk Evaporated 170g,Dairy,4,₦690.00,0,cash
RCPT-101326,TXN101326,2026-04-14,10:48:00,Ikeja Branch,TILL-02,Chidinma Okafor,,SKU1007,Gala Sausage Roll,Snacks,1,240,0,USSD
RCPT-101635,TXN101635,2026-06-24,11:32:00,YABA,TILL-01,Segun Adeyemi,7717633885,SKU1001,INDOMIE NOODLES 70G,Grains & Staples,2,160,0,POS Card
RCPT-100147,TXN100147,2026-06-20,10:40:00,Surulere Branch,TILL-01,Segun Adeyemi,09012263679,SKU1008,Milo 400g,Beverages,3,"1,970.00",0,Cash
RCPT-100125,TXN100125,2026-06-23,13:20:00,Yaba Branch,TILL-01,Blessing Nwosu,+2348741688161,SKU1030,Nasco Cornflakes 500g,Grains & Staples,4,"2,120.00",0,ATM Card
RCPT-100169,TXN100169,2026-05-30,21:24:00,Yaba Branch,TILL-03,Tunde Bakare,07917488605,SKU1015,Close Up Toothpaste 140ml,Personal Care,-3,920.00,0,transfer
RCPT-100812,TXN100812,2026-03-17,10:25:00,MiniMart Express - Yaba,TILL-02,Emeka Obi,,SKU1023,Ariel Detergent 900g,Household,4,"₦1,730.00",0,transfer
RCPT-100744,TXN100744,05/30/2026,20:19:00,MiniMart Express - Yaba,TILL-01,Ibrahim Musa,08896371348,SKU1024,"Pampers Diapers (pack, medium)",Baby Products,1,4340,15,Cash
RCPT-100271,TXN100271,2026-05-05,09:29:00,MiniMart Express - Yaba,TILL-01,Fatima Bello,,SKU1028,Semovita 2kg,Grains & Staples,3,2150,0,Cash
RCPT-102028,TXN102028,2026-06-11,07:43:00,MiniMart Express - Ikeja,TILL-02,Tunde Bakare,8075384412,SKU1009,Cowbell Milk Powder 360g,DAIRY,3,,0,Cash
RCPT-102480,TXN102480,2026-05-28,21:36:00,Surulere Branch,TILL-01,Emeka Obi,7073920792,SKU1011,Honeywell Semolina 2kg,Grains & Staples,2,,0,ATM Card
RCPT-100616,TXN100616,05/02/2026,16:07:00,SURULERE,TILL-01,Fatima Bello,,SKU1024,"Pampers Diapers (pack, medium)",Baby Products,2,4790,0,pos
RCPT-101348,TXN101348,2026-07-01,18:57:00,Surulere Branch,TILL-01,Chidinma Okafor,7559191271,SKU1002,Peak Milk Evaporated 170g,Dairy,1,,0,POS Card
RCPT-101726,TXN101726,2026-06-24,18:56:00,MiniMart Express - Ikeja,TILL-01,Tunde Bakare,,SKU1010,Mama Gold Rice 5kg,Grains & Staples,5,"5,990.00",0,POS Card
RCPT-100954,TXN100954,2026-06-10,18:46:00,MiniMart Express - Ikeja,TILL-02,Tunde Bakare,,SKU1007,Gala Sausage Roll,Snacks,477,230.00,0,cash
RCPT-102029,TXN102029,07/07/2026,19:18:00,SURULERE,TILL-01,Blessing Nwosu,,SKU1024,"Pampers Diapers (pack, medium)",Baby Products,1,"₦4,160.00",0,POS Card
RCPT-100515,TXN100515,2026-03-18,15:40:00,IKEJA,TILL-02,Segun Adeyemi,8375151336,SKU1007,Gala Sausage Roll,Snacks,1,250,0,Cash
RCPT-100811,TXN100811,16-06-2026,21:24:00,MiniMart Express - Ikeja,TILL-01,Emeka Obi,07097496851,SKU1027,Amstel Malta 33cl,Beverages,3,,0,pos
RCPT-100064,TXN100064,2026-03-18,19:55:00,MiniMart Express - Surulere,TILL-01,Fatima Bello,,SKU1018,Maltina 33cl,Beverages,2,450,0,transfer
RCPT-100079,TXN100079,2026-03-06,08:07:00,Surulere Branch,TILL-01,Tunde Bakare,,SKU1016,Eva Water 75cl,Beverages,1,210,0,POS Card
RCPT-102135,TXN102135,03/05/2026,13:34:00,Yaba Branch,TILL-03,Amaka Eze,,SKU1030,Nasco Cornflakes 500g,,4,1770,0,transfer
RCPT-101674,TXN101674,2026-05-12,15:29:00,MiniMart Express - Yaba,TILL-02,Ibrahim Musa,,SKU1026,Chivita Juice 1L,Beverages,1,"₦1,210.00",0,POS Card
RCPT-102455,TXN102455,06/25/2026,08:57:00,minimart express-ikeja ,TILL-01,Tunde Bakare,08496902736,SKU1015,Close Up Toothpaste 140ml,Personal Care,1,860,0,Bank Transfer
RCPT-100147,TXN100147,2026-06-20,10:40:00,SURULERE,TILL-01,Segun Adeyemi,09012263679,SKU1013,Omo Detergent 900g,Household,3,"1,630.00",0,Cash
RCPT-100755,TXN100755,2026-06-01,11:50:00,MiniMart Express - Surulere,TILL-01,Ibrahim Musa,07337008399,SKU1016,Eva Water 75cl,Beverages,1,200,10,Bank Transfer
RCPT-100153,TXN100153,07-05-2026,16:48:00,Yaba Branch,TILL-02,Blessing Nwosu,8326251441,SKU1015,Close Up Toothpaste 140ml,Personal Care,1,910,0,POS Card
RCPT-102534,TXN102534,2026-04-17,19:43:00,SURULERE,TILL-01,Segun Adeyemi,+2348955140786,SKU1029,Dano Milk Powder 400g,Dairy,1,2830,0,ussd
RCPT-102472,TXN102472,2026-07-28,09:27:00,Ikeja Branch,TILL-01,Chidinma Okafor,,SKU1004,Dangote sugar 1Kg,Grains & Staples,3,1170,0,Transfer
RCPT-100372,TXN100372,2026-06-16,12:26:00,IKEJA,TILL-02,Ibrahim Musa,+2348653109953,SKU1013,Omo Detergent 900g,Household,3,1570,0,cash
RCPT-100127,TXN100127,06/11/2026,08:41:00,MiniMart Express - Yaba,TILL-02,Blessing Nwosu,,SKU1025,Tom Tom Sweet (pack),Snacks,1,₦330.00,0,pos
RCPT-102085,TXN102085,17/05/2026,15:26:00,Surulere Branch,TILL-01,Chidinma Okafor,08979882361,SKU1021,Bournvita 500g,Beverages,2,2710,0,pos
RCPT-100891,TXN100891,2026-03-26,16:05:00,YABA,TILL-03,Blessing Nwosu,+2348726913267,SKU1014,Dettol Soap 65g,Personal Care,1,350,0,Bank Transfer
RCPT-101362,TXN101362,03-05-2026,19:34:00,minimart express-ikeja ,TILL-02,Chidinma Okafor,2347875650886,SKU1027,Amstel Malta 33cl,Beverages,1,₦430.00,0,POS Card
RCPT-101295,TXN101295,2026-03-04,08:39:00,SURULERE,TILL-01,Emeka Obi,2348394546586,SKU1001,Indomie Noodles 70g,Grains & Staples,1,140,0,CASH
RCPT-102125,TXN102125,2026-06-04,07:42:00,Ikeja Branch,TILL-01,Chidinma Okafor,,SKU1012,Kings Vegetable Oil 1L,Grains & Staples,1,"2,470.00",0,cash
RCPT-101188,TXN101188,2026-03-30,10:28:00,MiniMart Express - Surulere,TILL-01,Tunde Bakare,,SKU1004,Dangote sugar 1Kg,Grains & Staples,1,1210,0,Cash
RCPT-102373,TXN102373,2026-05-17,15:50:00, Yaba,TILL-03,Segun Adeyemi,+2348526139778,SKU1027,Amstel Malta 33cl,Beverages,1,380,0,POS Card
RCPT-100889,TXN100889,2026-06-29,20:30:00,MiniMart Express - Surulere,TILL-01,Amaka Eze,,SKU1005,Coca Cola 50cl,Beverages,2,,0,Card
RCPT-102481,TXN102481,2026-07-02,14:19:00,SURULERE,TILL-01,Chidinma Okafor,+2347346370800,SKU1002,peak milk evaporated170g,Dairy,2,730,5,Cash
RCPT-101288,TXN101288,2026-06-29,18:58:00,MiniMart Express - Surulere,TILL-01,Emeka Obi,2347783956857,SKU1028,Semovita 2kg,Grains & Staples,1,2380,0,pos
RCPT-100754,TXN100754,2026-07-16,21:25:00,minimart express-ikeja ,TILL-02,Segun Adeyemi,,SKU1018,Maltina 33cl,Beverages,4,410,0,Bank Transfer
RCPT-100404,TXN100404,2026-07-14,19:44:00,Ikeja Branch,TILL-01,Fatima Bello,,SKU1004,Dangote Sugar 1kg,Grains & Staples,4,1290,0,ussd
RCPT-101930,TXN101930,2026-05-06,17:22:00,YABA,TILL-02,Tunde Bakare,,SKU1023,Ariel Detergent 900g,Household,1,1930,0,Cash
RCPT-100620,TXN100620,2026-03-28,13:36:00,MiniMart Express - Ikeja,TILL-02,Blessing Nwosu,2348647925241,SKU1020,Cerelac Infant Cereal 400g,Baby Products,1,3180,10,POS Card
RCPT-101710,TXN101710,2026-03-08,18:30:00,Ikeja Branch,TILL-02,Amaka Eze,07035376065,SKU1004,Dangote Sugar 1kg,Grains & Staples,1,1190,0,transfer
RCPT-100588,TXN100588,2026-04-09,19:23:00, Yaba,TILL-02,Emeka Obi,2347432434306,SKU1021,Bournvita 500g,Beverages,2,2240,0,Bank Transfer
RCPT-102134,TXN102134,2026-07-20,09:59:00,Yaba Branch,TILL-02,Tunde Bakare,,SKU1002,peak milk evaporated170g,Dairy,2,640,0,USSD
RCPT-101487,TXN101487,27-04-2026,13:05:00,IKEJA,TILL-01,Blessing Nwosu,,SKU1018,Maltina 33cl,Beverages,1,₦410.00,5,Bank Transfer
RCPT-101375,TXN101375,2026-05-09,20:11:00, Yaba,TILL-03,Blessing Nwosu,2347603359706,SKU1024,"Pampers Diapers (pack, medium)",Baby Products,2,4530,0,Transfer
RCPT-100499,TXN100499,05-06-2026,16:37:00,MiniMart Express - Ikeja,TILL-02,Emeka Obi,7663773909,SKU1008,Milo 400g,BEVERAGES,1,2240,0,cash
RCPT-100027,TXN100027,2026-04-14,09:55:00,Ikeja Branch,TILL-01,Blessing Nwosu,,SKU1011,Honeywell Semolina 2kg,Grains & Staples,2,2130,0,Cash
RCPT-101105,TXN101105,13-05-2026,12:45:00,MiniMart Express - Surulere,TILL-01,Segun Adeyemi,0 7 9 8 6 4 4 0 8 0 7,SKU1007,Gala Sausage Roll,Snacks,2,270,0,Cash
RCPT-101359,TXN101359,25/07/2026,17:27:00,Ikeja Branch,TILL-01,Amaka Eze,,SKU1004,DANGOTE SUGAR 1KG ,Grains & Staples,2,"₦1,120.00",0,ussd
RCPT-101876,TXN101876,20-03-2026,09:48:00, Yaba,TILL-02,Chidinma Okafor,,SKU1024,"Pampers Diapers (pack, medium)",Baby Products,-5,5120,0,Cash
RCPT-100911,TXN100911,2026-06-11,12:17:00,minimart express-ikeja ,TILL-01,Segun Adeyemi,07136237113,SKU1019,Titus Sardine 125g,Canned Foods,1,680,0,USSD
RCPT-102109,TXN102109,30/06/2026,19:56:00,MiniMart Express - Ikeja,TILL-01,Chidinma Okafor,,SKU1012,Kings Vegetable Oil 1L,Grains & Staples,1,"₦2,430.00",0,POS Card
RCPT-100638,TXN100638,2026-07-11,07:08:00,Surulere Branch,TILL-01,Amaka Eze,,SKU1027,Amstel Malta 33cl,Beverages,1,380,0,Cash
RCPT-101801,TXN101801,2026-05-04,10:16:00,SURULERE,TILL-01,Chidinma Okafor,2348033118783,SKU1021,Bournvita 500g,Beverages,2,"₦2,500.00",0,Cash
RCPT-101066,TXN101066,30-07-2026,09:36:00,MiniMart Express - Surulere,TILL-01,Chidinma Okafor,,SKU1019,Titus Sardine 125g,Canned Foods,4,690,0,transfer
RCPT-100540,TXN100540,2026-03-11,09:49:00,MiniMart Express - Yaba,TILL-01,Amaka Eze,,SKU1023,Ariel Detergent 900g,Household,2,1650,0,Transfer
RCPT-101747,TXN101747,06/21/2026,09:09:00,MiniMart Express - Surulere,TILL-01,Chidinma Okafor,07611515695,SKU1001,indomie noodles 70g,Grains & Staples,3,,0,Cash
RCPT-102252,TXN102252,2026-07-31,10:50:00,minimart express-ikeja ,TILL-01,Blessing Nwosu,,SKU1016,Eva Water 75cl,Beverages,1,180,10,Cash
RCPT-101000,TXN101000,2026-05-28,09:53:00,MiniMart Express - Ikeja,TILL-02,Tunde Bakare,+2347483009285,SKU1021,Bournvita 500g,,3,"₦2,310.00",15,POS Card
RCPT-100780,TXN100780,12/07/2026,17:30:00,YABA,TILL-01,Fatima Bello,2348573842237,SKU1025,Tom Tom Sweet (pack),Snacks,-5,280.00,0,Card
RCPT-102453,TXN102453,07/23/2026,14:07:00,YABA,TILL-02,Ibrahim Musa,+2348742186659,SKU1023,Ariel Detergent 900g,Household,2,1930,0,Bank Transfer
RCPT-100741,TXN100741,2026-07-05,21:09:00,MiniMart Express - Yaba,TILL-01,Chidinma Okafor,,SKU1014,Dettol Soap 65g,Personal Care,2,380,0,POS Card
RCPT-102022,TXN102022,10-03-2026,20:31:00,MiniMart Express - Surulere,TILL-01,Chidinma Okafor,9047042631,SKU1030,Nasco Cornflakes 500g,Grains & Staples,1,1860,0,pos
RCPT-102131,,03-07-2026,11:01 AM,MiniMart Express - Ikeja,TILL-01,Fatima Bello,2348618222847,SKU1012,Kings Vegetable Oil 1L,Grains & Staples,1,2360,0,ATM Card
RCPT-101934,TXN101934,2026-03-21,13:13:00,Ikeja Branch,TILL-01,Chidinma Okafor,,SKU1022,Knorr Chicken Cubes (pack),Grains & Staples,3,330,0,Cash
RCPT-100093,TXN100093,2026-04-28,20:30:00, Yaba,TILL-01,Fatima Bello,+2347976880713,SKU1028,Semovita 2kg,Grains & Staples,1,2410,0,cash
RCPT-102098,TXN102098,15/04/2026,13:15:00,Ikeja Branch,TILL-01,Tunde Bakare,+2347414610785,SKU1022,Knorr Chicken Cubes (pack),Grains & Staples,1,320,0,Bank Transfer
RCPT-101947,TXN101947,2026-03-24,14:49:00,YABA,TILL-02,Tunde Bakare,,SKU1026,Chivita Juice 1L,Beverages,3,1380,0,Bank Transfer
RCPT-100238,TXN100238,05/03/2026,21:46:00,SURULERE,TILL-01,Fatima Bello,,SKU1004,Dangote Sugar 1kg,Grains & Staples,1,1110,0,POS Card
RCPT-100646,TXN100646,2026-06-03,12:51:00,MiniMart Express - Surulere,TILL-01,Blessing Nwosu,+2348486586260,SKU1014,Dettol Soap 65g,Personal Care,2,370,0,POS Card
RCPT-100975,TXN100975,13-06-2026,13:42:00,MiniMart Express - Surulere,TILL-01,Segun Adeyemi,+2347491448155,SKU1030,Nasco Cornflakes 500g,Grains & Staples,1,2090,0,Cash
RCPT-101335,TXN101335,30/03/2026,09:15:00,Yaba Branch,TILL-01,Fatima Bello,,SKU1018,Maltina 33cl,Beverages,3,470,0,Cash
RCPT-102527,TXN102527,2026-05-16,10:29:00,Ikeja Branch,TILL-02,Tunde Bakare,+2348929609507,SKU1010,MAMA GOLD RICE 5KG,Grains & Staples,1,7380,0,Cash
RCPT-100934,TXN100934,23/04/2026,15:28:00,Surulere Branch,TILL-01,Tunde Bakare,,SKU1019,Titus Sardine 125g,Canned Foods,3,680,0,Bank Transfer
RCPT-100216,TXN100216,03/06/2026,10:16:00,YABA,TILL-02,Segun Adeyemi,2347431163307,SKU1008,Milo 400g,Beverages,1,"1,980.00",0,Card
RCPT-101731,TXN101731,14-05-2026,16:41:00,MiniMart Express - Yaba,TILL-01,Blessing Nwosu,,SKU1005,Coca Cola 50cl,Beverages,2,420,0,Cash
RCPT-100078,TXN100078,2026-04-04,12:57:00,MiniMart Express - Surulere,TILL-01,Fatima Bello,,SKU1030,Nasco Cornflakes 500g,GRAINS & STAPLES,4,"1,950.00",0,Bank Transfer
RCPT-100633,TXN100633,2026-07-24,12:55:00,minimart express-ikeja ,TILL-02,Blessing Nwosu,,SKU1020,Cerelac Infant Cereal 400g,Baby Products,1,3620,0,Cash
RCPT-101746,TXN101746,05/04/2026,21:19:00,minimart express-ikeja ,TILL-01,Emeka Obi,2 3 4 8 5 7 9 2 8 6 8 4 9,SKU1018,Maltina 33cl,Beverages,1,510,0,pos
RCPT-101259,TXN101259,2026-07-01,13:10:00,YABA,TILL-01,Tunde Bakare,2347832994273,SKU1017,La Casera 50cl,Beverages,2,₦350.00,0,Transfer
RCPT-100380,TXN100380,2026-06-17,11:04:00,YABA,TILL-03,Fatima Bello,,SKU1003,Golden Morn 500g,Grains & Staples,1,1540,0,ATM Card
RCPT-101884,TXN101884,2026-05-26,10:56:00,YABA,TILL-02,Segun Adeyemi,+2347221861155,SKU1013,Omo Detergent 900g,Household,2,"1,630.00",0,POS
RCPT-101046,TXN101046,14-05-2026,11:42:00,MiniMart Express - Surulere,TILL-01,Tunde Bakare,,SKU1010,MAMA GOLD RICE 5KG,GRAINS & STAPLES,1,,0,cash
RCPT-102304,TXN102304,2026-07-14,17:32:00,MiniMart Express - Yaba,TILL-01,Blessing Nwosu,8307120086,SKU1010,Mama Gold Rice 5kg,Grains & Staples,2,,5,Cash
RCPT-100360,TXN100360,2026-05-27,12:55:00,MiniMart Express - Yaba,TILL-03,Tunde Bakare,,SKU1023,Ariel Detergent 900g,HOUSEHOLD,1,1970,0,Transfer
RCPT-101484,TXN101484,20/04/2026,21:56:00, Yaba,TILL-01,Blessing Nwosu,08079452471,SKU1004,Dangote Sugar 1kg,Grains & Staples,1,1260,0,Cash
RCPT-101262,TXN101262,2026-07-05,21:43:00, Yaba,TILL-01,Blessing Nwosu,8783566569,SKU1025,Tom Tom Sweet (pack),Snacks,1,₦280.00,0,Cash
RCPT-100274,TXN100274,2026-06-15,16:36:00,MiniMart Express - Ikeja,TILL-02,Emeka Obi,,SKU1021,Bournvita 500g,Beverages,4,2750,0,Cash
RCPT-102042,TXN102042,2026-06-19,19:18:00,MiniMart Express - Ikeja,TILL-01,Segun Adeyemi,,SKU1018,Maltina 33cl,Beverages,2,460,0,Transfer
RCPT-101191,TXN101191,2026-06-20,10:02:00, Yaba,TILL-03,Ibrahim Musa,+2348598071758,SKU1015,Close Up Toothpaste 140ml,Personal Care,1,810,0,POS
RCPT-100184,TXN100184,2026-03-16,11:00:00,Surulere Branch,TILL-01,Chidinma Okafor,+2349021702283,SKU1017,La Casera 50cl,Beverages,1,350,0,transfer
RCPT-101889,TXN101889,2026-06-28,12:19:00,Ikeja Branch,TILL-01,Chidinma Okafor,+2348864739055,SKU1028,Semovita 2kg,Grains & Staples,1,2170,0,POS
RCPT-100703,TXN100703,06/26/2026,07:25:00,Yaba Branch,TILL-02,Chidinma Okafor,,SKU1015,Close Up Toothpaste 140ml,Personal Care,1,,0,Transfer
RCPT-102061,TXN102061,06/27/2026,21:30:00,YABA,TILL-02,Blessing Nwosu,,SKU1029,Dano Milk Powder 400g,Dairy,-1,"₦2,970.00",0,ussd
RCPT-100148,TXN100148,2026-03-24,11:07:00,Surulere Branch,TILL-01,Emeka Obi,7806524500,SKU1006,Bigi Cola 50cl,Beverages,4,₦350.00,0,Bank Transfer
RCPT-100269,TXN100269,2026-07-23,19:33:00,MiniMart Express - Surulere,TILL-01,Amaka Eze,,SKU1023,Ariel Detergent 900g,Household,1,1640,0,pos
RCPT-101574,TXN101574,2026-03-22,18:58:00,Surulere Branch,TILL-01,Amaka Eze,,SKU1019,Titus Sardine 125g,Canned Foods,2,740,0,Cash
RCPT-100020,TXN100020,05/04/2026,07:14:00,MiniMart Express - Yaba,TILL-03,Segun Adeyemi,2348471348050,SKU1017,La Casera 50cl,Beverages,2,320,0,Bank Transfer
RCPT-100147,TXN100147,2026-06-20,10:40:00,MiniMart Express - Surulere,TILL-01,Segun Adeyemi,09012263679,SKU1020,Cerelac Infant Cereal 400g,Baby Products,2,3360,0,Cash
RCPT-101149,TXN101149,2026-07-24,17:01:00,Yaba Branch,TILL-02,Blessing Nwosu,,SKU1001, Indomie Noodles 70g ,Grains & Staples,1,160,0,POS Card
RCPT-101307,TXN101307,2026-04-27,19:14:00,MiniMart Express - Yaba,TILL-02,Fatima Bello,,SKU1006,Bigi Cola 50cl,Beverages,1,,10,transfer
RCPT-100598,TXN100598,20-06-2026,19:00:00,Yaba Branch,TILL-02,Emeka Obi,,SKU1021,Bournvita 500g,Beverages,3,"₦2,300.00",0,cash
RCPT-100296,TXN100296,2026-03-05,15:18:00,YABA,TILL-03,Fatima Bello,,SKU1002,Peak Milk Evaporated 170g,Dairy,2,710,0,ATM Card
RCPT-101539,TXN101539,2026-04-16,18:17:00,MiniMart Express - Surulere,TILL-01,Fatima Bello,,SKU1020,Cerelac Infant Cereal 400g,Baby Products,1,3680,0,cash
RCPT-100100,TXN100100,2026-05-28,14:14:00,Surulere Branch,TILL-01,Blessing Nwosu,2348136165171,SKU1017,La Casera 50cl,Beverages,3,360,0,Cash
RCPT-102495,TXN102495,03-04-2026,13:17:00, Yaba,TILL-03,Tunde Bakare,,SKU1011,Honeywell Semolina 2kg,,1,2240,0,transfer
RCPT-101288,TXN101288,2026-06-29,18:58:00,SURULERE,TILL-01,Emeka Obi,2347783956857,SKU1003,Golden Morn 500g,Grains & Staples,2,1360,0,pos
RCPT-100589,TXN100589,19/06/2026,15:42:00,Ikeja Branch,TILL-02,Ibrahim Musa,,SKU1019,Titus Sardine 125g,Canned Foods,5,640,0,POS Card
RCPT-102358,TXN102358,2026-06-12,14:41:00,MiniMart Express - Yaba,TILL-01,Ibrahim Musa,,SKU1022,Knorr Chicken Cubes (pack),Grains & Staples,1,₦300.00,0,Cash
RCPT-101574,TXN101574,03/22/2026,18:58:00,Surulere Branch,TILL-01,Amaka Eze,,SKU1010,Mama Gold Rice5kg,Grains & Staples,5,"₦6,530.00",0,Cash
RCPT-100704,TXN100704,2026-04-15,14:29:00,MiniMart Express - Yaba,TILL-03,Emeka Obi,,SKU1007,Gala Sausage Roll,Snacks,3,250,5,pos
RCPT-101547,,2026-07-09,16:24:00,MiniMart Express - Ikeja,TILL-02,Fatima Bello,,SKU1015,Close Up Toothpaste 140ml,Personal Care,1,870,0,POS Card
RCPT-100953,TXN100953,01-05-2026,13:36:00,SURULERE,TILL-01,Tunde Bakare,2347128157891,SKU1018,Maltina 33cl,Beverages,4,450,0,CASH
RCPT-101602,TXN101602,2026-05-11,19:32:00,MiniMart Express - Yaba,TILL-02,Chidinma Okafor,08712057220,SKU1016,Eva Water 75cl,Beverages,3,200.00,0,Bank Transfer
RCPT-102345,TXN102345,20/03/2026,01:20 PM,Surulere Branch,TILL-01,Tunde Bakare,+2348544879513,SKU1008,Milo 400g,Beverages,1,2240,10,Cash
RCPT-100790,TXN100790,03/01/2026,08:48 PM,IKEJA,TILL-02,Chidinma Okafor,,SKU1030,Nasco Cornflakes 500g,Grains & Staples,4,"₦1,730.00",5,USSD
RCPT-101846,TXN101846,2026-03-13,19:42:00,minimart express-ikeja ,TILL-01,Blessing Nwosu,8 1 1 8 2 9 5 1 7 5,SKU1013,Omo Detergent 900g,Household,1,"1,440.00",0,Transfer
RCPT-100314,TXN100314,2026-07-17,13:57:00,minimart express-ikeja ,TILL-01,Amaka Eze,,SKU1002,Peak Milk Evap 170g,Dairy,1,590,0,ussd
RCPT-100528,TXN100528,2026-06-14,17:24:00,MiniMart Express - Surulere,TILL-01,Amaka Eze,+2348458720280,SKU1014,Dettol Soap 65g,Personal Care,2,320,0,POS Card
RCPT-102207,TXN102207,2026-06-07,10:01:00,Ikeja Branch,TILL-01,Tunde Bakare,+2348395758384,SKU1020,Cerelac Infant Cereal 400g,Baby Products,4,3530,0,Cash
RCPT-101434,TXN101434,2026-04-28,16:55:00,Surulere Branch,TILL-01,Segun Adeyemi,2347623800518,SKU1025,Tom Tom Sweet (pack),Snacks,1,340,0,ATM Card
RCPT-101376,TXN101376,05/31/2026,12:25:00,Ikeja Branch,TILL-01,Fatima Bello,,SKU1019,Titus Sardine 125g,Canned Foods,3,680,0,Cash
RCPT-101962,TXN101962,09-05-2026,18:01:00,IKEJA,TILL-02,Emeka Obi,,SKU1007,Gala Sausage Roll,Snacks,2,₦240.00,0,ussd
RCPT-100964,TXN100964,2026-03-16,13:01:00,MiniMart Express - Yaba,TILL-01,Amaka Eze,+ 2 3 4 8 6 5 8 2 2 6 9 0 4,SKU1019,Titus Sardine 125g,Canned Foods,1,670,0,USSD
RCPT-100034,TXN100034,2026-04-11,19:51:00,Yaba Branch,TILL-03,Fatima Bello,7641875431,SKU1028,Semovita 2kg,Grains & Staples,2,1970,0,POS
RCPT-100395,TXN100395,2026-05-04,13:00:00,YABA,TILL-01,Fatima Bello,07146778649,SKU1029,Dano Milk Powder 400g,DAIRY,1,2790,0,POS Card
RCPT-102149,TXN102149,2026-06-17,20:51:00,Yaba Branch,TILL-02,Ibrahim Musa,2348166252289,SKU1019,Titus Sardine 125g,Canned Foods,5,650,0,CASH
RCPT-102194,TXN102194,25-05-2026,10:54:00,Surulere Branch,TILL-01,Fatima Bello,2348299470979,SKU1029,Dano Milk Powder 400g,Dairy,1,"₦2,790.00",0,ussd
RCPT-101785,TXN101785,2026-06-26,18:18:00,Ikeja Branch,TILL-02,Emeka Obi,,SKU1010,Mama Gold Rice 5kg,Grains & Staples,4,6790,0,POS Card
RCPT-102478,TXN102478,06/07/2026,08:53:00,Yaba Branch,TILL-01,Fatima Bello,,SKU1020,Cerelac Infant Cereal 400g,Baby Products,2,,0,cash
RCPT-101721,TXN101721,2026-06-16,16:59:00,MiniMart Express - Ikeja,TILL-02,Tunde Bakare,+2348478010591,SKU1015,Close Up Toothpaste 140ml,Personal Care,2,880,0,POS Card
RCPT-100211,TXN100211,2026-07-03,13:28:00, Yaba,TILL-01,Ibrahim Musa,,SKU1013,Omo Detergent 900g,Household,2,1760,0,Bank Transfer
RCPT-101775,TXN101775,2026-06-13,17:56:00,Ikeja Branch,TILL-02,Chidinma Okafor,0 8 6 4 2 4 1 5 6 3 4,SKU1019,Titus Sardine 125g,Canned Foods,2,₦670.00,0,Cash
RCPT-102583,TXN102583,07/05/2026,19:16:00, Yaba,TILL-03,Segun Adeyemi,7267740898,SKU1009,Cowbell Milk Powder 360g,Dairy,1,1670,0,pos
RCPT-102089,TXN102089,2026-04-01,08:21:00,Ikeja Branch,TILL-02,Tunde Bakare,2348064601428,SKU1029,Dano Milk Powder 400g,Dairy,1,3280,0,POS Card
RCPT-100990,TXN100990,2026-06-10,11:45:00,Ikeja Branch,TILL-01,Segun Adeyemi,,SKU1016,Eva Water 75cl,Beverages,1,180,0,Cash
RCPT-100075,TXN100075,2026-03-28,14:21:00,Surulere Branch,TILL-01,Blessing Nwosu,2348636454894,SKU1007,Gala Sausage Roll,Snacks,3,250,0,Bank Transfer
RCPT-102550,TXN102550,2026-06-12,18:22:00,minimart express-ikeja ,TILL-02,Chidinma Okafor,2348453366009,SKU1029,Dano Milk Powder 400g,Dairy,5,"₦2,650.00",0,Transfer
RCPT-101254,TXN101254,2026-04-23,14:47:00,Ikeja Branch,TILL-01,Ibrahim Musa,,SKU1018,Maltina 33cl,BEVERAGES,4,480,0,Transfer
RCPT-100102,TXN100102,2026-05-22,07:03:00,Surulere Branch,TILL-01,Ibrahim Musa,+2347054119515,SKU1008,Milo 400g,Beverages,1,1950,0,Cash
RCPT-101012,TXN101012,30/05/2026,10:38:00,MiniMart Express - Ikeja,TILL-02,,08361715546,SKU1026,Chivita Juice 1L,Beverages,1,"1,340.00",0,CASH
RCPT-102096,TXN102096,2026-05-11,11:06:00,Ikeja Branch,TILL-01,Emeka Obi,,SKU1009,Cowbell Milk Powder 360g,Dairy,2,1670,0,Transfer
RCPT-100116,TXN100116,2026-05-24,19:59:00,IKEJA,TILL-01,Ibrahim Musa,08211596568,SKU1029,Dano Milk Powder 400g,Dairy,1,3040,0,Card
RCPT-100917,TXN100917,2026-03-25,21:32:00, Yaba,TILL-03,Amaka Eze,,SKU1019,Titus Sardine 125g,Canned Foods,3,750,0,cash
RCPT-100731,TXN100731,2026-05-21,21:23:00, Yaba,TILL-02,Ibrahim Musa,,SKU1019,Titus Sardine 125g,Canned Foods,1,670,0,transfer
RCPT-100585,TXN100585,2026-07-13,10:15:00,SURULERE,TILL-01,Tunde Bakare,,SKU1014,Dettol Soap 65g,Personal Care,2,380,0,Cash
RCPT-100758,TXN100758,2026-04-29,15:07:00,Ikeja Branch,TILL-01,Fatima Bello,07891109886,SKU1006,Bigi Cola 50cl,Beverages,1,390,0,transfer
RCPT-101495,TXN101495,2026-04-14,14:08:00,MiniMart Express - Yaba,TILL-02,,,SKU1011,Honeywell Semolina 2kg,Grains & Staples,1,2250,0,Card
RCPT-101012,TXN101012,2026-05-30,10:38:00,MiniMart Express - Ikeja,TILL-02,Blessing Nwosu,08361715546,SKU1003,Golden Morn 500g,Grains & Staples,2,1630,0,CASH
RCPT-100741,TXN100741,05/07/2026,21:09:00,YABA,TILL-01,Chidinma Okafor,,SKU1010,MAMA GOLD RICE 5KG,Grains & Staples,1,"7,070.00",0,POS Card
RCPT-102022,TXN102022,2026-03-10,20:31:00,MiniMart Express - Surulere,TILL-01,Chidinma Okafor,9047042631,SKU1021,Bournvita 500g,,1,2440,0,pos
RCPT-101478,TXN101478,2026-06-14,14:25:00,minimart express-ikeja ,TILL-02,Segun Adeyemi,,SKU1007,Gala Sausage Roll,Snacks,1,₦240.00,0,transfer
RCPT-102408,TXN102408,2026-07-22,09:21:00, Yaba,TILL-01,Ibrahim Musa,,SKU1003,Golden Morn 500g,,1,"1,330.00",0,POS
RCPT-101029,TXN101029,04/07/2026,16:06:00,minimart express-ikeja ,TILL-01,Segun Adeyemi,,SKU1029,Dano Milk Powder 400g,Dairy,4,2900,0,POS Card
RCPT-100580,TXN100580,2026-04-06,12:23:00,MiniMart Express - Ikeja,TILL-01,Chidinma Okafor,,SKU1018,Maltina 33cl,Beverages,4,₦410.00,0,USSD
RCPT-101941,TXN101941,2026-07-10,17:02:00,IKEJA,TILL-01,,,SKU1020,Cerelac Infant Cereal 400g,,2,3610,0,Bank Transfer
RCPT-102113,TXN102113,2026-04-27,08:52:00,Yaba Branch,TILL-02,Blessing Nwosu,2 3 4 7 0 5 2 9 0 4 1 5 5,SKU1018,Maltina 33cl,Beverages,2,460,0,Transfer
RCPT-100424,TXN100424,07/14/2026,12:35:00,minimart express-ikeja ,TILL-01,Tunde Bakare,,SKU1025,Tom Tom Sweet (pack),Snacks,1,290,0,POS Card
RCPT-101031,TXN101031,19/05/2026,17:53:00,Yaba Branch,TILL-01,Chidinma Okafor,,SKU1025,Tom Tom Sweet (pack),Snacks,2,290,0,Bank Transfer
RCPT-101314,TXN101314,2026-06-01,11:31:00,MiniMart Express - Ikeja,TILL-02,Segun Adeyemi,07315629354,SKU1021,Bournvita 500g,Beverages,1,"₦2,220.00",0,Card
RCPT-100923,TXN100923,2026-04-08,11:03:00, Yaba,TILL-03,Chidinma Okafor,07768150871,SKU1014,Dettol Soap 65g,Personal Care,1,₦370.00,0,Bank Transfer
RCPT-102400,TXN102400,10/07/2026,14:04:00,YABA,TILL-02,Amaka Eze,,SKU1014,Dettol Soap 65g,,1,330,0,CASH
RCPT-101526,TXN101526,17/03/2026,16:51:00,Surulere Branch,TILL-01,Amaka Eze,,SKU1029,Dano Milk Powder 400g,Dairy,1,"2,710.00",0,ATM Card
RCPT-101320,TXN101320,2026-06-10,21:08:00,MiniMart Express - Yaba,TILL-01,Fatima Bello,,SKU1004,Dangote Sugar 1kg,,4,1360,0,Card
RCPT-101065,TXN101065,2026-07-20,12:18:00,Surulere Branch,TILL-01,Fatima Bello,,SKU1015,Close Up Toothpaste 140ml,Personal Care,2,870,0,Cash
RCPT-100693,TXN100693,28-07-2026,17:40:00,SURULERE,TILL-01,Chidinma Okafor,,SKU1001, Indomie Noodles 70g ,Grains & Staples,2,140,5,Bank Transfer
RCPT-101507,TXN101507,2026-05-28,09:51:00,MiniMart Express - Surulere,TILL-01,Blessing Nwosu,,SKU1026,Chivita Juice 1L,Beverages,4,1420,0,Transfer
RCPT-100811,TXN100811,16-06-2026,21:24:00,IKEJA,TILL-01,Emeka Obi,07097496851,SKU1007,Gala Sausage Roll,Snacks,3,230,0,pos
RCPT-101383,TXN101383,2026-04-22,11:01 AM,YABA,TILL-03,Fatima Bello,,SKU1023,Ariel Detergent 900g,Household,2,1670,0,USSD
RCPT-100168,TXN100168,2026-04-23,14:38:00,SURULERE,TILL-01,Segun Adeyemi,,SKU1030,Nasco Cornflakes 500g,Grains & Staples,1,2040,0,USSD
RCPT-100291,TXN100291,2026-03-05,13:09:00,minimart express-ikeja ,TILL-01,Tunde Bakare,,SKU1010,Mama Gold Rice 5kg,GRAINS & STAPLES,1,"6,350.00",0,Cash
RCPT-102557,TXN102557,2026-06-20,18:02:00,minimart express-ikeja ,TILL-02,Blessing Nwosu,7025428362,SKU1003,Golden Morn 500g,Grains & Staples,3,1390,0,POS Card
RCPT-102444,TXN102444,2026-03-26,18:35:00, Yaba,TILL-03,Segun Adeyemi,,SKU1012,Kings Vegetable Oil 1L,Grains & Staples,2,2950,0,ussd
RCPT-100481,TXN100481,06/08/2026,14:13:00,MiniMart Express - Yaba,TILL-03,Chidinma Okafor,07526111680,SKU1017,La Casera 50cl,Beverages,1,370,0,Bank Transfer
RCPT-101739,TXN101739,2026-05-17,20:23:00,Surulere Branch,TILL-01,Amaka Eze,+2348839586708,SKU1023,Ariel Detergent 900g,Household,1,1940,0,POS Card
RCPT-101694,TXN101694,22-05-2026,19:52:00,MiniMart Express - Surulere,TILL-01,Ibrahim Musa,,SKU1030,Nasco Cornflakes 500g,Grains & Staples,3,2140,0,cash
RCPT-101381,TXN101381,2026-03-16,21:37:00,SURULERE,TILL-01,Ibrahim Musa,7 8 2 3 2 1 8 4 2 7,SKU1015,Close Up Toothpaste 140ml,Personal Care,4,890,0,CASH
RCPT-101546,TXN101546,16-06-2026,05:00 PM,MiniMart Express - Yaba,TILL-02,Chidinma Okafor,07094706372,SKU1005,Coke 50cl,Beverages,1,390,0,Cash
RCPT-100452,TXN100452,07-05-2026,17:57:00,Surulere Branch,TILL-01,Emeka Obi,,SKU1010,Mama Gold Rice 5kg,Grains & Staples,2,6720,0,cash
RCPT-101456,TXN101456,17/06/2026,20:05:00,SURULERE,TILL-01,Chidinma Okafor,,SKU1001,INDOMIE NOODLES 70G,Grains & Staples,4,₦150.00,0,Cash
RCPT-101893,TXN101893,14-03-2026,17:33:00,MiniMart Express - Surulere,TILL-01,Segun Adeyemi,,SKU1027,Amstel Malta 33cl,Beverages,4,430,0,Cash
RCPT-100107,TXN100107,2026-03-10,14:09:00,MiniMart Express - Surulere,TILL-01,Tunde Bakare,,SKU1009,Cowbell Milk Powder 360g,Dairy,1,2020,0,POS Card
RCPT-101885,TXN101885,2026-05-30,12:28:00,SURULERE,TILL-01,Segun Adeyemi,7016536636,SKU1007,Gala Sausage Roll,Snacks,2,260,0,Card
RCPT-101559,TXN101559,2026-07-06,18:09:00,minimart express-ikeja ,TILL-02,Chidinma Okafor,,SKU1024,"Pampers Diapers (pack, medium)",Baby Products,1,"₦4,480.00",0,Cash
RCPT-102304,TXN102304,2026-07-14,17:32:00,YABA,TILL-01,Blessing Nwosu,8307120086,SKU1019,Titus Sardine 125g,Canned Foods,1,730,0,Cash
RCPT-100261,TXN100261,2026-05-23,18:46:00,minimart express-ikeja ,TILL-01,Amaka Eze,7117544171,SKU1002,Peak Milk Evap 170g,Dairy,1,610,0,ussd
RCPT-101359,TXN101359,07/25/2026,17:27:00,IKEJA,TILL-01,Amaka Eze,,SKU1010,Mama Gold Rice 5kg,Grains & Staples,2,7180,0,ussd
RCPT-100342,TXN100342,06/05/2026,15:39:00,MiniMart Express - Ikeja,TILL-01,Tunde Bakare,+2347205916304,SKU1006,Bigi Cola 50cl,Beverages,1,350.00,0,POS Card
RCPT-101062,TXN101062,2026-06-06,07:20 PM,YABA,TILL-03,Ibrahim Musa,2349007040303,SKU1002,Peak Milk Evaporated 170g,Dairy,1,600,0,Cash
RCPT-100547,TXN100547,2026-06-29,14:47:00,minimart express-ikeja ,TILL-02,Emeka Obi,2347293027871,SKU1017,La Casera 50cl,Beverages,5,370,0,Cash
RCPT-100009,TXN100009,01-04-2026,18:19:00,MiniMart Express - Surulere,TILL-01,Segun Adeyemi,,SKU1023,Ariel Detergent 900g,Household,1,1840,0,ATM Card
RCPT-102328,TXN102328,17-03-2026,18:24:00,YABA,TILL-01,Amaka Eze,7704960797,SKU1006,Bigi Cola 50cl,Beverages,1,350,0,USSD
RCPT-102588,TXN102588,2026-03-13,12:27:00,MiniMart Express - Ikeja,TILL-01,Chidinma Okafor,,SKU1012,Kings Vegetable Oil 1L,,3,2490,0,Cash
RCPT-102341,TXN102341,2026-07-15,12:13:00,MiniMart Express - Yaba,TILL-01,Segun Adeyemi,2348736325266,SKU1026,Chivita Juice 1L,Beverages,2,1330,0,POS
RCPT-102157,TXN102157,04/04/2026,17:20:00,Yaba Branch,TILL-01,Fatima Bello,,SKU1012,Kings Vegetable Oil 1L,Grains & Staples,4,2580,15,POS Card
RCPT-101340,TXN101340,2026-06-08,07:44:00,IKEJA,TILL-01,Ibrahim Musa,,SKU1005,Coca Cola 50cl,Beverages,2,430,0,POS Card
RCPT-101912,TXN101912,2026-04-22,19:19:00,MiniMart Express - Yaba,TILL-02,Tunde Bakare,,SKU1005,Coke 50cl,Beverages,1,430,0,POS Card
RCPT-101316,TXN101316,2026-04-09,17:45:00,Surulere Branch,TILL-01,Tunde Bakare,,SKU1007,Gala Sausage Roll,Snacks,1,250,0,Cash
RCPT-102365,TXN102365,05/12/2026,17:56:00,SURULERE,TILL-01,Amaka Eze,,SKU1004,Dangote sugar 1Kg,Grains & Staples,1,1120,0,POS Card
RCPT-101635,TXN101635,2026-06-24,11:32:00,YABA,TILL-01,Segun Adeyemi,7717633885,SKU1011,Honeywell Semolina 2kg,Grains & Staples,2,2360,0,POS Card
RCPT-101184,TXN101184,2026-07-03,08:37:00,MiniMart Express - Yaba,TILL-03,Segun Adeyemi,,SKU1015,Close Up Toothpaste 140ml,Personal Care,5,930,0,Bank Transfer
RCPT-101421,TXN101421,04/24/2026,18:39:00, Yaba,TILL-01,Tunde Bakare,07261099029,SKU1006,Bigi Cola 50cl,BEVERAGES,1,350,0,transfer
RCPT-100665,TXN100665,11-04-2026,16:38:00,Yaba Branch,TILL-03,Chidinma Okafor,,SKU1003,Golden Morn 500g,Grains & Staples,1,1340,0,POS
RCPT-101777,TXN101777,07/27/2026,17:27:00,MiniMart Express - Surulere,TILL-01,Segun Adeyemi,+2347228329798,SKU1018,Maltina 33cl,Beverages,2,430,0,Bank Transfer
RCPT-101680,TXN101680,2026-05-30,17:15:00,YABA,TILL-03,Emeka Obi,,SKU1001,INDOMIE NOODLES 70G,Grains & Staples,1,140.00,0,Cash
RCPT-102346,TXN102346,28/05/2026,13:23:00,Yaba Branch,TILL-01,Blessing Nwosu,09056230205,SKU1020,Cerelac Infant Cereal 400g,Baby Products,4,"₦3,440.00",0,USSD
RCPT-102207,TXN102207,2026-06-07,10:01:00,MiniMart Express - Ikeja,TILL-01,Tunde Bakare,+2348395758384,SKU1023,Ariel Detergent 900g,Household,2,1720,0,Cash
RCPT-101140,TXN101140,2026-06-12,08:49:00,SURULERE,TILL-01,Segun Adeyemi,,SKU1030,Nasco Cornflakes 500g,Grains & Staples,1,2160,0,Cash
RCPT-100819,TXN100819,2026-04-04,20:17:00,MiniMart Express - Surulere,TILL-01,Fatima Bello,,SKU1018,Maltina 33cl,Beverages,1,₦480.00,0,Cash
RCPT-101399,TXN101399,2026-04-06,10:08:00,SURULERE,TILL-01,Tunde Bakare,,SKU1027,Amstel Malta 33cl,Beverages,2,₦440.00,0,Cash
RCPT-101349,TXN101349,2026-06-03,15:14:00,SURULERE,TILL-01,Fatima Bello,,SKU1018,Maltina 33cl,Beverages,3,450,0,ATM Card
RCPT-101520,TXN101520,2026-05-17,19:24:00,SURULERE,TILL-01,Tunde Bakare,,SKU1002,peak milk evaporated170g,Dairy,1,650,0,Bank Transfer
RCPT-101322,TXN101322,10/05/2026,18:43:00, Yaba,TILL-02,Emeka Obi,,SKU1004,Dangote sugar 1Kg,Grains & Staples,3,1110,0,transfer
RCPT-101233,TXN101233,2026-07-30,14:25:00,IKEJA,TILL-02,Tunde Bakare,07297307615,SKU1007,Gala Sausage Roll,Snacks,1,250,0,Card
RCPT-100804,TXN100804,2026-06-08,07:50:00,MiniMart Express - Surulere,TILL-01,,,SKU1012,Kings Vegetable Oil 1L,Grains & Staples,2,2530,0,Cash
RCPT-101204,TXN101204,07/29/2026,19:08:00,YABA,TILL-03,Fatima Bello,8654347539,SKU1018,Maltina 33cl,Beverages,1,520,0,Card
RCPT-101125,TXN101125,2026-05-28,19:37:00,Yaba Branch,TILL-01,Ibrahim Musa,,SKU1013,Omo Detergent 900g,Household,3,1440,0,Cash
RCPT-100112,TXN100112,2026-06-21,13:19:00,Ikeja Branch,TILL-01,Blessing Nwosu,07738740121,SKU1017,La Casera 50cl,Beverages,4,380,0,Card
RCPT-100374,TXN100374,2026-03-18,13:06:00,Yaba Branch,TILL-01,Segun Adeyemi,,SKU1017,La Casera 50cl,Beverages,2,360,0,CASH
RCPT-102144,TXN102144,2026-04-13,16:45:00,Yaba Branch,TILL-01,Emeka Obi,2348316924600,SKU1017,La Casera 50cl,BEVERAGES,1,320,0,CASH
RCPT-100206,TXN100206,16-06-2026,14:34:00,IKEJA,TILL-01,Segun Adeyemi,2347418328019,SKU1029,Dano Milk Powder 400g,Dairy,1,2750,0,POS
RCPT-102042,TXN102042,2026-06-19,19:18:00,IKEJA,TILL-01,Segun Adeyemi,,SKU1027,Amstel Malta 33cl,Beverages,4,420,0,Transfer
RCPT-100453,TXN100453,2026-07-04,19:16:00,Surulere Branch,TILL-01,Blessing Nwosu,,SKU1014,Dettol Soap 65g,Personal Care,1,320,0,POS
RCPT-101440,TXN101440,2026-06-15,15:54:00,MiniMart Express - Surulere,TILL-01,Fatima Bello,,SKU1026,Chivita Juice 1L,Beverages,1,1430,0,POS
RCPT-100285,TXN100285,05/20/2026,20:22:00,Ikeja Branch,TILL-02,Tunde Bakare,,SKU1027,Amstel Malta 33cl,Beverages,1,₦390.00,0,Cash
RCPT-101087,TXN101087,05/12/2026,20:32:00,Surulere Branch,TILL-01,Tunde Bakare,+2348869493615,SKU1023,Ariel Detergent 900g,Household,2,,0,POS Card
RCPT-102523,TXN102523,2026-05-08,16:42:00,YABA,TILL-03,Ibrahim Musa,,SKU1005,Coke 50cl,Beverages,1,380,0,Card
RCPT-100357,TXN100357,2026-04-17,11:34:00,MiniMart Express - Ikeja,TILL-02,Segun Adeyemi,,SKU1002,Peak Milk Evap 170g,Dairy,1,₦610.00,0,Cash
RCPT-102280,TXN102280,2026-03-02,16:38:00,MiniMart Express - Surulere,TILL-01,Chidinma Okafor,,SKU1029,Dano Milk Powder 400g,Dairy,3,2630,0,POS Card
RCPT-101141,TXN101141,2026-05-17,11:16:00,MiniMart Express - Yaba,TILL-02,Tunde Bakare,7966684251,SKU1027,Amstel Malta 33cl,Beverages,1,370,0,Cash
RCPT-101632,TXN101632,2026-07-06,15:35:00,minimart express-ikeja ,TILL-01,Fatima Bello,,SKU1029,Dano Milk Powder 400g,Dairy,4,2740,0,POS Card
RCPT-102046,TXN102046,2026-05-20,15:29:00,Ikeja Branch,TILL-01,Amaka Eze,+2347023815015,SKU1025,Tom Tom Sweet (pack),Snacks,2,320,0,Bank Transfer
RCPT-101993,TXN101993,02/05/2026,19:06:00,minimart express-ikeja ,TILL-01,Tunde Bakare,0 7 6 2 5 7 8 0 8 1 1,SKU1029,Dano Milk Powder 400g,Dairy,2,2950,0,USSD
RCPT-101103,TXN101103,2026-07-26,20:19:00,IKEJA,TILL-01,Segun Adeyemi,,SKU1022,Knorr Chicken Cubes (pack),Grains & Staples,1,320,0,Bank Transfer
RCPT-102251,TXN102251,03/25/2026,21:24:00,Yaba Branch,TILL-02,Tunde Bakare,08201930306,SKU1007,Gala Sausage Roll,Snacks,3,270,0,POS Card
RCPT-102423,TXN102423,2026-04-01,05:05 PM,IKEJA,TILL-02,Blessing Nwosu,,SKU1028,Semovita 2kg,Grains & Staples,2,1940,0,USSD
RCPT-100778,TXN100778,2026-07-27,13:50:00,YABA,TILL-02,Segun Adeyemi,,SKU1015,Close Up Toothpaste 140ml,PERSONAL CARE,5,1020,0,Cash
RCPT-100813,TXN100813,2026-05-21,14:18:00,MiniMart Express - Surulere,TILL-01,Tunde Bakare,2 3 4 8 2 6 1 6 2 2 0 5 2,SKU1001,indomie noodles 70g,Grains & Staples,1,140,0,POS Card
RCPT-101158,TXN101158,2026-04-02,21:45:00,MiniMart Express - Ikeja,TILL-01,Ibrahim Musa,8405044063,SKU1017,La Casera 50cl,Beverages,1,350,0,transfer
RCPT-101361,TXN101361,2026-04-26,10:38:00, Yaba,TILL-03,Ibrahim Musa,+2347164158199,SKU1001,indomie noodles 70g,Grains & Staples,2,160,0,Card
RCPT-100904,TXN100904,2026-03-04,09:41:00,minimart express-ikeja ,TILL-02,Emeka Obi,,SKU1012,Kings Vegetable Oil 1L,Grains & Staples,1,,0,Cash
RCPT-100215,TXN100215,03-05-2026,21:14:00,Yaba Branch,TILL-01,Chidinma Okafor,,SKU1008,Milo 400g,Beverages,2,2280,0,Transfer
RCPT-102119,TXN102119,2026-04-05,09:08:00,Yaba Branch,TILL-01,Fatima Bello,2347622447184,SKU1012,Kings Vegetable Oil 1L,Grains & Staples,1,"₦2,970.00",0,POS
RCPT-100330,TXN100330,2026-03-06,10:18 AM,YABA,TILL-03,Ibrahim Musa,,SKU1019,Titus Sardine 125g,Canned Foods,4,690,0,pos
RCPT-101586,TXN101586,2026-03-06,04:53 PM,Yaba Branch,TILL-02,Ibrahim Musa,7117356279,SKU1010,Mama Gold Rice5kg,Grains & Staples,4,5960,0,POS
RCPT-101849,TXN101849,03/18/2026,17:41:00,IKEJA,TILL-02,Fatima Bello,,SKU1010,Mama Gold Rice5kg,Grains & Staples,3,"₦7,450.00",0,USSD
RCPT-102122,TXN102122,2026-05-11,18:56:00,MiniMart Express - Yaba,TILL-03,Emeka Obi,7425180854,SKU1001,indomie noodles 70g,Grains & Staples,2,₦170.00,0,POS Card
RCPT-102467,TXN102467,2026-07-18,21:04:00,MiniMart Express - Yaba,TILL-02,Fatima Bello,+2349083228545,SKU1008,Milo 400g,,2,2070,0,ATM Card
RCPT-100301,TXN100301,2026-07-12,09:00:00,MiniMart Express - Yaba,TILL-01,Chidinma Okafor,,SKU1023,Ariel Detergent 900g,Household,1,1850,0,POS
RCPT-101915,TXN101915,2026-07-14,07:58:00,Yaba Branch,TILL-01,Chidinma Okafor,,SKU1004,Dangote Sugar 1kg,Grains & Staples,3,1080,5,cash
RCPT-100036,TXN100036,2026-05-04,07:41:00, Yaba,TILL-03,Emeka Obi,,SKU1028,Semovita 2kg,Grains & Staples,1,2090,0,POS Card
RCPT-100723,TXN100723,2026-07-26,18:09:00,IKEJA,TILL-01,Amaka Eze,,SKU1021,Bournvita 500g,Beverages,4,2360,0,Bank Transfer
RCPT-100292,TXN100292,06/03/2026,16:30:00,Yaba Branch,TILL-03,Amaka Eze,,SKU1011,Honeywell Semolina 2kg,Grains & Staples,3,2080,0,POS Card
RCPT-102057,TXN102057,2026-06-15,09:31:00,IKEJA,TILL-02,Tunde Bakare,2347332316031,SKU1015,Close Up Toothpaste 140ml,Personal Care,4,,0,POS Card
RCPT-101450,TXN101450,2026-03-13,17:45:00,Surulere Branch,TILL-01,Chidinma Okafor,,SKU1014,Dettol Soap 65g,Personal Care,2,360,10,POS Card
RCPT-100430,TXN100430,2026-07-18,10:34:00,MiniMart Express - Surulere,TILL-01,Chidinma Okafor,+2347919725552,SKU1028,Semovita 2kg,Grains & Staples,1,1980,0,Cash
RCPT-102126,TXN102126,17/03/2026,21:55:00,Surulere Branch,TILL-01,Fatima Bello,,SKU1025,Tom Tom Sweet (pack),SNACKS,2,280,0,USSD
RCPT-102357,TXN102357,2026-04-05,15:21:00,minimart express-ikeja ,TILL-02,Amaka Eze,2348873457691,SKU1013,Omo Detergent 900g,Household,3,"1,760.00",0,POS Card
RCPT-101329,TXN101329,2026-03-07,08:27:00,Ikeja Branch,TILL-02,Segun Adeyemi,09072686460,SKU1027,Amstel Malta 33cl,Beverages,3,360,0,CASH
RCPT-100438,TXN100438,2026-04-23,15:21:00,SURULERE,TILL-01,Chidinma Okafor,+2348372913893,SKU1011,Honeywell Semolina 2kg,Grains & Staples,4,"₦2,600.00",0,Card
RCPT-100777,TXN100777,2026-05-21,10:32:00,YABA,TILL-02,Ibrahim Musa,,SKU1015,Close Up Toothpaste 140ml,Personal Care,1,900,0,Card
RCPT-100046,TXN100046,12/04/2026,12:33:00,Surulere Branch,TILL-01,Amaka Eze,,SKU1016,Eva Water 75cl,Beverages,2,200,0,Bank Transfer
RCPT-101659,TXN101659,2026-06-18,16:26:00, Yaba,TILL-03,Amaka Eze,,SKU1016,Eva Water 75cl,Beverages,1,230,0,Cash
RCPT-102307,TXN102307,2026-03-17,10:29:00,MiniMart Express - Ikeja,TILL-01,Blessing Nwosu,2347792596018,SKU1004,Dangote Sugar 1kg,Grains & Staples,3,1290,5,Cash
RCPT-100741,TXN100741,05/07/2026,21:09:00,Yaba Branch,TILL-01,Chidinma Okafor,,SKU1012,Kings Vegetable Oil 1L,Grains & Staples,4,2890,0,POS Card
RCPT-100170,TXN100170,2026-06-21,18:40:00,SURULERE,TILL-01,Tunde Bakare,,SKU1002,Peak Milk Evap 170g,Dairy,4,730,0,Cash
RCPT-100812,TXN100812,2026-03-17,10:25:00,YABA,TILL-02,Emeka Obi,,SKU1009,Cowbell Milk Powder 360g,Dairy,1,1780,0,transfer
RCPT-100207,TXN100207,2026-06-20,17:44:00,YABA,TILL-02,Blessing Nwosu,+ 2 3 4 7 2 5 2 4 7 0 0 2 2,SKU1024,"Pampers Diapers (pack, medium)",Baby Products,1,4970,0,Cash
RCPT-100686,TXN100686,2026-06-10,18:46:00,minimart express-ikeja ,TILL-02,Fatima Bello,,SKU1014,Dettol Soap 65g,Personal Care,1,330,0,POS Card
RCPT-101629,TXN101629,21/03/2026,13:48:00,Surulere Branch,TILL-01,Emeka Obi,8774748438,SKU1018,Maltina 33cl,Beverages,1,420,0,Cash
RCPT-101401,TXN101401,2026-04-28,17:46:00,minimart express-ikeja ,TILL-02,Amaka Eze,2 3 4 7 7 8 8 9 9 3 9 0 1,SKU1003,Golden Morn 500g,Grains & Staples,2,1460,0,Bank Transfer
RCPT-100517,TXN100517,2026-04-17,09:57 AM,Surulere Branch,TILL-01,Fatima Bello,,SKU1020,Cerelac Infant Cereal 400g,,1,3680,0,POS Card
RCPT-100629,TXN100629,2026-03-02,19:14:00,Yaba Branch,TILL-02,Emeka Obi,07605203320,SKU1018,Maltina 33cl,Beverages,5,500,0,transfer
RCPT-102240,TXN102240,2026-07-24,13:31:00, Yaba,TILL-03,Amaka Eze,,SKU1027,Amstel Malta 33cl,Beverages,5,450,0,Cash
RCPT-100317,TXN100317,2026-04-12,21:26:00,SURULERE,TILL-01,Chidinma Okafor,,SKU1002,Peak Milk Evap 170g,Dairy,4,650,0,Transfer
RCPT-100696,TXN100696,2026-03-03,17:58:00,MiniMart Express - Ikeja,TILL-02,Amaka Eze,07586544164,SKU1009,Cowbell Milk Powder 360g,Dairy,1,1690,0,Cash
RCPT-100778,TXN100778,2026-07-27,13:50:00,YABA,TILL-02,Segun Adeyemi,,SKU1025,Tom Tom Sweet (pack),Snacks,2,310,0,Cash
RCPT-100472,TXN100472,31-03-2026,14:49:00,IKEJA,TILL-01,Fatima Bello,,SKU1022,Knorr Chicken Cubes (pack),Grains & Staples,4,₦320.00,0,Cash
RCPT-100372,TXN100372,2026-06-16,12:26:00,MiniMart Express - Ikeja,TILL-02,Ibrahim Musa,+2348653109953,SKU1002,peak milk evaporated170g,Dairy,2,630,0,cash
RCPT-101512,TXN101512,2026-07-07,18:17:00,MiniMart Express - Ikeja,TILL-02,Segun Adeyemi,,SKU1001,Indomie Noodle 70g,Grains & Staples,2,150,0,POS Card
RCPT-102366,TXN102366,2026-07-19,19:50:00,minimart express-ikeja ,TILL-01,Fatima Bello,,SKU1008,Milo 400g,Beverages,2,1970,0,transfer
RCPT-100675,TXN100675,2026-04-12,13:36:00,SURULERE,TILL-01,Amaka Eze,7157863551,SKU1030,Nasco Cornflakes 500g,Grains & Staples,2,1940,0,Cash
RCPT-102273,TXN102273,2026-04-29,10:37:00,MiniMart Express - Surulere,TILL-01,Amaka Eze,8152564163,SKU1008,Milo 400g,Beverages,2,1940,0,POS Card
RCPT-102543,TXN102543,2026-03-04,17:02:00,Surulere Branch,TILL-01,Chidinma Okafor,,SKU1023,Ariel Detergent 900g,Household,2,1960,0,Cash
RCPT-100825,TXN100825,2026-06-25,21:17:00,Surulere Branch,TILL-01,Blessing Nwosu,7 5 1 8 5 4 1 8 2 7,SKU1014,Dettol Soap 65g,Personal Care,4,360,0,Bank Transfer
RCPT-100605,TXN100605,2026-05-19,20:33:00,Ikeja Branch,TILL-02,Segun Adeyemi,7825153724,SKU1001, Indomie Noodles 70g ,GRAINS & STAPLES,1,140,0,ussd
RCPT-100582,TXN100582,24-03-2026,07:57:00,Surulere Branch,TILL-01,Fatima Bello,08799832135,SKU1018,Maltina 33cl,Beverages,2,₦420.00,0,cash
RCPT-102171,TXN102171,2026-04-12,19:57:00, Yaba,TILL-02,Ibrahim Musa,+2347251839207,SKU1020,Cerelac Infant Cereal 400g,Baby Products,3,"₦3,160.00",0,Bank Transfer
RCPT-102317,TXN102317,2026-03-11,19:56:00,minimart express-ikeja ,TILL-01,Ibrahim Musa,+2348087043952,SKU1026,Chivita Juice 1L,Beverages,2,1300,0,transfer
RCPT-100492,TXN100492,2026-03-21,14:04:00,minimart express-ikeja ,TILL-01,Ibrahim Musa,,SKU1011,Honeywell Semolina 2kg,Grains & Staples,1,"₦2,590.00",0,Bank Transfer
RCPT-101990,TXN101990,2026-05-25,19:42:00,SURULERE,TILL-01,Fatima Bello,+2347197868932,SKU1009,Cowbell Milk Powder 360g,Dairy,3,1650,0,Transfer
RCPT-101544,TXN101544,07/01/2026,16:32:00, Yaba,TILL-01,Emeka Obi,+2347724503917,SKU1001,INDOMIE NOODLES 70G,,1,160.00,10,Cash
RCPT-102491,TXN102491,2026-05-29,16:03:00,MiniMart Express - Surulere,TILL-01,Emeka Obi,2349089607504,SKU1020,Cerelac Infant Cereal 400g,Baby Products,1,"₦2,910.00",0,USSD
RCPT-101677,TXN101677,2026-06-20,19:56:00,IKEJA,TILL-01,Fatima Bello,,SKU1029,Dano Milk Powder 400g,Dairy,5,"₦3,310.00",0,Bank Transfer
RCPT-102469,TXN102469,2026-05-31,11:09:00,minimart express-ikeja ,TILL-01,Amaka Eze,,SKU1025,Tom Tom Sweet (pack),Snacks,2,340,0,transfer
RCPT-101973,TXN101973,2026-05-26,12:38:00,Yaba Branch,TILL-03,Tunde Bakare,,SKU1015,Close Up Toothpaste 140ml,Personal Care,1,940.00,0,Bank Transfer
RCPT-100075,TXN100075,2026-03-28,14:21:00,Surulere Branch,TILL-01,Blessing Nwosu,2348636454894,SKU1010,MAMA GOLD RICE 5KG,Grains & Staples,3,"₦6,080.00",0,Bank Transfer
RCPT-100259,TXN100259,05/04/2026,18:38:00,MiniMart Express - Surulere,TILL-01,Chidinma Okafor,,SKU1016,Eva Water 75cl,Beverages,2,210,0,ATM Card
RCPT-101092,TXN101092,13-06-2026,11:14:00,MiniMart Express - Surulere,TILL-01,Ibrahim Musa,2348893053624,SKU1012,Kings Vegetable Oil 1L,Grains & Staples,3,2830,0,Cash
RCPT-101769,TXN101769,14-04-2026,09:54:00,IKEJA,TILL-02,Amaka Eze,9 0 1 6 5 1 4 2 3 7,SKU1021,Bournvita 500g,Beverages,2,2200,0,Cash
RCPT-100072,TXN100072,2026-03-31,21:28:00,MiniMart Express - Surulere,TILL-01,Amaka Eze,,SKU1007,Gala Sausage Roll,Snacks,1,260,0,ussd
RCPT-101790,TXN101790,28/06/2026,20:08:00,MiniMart Express - Surulere,TILL-01,Fatima Bello,,SKU1015,Close Up Toothpaste 140ml,Personal Care,3,990,0,Bank Transfer
RCPT-101446,TXN101446,2026-07-01,14:24:00,MiniMart Express - Ikeja,TILL-01,Amaka Eze,07894206363,SKU1015,Close Up Toothpaste 140ml,Personal Care,4,960,0,POS Card
RCPT-102324,TXN102324,26-03-2026,10:16 AM,SURULERE,TILL-01,Ibrahim Musa,,SKU1027,Amstel Malta 33cl,Beverages,1,₦370.00,0,Cash
RCPT-100519,TXN100519,02-04-2026,13:04:00,YABA,TILL-01,,9006984503,SKU1025,Tom Tom Sweet (pack),Snacks,2,270.00,0,ATM Card
RCPT-102472,TXN102472,2026-07-28,09:27:00,minimart express-ikeja ,TILL-01,Chidinma Okafor,,SKU1023,Ariel Detergent 900g,Household,2,1600,5,Transfer
RCPT-102470,TXN102470,05/07/2026,08:28:00,MiniMart Express - Yaba,TILL-02,Blessing Nwosu,,SKU1018,Maltina 33cl,Beverages,3,420,0,POS Card
RCPT-102538,TXN102538,2026-06-21,09:27:00, Yaba,TILL-01,Chidinma Okafor,+2347245637874,SKU1013,Omo Detergent 900g,Household,1,1780,0,USSD
RCPT-100392,TXN100392,2026-04-11,11:48:00,minimart express-ikeja ,TILL-01,Segun Adeyemi,7464171650,SKU1024,"Pampers Diapers (pack, medium)",Baby Products,2,"5,140.00",0,Cash
RCPT-100596,TXN100596,2026-05-14,14:30:00,minimart express-ikeja ,TILL-02,Fatima Bello,,SKU1014,Dettol Soap 65g,Personal Care,5,390,0,POS
RCPT-102215,TXN102215,2026-07-28,05:01 PM,YABA,TILL-03,Tunde Bakare,,SKU1024,"Pampers Diapers (pack, medium)",Baby Products,2,4090,0,Cash
RCPT-102217,TXN102217,2026-06-30,09:12:00,minimart express-ikeja ,TILL-01,Ibrahim Musa,,SKU1008,Milo 400g,Beverages,4,2190,0,POS
RCPT-101060,TXN101060,06/19/2026,16:14:00,Surulere Branch,TILL-01,Tunde Bakare,08956700018,SKU1003,Golden Morn 500g,GRAINS & STAPLES,2,1550,0,Bank Transfer
RCPT-102013,TXN102013,2026-06-10,17:43:00,MiniMart Express - Surulere,TILL-01,Segun Adeyemi,,SKU1002,Peak Milk Evap 170g,Dairy,1,,0,transfer
RCPT-101910,TXN101910,26-05-2026,10:26:00,minimart express-ikeja ,TILL-02,Emeka Obi,2347806313328,SKU1019,Titus Sardine 125g,Canned Foods,2,720,0,Cash
RCPT-101933,,2026-06-17,17:01:00,SURULERE,TILL-01,,,SKU1017,La Casera 50cl,,3,320,0,Card
RCPT-101153,TXN101153,2026-04-10,15:27:00,Ikeja Branch,TILL-02,Emeka Obi,,SKU1001, Indomie Noodles 70g ,Grains & Staples,1,150,0,Transfer
RCPT-101318,TXN101318,03/03/2026,09:46:00,minimart express-ikeja ,TILL-01,Amaka Eze,7 9 7 9 9 9 1 3 5 5,SKU1012,Kings Vegetable Oil 1L,Grains & Staples,1,2880,0,Cash
RCPT-101011,TXN101011,29-06-2026,21:54:00,MiniMart Express - Yaba,TILL-02,Fatima Bello,,SKU1011,Honeywell Semolina 2kg,Grains & Staples,1,2130,15,transfer
RCPT-101262,TXN101262,05/07/2026,21:43:00,MiniMart Express - Yaba,TILL-01,Blessing Nwosu,8783566569,SKU1013,Omo Detergent 900g,Household,4,1840,0,Cash
RCPT-100086,TXN100086,2026-04-30,03:50 PM,Surulere Branch,TILL-01,Fatima Bello,7731788191,SKU1024,"Pampers Diapers (pack, medium)",Baby Products,1,4410,0,USSD
RCPT-100042,TXN100042,2026-07-28,14:33:00,SURULERE,TILL-01,Chidinma Okafor,08587378535,SKU1004,Dangote Sugar 1kg,Grains & Staples,5,1240,0,cash
RCPT-101911,TXN101911,2026-03-08,09:09:00,minimart express-ikeja ,TILL-02,Fatima Bello,2348319978031,SKU1019,Titus Sardine 125g,Canned Foods,1,700,0,USSD
RCPT-100136,TXN100136,19-04-2026,16:14:00,IKEJA,TILL-02,,0 8 9 6 5 6 6 2 8 4 4,SKU1022,Knorr Chicken Cubes (pack),Grains & Staples,5,280,0,pos
RCPT-101368,TXN101368,2026-04-15,09:41:00,YABA,TILL-03,Ibrahim Musa,2347841376903,SKU1027,Amstel Malta 33cl,Beverages,1,440,0,POS Card
RCPT-101219,TXN101219,05-03-2026,12:48:00,YABA,TILL-01,Fatima Bello,+2347002079947,SKU1016,Eva Water 75cl,Beverages,2,210,0,Cash
RCPT-100332,TXN100332,2026-04-13,18:24:00,Ikeja Branch,TILL-02,Blessing Nwosu,8 4 1 1 6 6 0 6 1 9,SKU1028,Semovita 2kg,Grains & Staples,2,2390,0,Cash
RCPT-100348,TXN100348,2026-05-16,20:21:00,Yaba Branch,TILL-03,Amaka Eze,+2348569593384,SKU1017,La Casera 50cl,Beverages,2,360,0,CASH
RCPT-102054,TXN102054,2026-04-20,09:57:00,IKEJA,TILL-01,Ibrahim Musa,,SKU1020,Cerelac Infant Cereal 400g,Baby Products,1,"3,630.00",0,Bank Transfer
RCPT-101646,TXN101646,2026-07-18,18:46:00,MiniMart Express - Yaba,TILL-01,Amaka Eze,8742199032,SKU1011,Honeywell Semolina 2kg,Grains & Staples,2,"2,310.00",0,transfer
RCPT-101108,TXN101108,05/31/2026,17:28:00,minimart express-ikeja ,TILL-01,Chidinma Okafor,,SKU1002,Peak Milk Evap 170g,Dairy,5,,15,POS Card
RCPT-101166,TXN101166,2026-04-25,17:13:00, Yaba,TILL-03,Ibrahim Musa,2 3 4 8 3 0 2 4 3 0 1 2 2,SKU1022,Knorr Chicken Cubes (pack),Grains & Staples,5,300,0,POS Card
RCPT-101456,TXN101456,06/17/2026,20:05:00,Surulere Branch,TILL-01,Chidinma Okafor,,SKU1016,Eva Water 75cl,Beverages,1,230,0,Cash
RCPT-101504,TXN101504,2026-06-10,11:26:00,SURULERE,TILL-01,,,SKU1028,Semovita 2kg,Grains & Staples,1,2080,0,Cash
RCPT-101077,TXN101077,2026-06-07,10:04:00,IKEJA,TILL-01,Segun Adeyemi,2348439151183,SKU1019,Titus Sardine 125g,Canned Foods,2,670,0,POS Card
RCPT-101574,TXN101574,2026-03-22,18:58:00,Surulere Branch,TILL-01,Amaka Eze,,SKU1023,Ariel Detergent 900g,Household,3,2000,0,Cash
RCPT-101453,TXN101453,2026-06-17,15:11:00, Yaba,TILL-01,Fatima Bello,2347945495093,SKU1025,Tom Tom Sweet (pack),Snacks,1,₦280.00,15,ussd
RCPT-101513,TXN101513,27-03-2026,19:46:00,MiniMart Express - Ikeja,TILL-01,Ibrahim Musa,,SKU1013,Omo Detergent 900g,Household,1,,0,POS Card
RCPT-101538,TXN101538,2026-04-06,17:35:00,MiniMart Express - Surulere,TILL-01,Segun Adeyemi,,SKU1026,Chivita Juice 1L,Beverages,2,"1,330.00",0,POS Card
RCPT-100533,TXN100533,2026-03-08,09:34 AM,YABA,TILL-03,Ibrahim Musa,,SKU1030,Nasco Cornflakes 500g,Grains & Staples,1,1860,0,Cash
RCPT-100536,TXN100536,2026-06-06,16:30:00,minimart express-ikeja ,TILL-01,Fatima Bello,07017647386,SKU1004,Dangote Sugar 1kg,GRAINS & STAPLES,2,1290,0,transfer
RCPT-102103,TXN102103,18-07-2026,10:32:00,YABA,TILL-03,Amaka Eze,2349016706837,SKU1024,"Pampers Diapers (pack, medium)",Baby Products,1,4710,0,Cash
RCPT-100902,TXN100902,2026-03-04,19:34:00,minimart express-ikeja ,TILL-02,Tunde Bakare,,SKU1026,Chivita Juice 1L,Beverages,1,1360,0,POS Card
RCPT-101624,TXN101624,2026-06-03,11:13:00,minimart express-ikeja ,TILL-02,Fatima Bello,+2348719442066,SKU1010,MAMA GOLD RICE 5KG,Grains & Staples,1,6380,0,Cash
RCPT-102004,TXN102004,2026-03-05,18:41:00,MiniMart Express - Ikeja,TILL-01,Chidinma Okafor,+2347482969984,SKU1013,Omo Detergent 900g,Household,1,"₦1,730.00",0,POS Card
RCPT-102257,TXN102257,2026-05-21,17:14:00,SURULERE,TILL-01,,07034704454,SKU1026,Chivita Juice 1L,Beverages,1,1340,0,pos
RCPT-101617,TXN101617,2026-07-30,11:22:00,MiniMart Express - Yaba,TILL-02,Emeka Obi,,SKU1004,Dangote sugar 1Kg,Grains & Staples,1,1240,15,Bank Transfer
RCPT-100275,TXN100275,2026-05-08,16:03:00,Surulere Branch,TILL-01,Emeka Obi,,SKU1003,Golden Morn 500g,Grains & Staples,1,1330,0,POS Card
RCPT-101606,TXN101606,2026-06-26,13:00:00,Surulere Branch,TILL-01,Blessing Nwosu,,SKU1021,Bournvita 500g,BEVERAGES,4,"₦2,570.00",0,POS
RCPT-101389,TXN101389,2026-04-03,13:45:00,SURULERE,TILL-01,Chidinma Okafor,08719604097,SKU1019,Titus Sardine 125g,Canned Foods,2,690,0,POS
RCPT-102535,TXN102535,2026-06-02,17:02:00,MiniMart Express - Yaba,TILL-02,Chidinma Okafor,,SKU1009,Cowbell Milk Powder 360g,Dairy,1,1840,0,transfer
RCPT-102214,TXN102214,2026-03-05,08:27:00,MiniMart Express - Yaba,TILL-03,Fatima Bello,,SKU1001, Indomie Noodles 70g ,Grains & Staples,5,,0,Cash
RCPT-101465,TXN101465,2026-04-21,21:30:00,IKEJA,TILL-01,Emeka Obi,7123927175,SKU1005,Coca-Cola 50cl,Beverages,2,360,0,POS Card
RCPT-101044,TXN101044,07/02/2026,12:16:00,YABA,TILL-01,Amaka Eze,,SKU1016,Eva Water 75cl,Beverages,3,190,0,pos
RCPT-101058,TXN101058,2026-07-03,09:48:00,minimart express-ikeja ,TILL-01,Ibrahim Musa,,SKU1015,Close Up Toothpaste 140ml,Personal Care,1,1020,0,ussd
RCPT-102217,TXN102217,2026-06-30,09:12:00,minimart express-ikeja ,TILL-01,Ibrahim Musa,,SKU1006,Bigi Cola 50cl,Beverages,1,350,0,POS
RCPT-101152,TXN101152,2026-07-25,16:44:00,IKEJA,TILL-02,Chidinma Okafor,2348469404704,SKU1019,Titus Sardine 125g,CANNED FOODS,1,,0,POS Card
RCPT-102286,TXN102286,25-05-2026,15:28:00,MiniMart Express - Ikeja,TILL-02,Segun Adeyemi,,SKU1008,Milo 400g,Beverages,1,"₦2,380.00",15,Cash
RCPT-101436,TXN101436,20/07/2026,20:27:00,MiniMart Express - Yaba,TILL-01,Emeka Obi,,SKU1029,Dano Milk Powder 400g,Dairy,4,2960,0,POS Card
RCPT-100061,TXN100061,05/04/2026,18:37:00,minimart express-ikeja ,TILL-01,Tunde Bakare,2347898203947,SKU1008,Milo 400g,Beverages,2,2050,0,cash
RCPT-101717,TXN101717,2026-06-12,07:31:00,MiniMart Express - Ikeja,TILL-02,Blessing Nwosu,07205236718,SKU1006,Bigi Cola 50cl,Beverages,4,370,0,Card
RCPT-101925,TXN101925,2026-06-19,13:27:00,YABA,TILL-01,Emeka Obi,,SKU1006,Bigi Cola 50cl,Beverages,1,400,0,Card
RCPT-102592,TXN102592,28/05/2026,07:31 PM,MiniMart Express - Ikeja,TILL-02,Segun Adeyemi,08537063550,SKU1030,Nasco Cornflakes 500g,Grains & Staples,2,1970,0,cash
RCPT-101711,TXN101711,2026-05-17,16:51:00,MiniMart Express - Ikeja,TILL-01,Tunde Bakare,8941918749,SKU1001,Indomie Noodles 70g,Grains & Staples,2,160,0,Cash
RCPT-102275,TXN102275,07/14/2026,17:45:00,Surulere Branch,TILL-01,Chidinma Okafor,,SKU1005,COCA COLA 50CL,Beverages,3,,0,Cash
RCPT-101016,TXN101016,2026-07-24,10:42:00,Yaba Branch,TILL-02,Amaka Eze,,SKU1012,Kings Vegetable Oil 1L,Grains & Staples,3,2750,0,POS Card
RCPT-101966,TXN101966,2026-06-23,18:03:00,IKEJA,TILL-02,Ibrahim Musa,,SKU1015,Close Up Toothpaste 140ml,Personal Care,1,910,0,pos
RCPT-101171,TXN101171,2026-07-22,16:06:00,MiniMart Express - Surulere,TILL-01,Fatima Bello,,SKU1007,Gala Sausage Roll,Snacks,2,230,0,Bank Transfer
RCPT-100002,TXN100002,05/31/2026,19:38:00,Ikeja Branch,TILL-02,Tunde Bakare,,SKU1030,Nasco Cornflakes 500g,Grains & Staples,2,2150,0,Cash
RCPT-101899,TXN101899,28/04/2026,16:58:00,MiniMart Express - Ikeja,TILL-02,Ibrahim Musa,08091861704,SKU1005,Coke 50cl,Beverages,2,₦370.00,0,POS Card
RCPT-102548,TXN102548,2026-05-09,15:07:00,SURULERE,TILL-01,Ibrahim Musa,,SKU1003,Golden Morn 500g,Grains & Staples,4,1620,0,POS Card
RCPT-102283,TXN102283,2026-03-17,06:08 PM,MiniMart Express - Yaba,TILL-03,Amaka Eze,,SKU1019,Titus Sardine 125g,Canned Foods,4,690,10,transfer
RCPT-101699,TXN101699,17-07-2026,07:17:00,MiniMart Express - Ikeja,TILL-01,Ibrahim Musa,,SKU1027,Amstel Malta 33cl,Beverages,1,390,0,USSD
RCPT-100156,TXN100156,2026-07-29,18:48:00,Surulere Branch,TILL-01,Segun Adeyemi,2348595447210,SKU1006,Bigi Cola 50cl,BEVERAGES,1,₦350.00,0,Transfer
RCPT-101809,TXN101809,2026-04-04,20:08:00,YABA,TILL-02,Tunde Bakare,,SKU1013,Omo Detergent 900g,Household,2,1600,0,Cash
RCPT-100545,TXN100545,2026-03-27,13:06:00,SURULERE,TILL-01,Emeka Obi,,SKU1026,Chivita Juice 1L,Beverages,5,1290,0,USSD
RCPT-102403,TXN102403,29-06-2026,19:48:00,SURULERE,TILL-01,Tunde Bakare,,SKU1012,Kings Vegetable Oil 1L,Grains & Staples,1,"₦2,660.00",10,transfer
RCPT-101124,TXN101124,2026-05-24,16:16:00,MiniMart Express - Surulere,TILL-01,Chidinma Okafor,,SKU1005,COCA COLA 50CL,Beverages,1,460,0,POS Card
RCPT-102273,TXN102273,2026-04-29,10:37:00,MiniMart Express - Surulere,TILL-01,Amaka Eze,8152564163,SKU1028,Semovita 2kg,Grains & Staples,3,"2,080.00",0,POS Card
RCPT-101061,TXN101061,2026-07-10,10:40:00,MiniMart Express - Surulere,TILL-01,Tunde Bakare,2348046377732,SKU1011,Honeywell Semolina 2kg,Grains & Staples,3,2120,0,transfer
RCPT-101426,TXN101426,2026-04-20,14:17:00,YABA,TILL-02,Emeka Obi,,SKU1004,DANGOTE SUGAR 1KG ,Grains & Staples,1,1090,0,ATM Card
RCPT-101840,TXN101840,26-06-2026,18:00:00,minimart express-ikeja ,TILL-02,Segun Adeyemi,,SKU1009,Cowbell Milk Powder 360g,Dairy,2,"1,680.00",0,transfer
RCPT-101609,TXN101609,2026-04-13,11:58:00,MiniMart Express - Surulere,TILL-01,,,SKU1027,Amstel Malta 33cl,Beverages,3,410,0,Bank Transfer
RCPT-100484,TXN100484,2026-03-02,08:00:00, Yaba,TILL-02,Emeka Obi,2347753392501,SKU1020,Cerelac Infant Cereal 400g,Baby Products,1,3030,0,Transfer
RCPT-100254,TXN100254,2026-04-15,21:32:00,MiniMart Express - Ikeja,TILL-02,Ibrahim Musa,09056557607,SKU1024,"Pampers Diapers (pack, medium)",Baby Products,1,,0,Bank Transfer
RCPT-100685,TXN100685,2026-05-13,13:27:00,Ikeja Branch,TILL-02,Segun Adeyemi,0 8 6 7 7 1 7 4 0 3 5,SKU1002,peak milk evaporated170g,Dairy,3,620,0,Cash
RCPT-101403,TXN101403,2026-05-21,20:57:00,SURULERE,TILL-01,Tunde Bakare,,SKU1016,Eva Water 75cl,Beverages,2,210,0,Bank Transfer
RCPT-101738,TXN101738,16-03-2026,12:09:00,MiniMart Express - Surulere,TILL-01,Ibrahim Musa,08918426572,SKU1025,Tom Tom Sweet (pack),Snacks,3,280,0,USSD
RCPT-100898,TXN100898,2026-06-20,13:54:00,MiniMart Express - Yaba,TILL-02,Emeka Obi,,SKU1016,Eva Water 75cl,Beverages,5,200,0,USSD
RCPT-101326,TXN101326,2026-04-14,10:48:00,IKEJA,TILL-02,Chidinma Okafor,,SKU1002,peak milk evaporated170g,Dairy,1,610,0,USSD
RCPT-100110,TXN100110,2026-06-29,07:13:00,Ikeja Branch,TILL-02,Emeka Obi,2347544419219,SKU1001,Indomie Noodles 70g,Grains & Staples,2,140,0,Card
RCPT-101742,TXN101742,07-05-2026,09:09:00,MiniMart Express - Surulere,TILL-01,Emeka Obi,+2348994499565,SKU1022,Knorr Chicken Cubes (pack),Grains & Staples,1,300,0,POS Card
RCPT-100125,TXN100125,2026-06-23,13:20:00,Yaba Branch,TILL-01,Blessing Nwosu,+2348741688161,SKU1020,Cerelac Infant Cereal 400g,Baby Products,1,"3,240.00",0,ATM Card
RCPT-102019,TXN102019,2026-07-09,18:55:00, Yaba,TILL-01,Blessing Nwosu,,SKU1018,Maltina 33cl,Beverages,2,420,0,Cash
RCPT-100007,TXN100007,2026-07-22,07:04:00,Surulere Branch,TILL-01,Fatima Bello,+2348763500715,SKU1005,Coca-Cola 50cl,Beverages,1,₦380.00,0,Card
RCPT-101972,TXN101972,2026-07-16,15:08:00,IKEJA,TILL-01,Segun Adeyemi,+2348425615859,SKU1010,Mama Gold Rice5kg,Grains & Staples,2,"₦6,360.00",0,CASH
RCPT-101541,TXN101541,2026-07-04,09:33:00,minimart express-ikeja ,TILL-01,Tunde Bakare,2348844071221,SKU1014,Dettol Soap 65g,Personal Care,4,₦340.00,0,ussd
RCPT-101320,TXN101320,10-06-2026,21:08:00,Yaba Branch,TILL-01,Fatima Bello,,SKU1027,Amstel Malta 33cl,Beverages,3,390,0,Card
RCPT-101994,TXN101994,2026-04-02,08:31:00,Ikeja Branch,TILL-01,Ibrahim Musa,08894776807,SKU1026,Chivita Juice 1L,,1,1260,0,Cash
RCPT-102541,TXN102541,2026-06-01,11:23:00,MiniMart Express - Surulere,TILL-01,Blessing Nwosu,+2348783841045,SKU1013,Omo Detergent 900g,Household,3,1440,0,Cash
RCPT-102380,TXN102380,04/17/2026,10:27:00,Yaba Branch,TILL-01,Chidinma Okafor,,SKU1028,Semovita 2kg,Grains & Staples,2,2280,5,Cash
RCPT-100898,TXN100898,2026-06-20,13:54:00,MiniMart Express - Yaba,TILL-02,Emeka Obi,,SKU1013,Omo Detergent 900g,Household,1,1490,0,USSD
RCPT-100229,TXN100229,2026-04-02,13:35:00, Yaba,TILL-02,Segun Adeyemi,,SKU1027,Amstel Malta 33cl,Beverages,4,450,0,CASH
RCPT-101785,TXN101785,2026-06-26,18:18:00,Ikeja Branch,TILL-02,Emeka Obi,,SKU1027,Amstel Malta 33cl,Beverages,2,420,0,POS Card
RCPT-101445,TXN101445,2026-03-04,09:17:00,Yaba Branch,TILL-01,Emeka Obi,8288654294,SKU1028,Semovita 2kg,Grains & Staples,2,"₦2,030.00",15,Bank Transfer
RCPT-100341,TXN100341,2026-03-08,15:54:00,MiniMart Express - Ikeja,TILL-02,Segun Adeyemi,08037018359,SKU1019,Titus Sardine 125g,Canned Foods,1,680,0,cash
RCPT-101403,TXN101403,2026-05-21,20:57:00,MiniMart Express - Surulere,TILL-01,Tunde Bakare,,SKU1015,Close Up Toothpaste 140ml,Personal Care,2,960,0,Bank Transfer
RCPT-100054,TXN100054,2026-06-19,09:06:00,MiniMart Express - Surulere,TILL-01,Segun Adeyemi,,SKU1019,Titus Sardine 125g,CANNED FOODS,2,650,0,pos
RCPT-100868,TXN100868,2026-05-12,10:15:00,Ikeja Branch,TILL-02,Chidinma Okafor,,SKU1014,Dettol Soap 65g,Personal Care,5,330,0,Bank Transfer
RCPT-101352,TXN101352,16/05/2026,18:06:00, Yaba,TILL-03,Fatima Bello,,SKU1017,La Casera 50cl,Beverages,1,,0,POS Card
RCPT-102111,TXN102111,2026-05-03,17:52:00,MiniMart Express - Ikeja,TILL-02,Ibrahim Musa,2348481429394,SKU1003,Golden Morn 500g,Grains & Staples,1,1330,0,cash
RCPT-100041,TXN100041,2026-06-02,08:03 AM,SURULERE,TILL-01,Fatima Bello,2 3 4 7 4 9 7 0 8 2 1 3 9,SKU1009,Cowbell Milk Powder 360g,Dairy,2,1870,0,pos
RCPT-101932,TXN101932,2026-05-18,08:49 AM,Surulere Branch,TILL-01,Segun Adeyemi,+2348813834716,SKU1016,Eva Water 75cl,Beverages,2,210,0,POS Card
RCPT-100374,TXN100374,2026-03-18,13:06:00,YABA,TILL-01,Segun Adeyemi,,SKU1028,Semovita 2kg,Grains & Staples,1,2290,0,CASH
RCPT-100885,TXN100885,2026-07-23,12:01:00,MiniMart Express - Ikeja,TILL-01,Segun Adeyemi,,SKU1027,Amstel Malta 33cl,Beverages,2,450,0,Cash
RCPT-101640,TXN101640,2026-05-22,07:36:00,IKEJA,TILL-01,,,SKU1004,Dangote Sugar 1kg,Grains & Staples,1,1360,0,ATM Card
RCPT-101111,TXN101111,23/04/2026,20:15:00,MiniMart Express - Yaba,TILL-02,Ibrahim Musa,2347818280502,SKU1024,"Pampers Diapers (pack, medium)",,2,4540,0,Cash
RCPT-102234,TXN102234,2026-05-29,12:42:00,MiniMart Express - Ikeja,TILL-02,Emeka Obi,7969074923,SKU1030,Nasco Cornflakes 500g,Grains & Staples,2,"₦2,030.00",0,Cash
RCPT-102402,TXN102402,2026-06-21,20:16:00, Yaba,TILL-03,Amaka Eze,,SKU1001, Indomie Noodles 70g ,Grains & Staples,1,₦150.00,0,transfer
RCPT-101497,TXN101497,07/11/2026,13:49:00,Surulere Branch,TILL-01,Emeka Obi,7937918725,SKU1015,Close Up Toothpaste 140ml,Personal Care,3,980,0,POS
RCPT-100979,TXN100979,2026-03-26,11:49:00,SURULERE,TILL-01,Chidinma Okafor,,SKU1003,Golden Morn 500g,Grains & Staples,1,1580,0,cash
RCPT-102361,TXN102361,2026-05-01,09:05:00,YABA,TILL-02,Amaka Eze,,SKU1002,peak milk evaporated170g,Dairy,1,630,0,Transfer
RCPT-100005,TXN100005,2026-03-25,09:27:00,Yaba Branch,TILL-02,Ibrahim Musa,,SKU1004,Dangote Sugar 1kg,Grains & Staples,1,1340,0,POS Card
RCPT-101098,TXN101098,28/03/2026,18:57:00,Yaba Branch,TILL-01,Amaka Eze,,SKU1009,Cowbell Milk Powder 360g,Dairy,2,"₦2,020.00",0,POS Card
RCPT-101191,TXN101191,06/20/2026,10:02:00, Yaba,TILL-03,Ibrahim Musa,+2348598071758,SKU1025,Tom Tom Sweet (pack),Snacks,1,,0,POS
RCPT-100956,TXN100956,2026-04-23,20:38:00,IKEJA,TILL-01,Amaka Eze,07745937639,SKU1026,Chivita Juice 1L,Beverages,1,1360,0,Cash
RCPT-101154,TXN101154,06/07/2026,15:08:00,SURULERE,TILL-01,Blessing Nwosu,+2348577093603,SKU1016,Eva Water 75cl,Beverages,1,180,0,Cash
RCPT-101276,TXN101276,2026-05-04,21:53:00,SURULERE,TILL-01,Ibrahim Musa,08641903147,SKU1016,Eva Water 75cl,Beverages,-2,220,15,USSD
RCPT-101502,TXN101502,2026-07-06,09:49:00, Yaba,TILL-03,Emeka Obi,8634329514,SKU1015,Close Up Toothpaste 140ml,Personal Care,4,840,10,Card
RCPT-102328,TXN102328,2026-03-17,18:24:00,YABA,TILL-01,Amaka Eze,7704960797,SKU1021,Bournvita 500g,Beverages,3,2600,0,USSD
RCPT-100448,TXN100448,2026-07-16,20:16:00,Yaba Branch,TILL-03,Blessing Nwosu,,SKU1014,Dettol Soap 65g,Personal Care,3,₦400.00,0,POS Card
RCPT-100291,TXN100291,05-03-2026,13:09:00,MiniMart Express - Ikeja,TILL-01,Tunde Bakare,,SKU1006,Bigi Cola 50cl,Beverages,3,350,0,Cash
RCPT-101493,TXN101493,2026-05-07,20:14:00,MiniMart Express - Yaba,TILL-01,Tunde Bakare,,SKU1027,Amstel Malta 33cl,Beverages,2,360,15,ussd
RCPT-100092,TXN100092,2026-07-02,10:53:00,MiniMart Express - Ikeja,TILL-02,Emeka Obi,,SKU1025,Tom Tom Sweet (pack),Snacks,2,280,0,Cash
RCPT-101629,TXN101629,21/03/2026,13:48:00,MiniMart Express - Surulere,TILL-01,Emeka Obi,8774748438,SKU1006,Bigi Cola 50cl,Beverages,1,380,0,Cash
RCPT-100940,TXN100940,04/24/2026,10:06:00,SURULERE,TILL-01,Amaka Eze,,SKU1018,Maltina 33cl,Beverages,2,410,0,POS Card
RCPT-101588,TXN101588,2026-03-18,14:46:00,IKEJA,TILL-02,Fatima Bello,07603515171,SKU1026,Chivita Juice 1L,Beverages,3,"₦1,300.00",0,Cash
RCPT-100950,TXN100950,18/05/2026,12:41:00,Ikeja Branch,TILL-01,Chidinma Okafor,,SKU1024,"Pampers Diapers (pack, medium)",Baby Products,1,5060,0,Bank Transfer
RCPT-100639,TXN100639,2026-07-07,19:12:00,MiniMart Express - Surulere,TILL-01,Segun Adeyemi,2348658466761,SKU1010,Mama Gold Rice5kg,Grains & Staples,3,5960,0,USSD
RCPT-100128,TXN100128,2026-06-03,16:28:00,IKEJA,TILL-02,Amaka Eze,,SKU1026,Chivita Juice 1L,Beverages,3,1170,0,Card
RCPT-101991,TXN101991,2026-07-05,19:41:00,Surulere Branch,TILL-01,Chidinma Okafor,,SKU1008,Milo 400g,Beverages,3,2290,0,Bank Transfer
RCPT-101670,TXN101670,2026-03-07,18:00:00,MiniMart Express - Ikeja,TILL-02,Tunde Bakare,08484358093,SKU1008,Milo 400g,Beverages,2,2400,0,pos
RCPT-101169,TXN101169,2026-04-20,09:16:00,Ikeja Branch,TILL-01,Fatima Bello,7349415379,SKU1004,Dangote sugar 1Kg,Grains & Staples,1,1320,0,Cash
RCPT-101592,TXN101592,2026-06-12,06:41 PM,MiniMart Express - Surulere,TILL-01,Blessing Nwosu,,SKU1019,Titus Sardine 125g,Canned Foods,3,710,0,cash
RCPT-101298,TXN101298,2026-04-17,11:10:00,YABA,TILL-02,Amaka Eze,,SKU1023,Ariel Detergent 900g,Household,2,1840,0,USSD
RCPT-101946,TXN101946,2026-04-08,21:32:00,Surulere Branch,TILL-01,Fatima Bello,,SKU1025,Tom Tom Sweet (pack),Snacks,1,290.00,0,pos
RCPT-100718,TXN100718,2026-06-21,18:19:00,SURULERE,TILL-01,Emeka Obi,,SKU1030,Nasco Cornflakes 500g,Grains & Staples,1,1810,0,transfer
RCPT-101202,TXN101202,2026-03-04,12:33:00,SURULERE,TILL-01,Segun Adeyemi,+2348867573554,SKU1026,Chivita Juice 1L,Beverages,1,"1,270.00",0,Cash
RCPT-102119,TXN102119,05/04/2026,09:08:00,Yaba Branch,TILL-01,Fatima Bello,2347622447184,SKU1024,"Pampers Diapers (pack, medium)",Baby Products,1,"4,770.00",0,POS
RCPT-101442,TXN101442,2026-03-20,10:32:00,Surulere Branch,TILL-01,Fatima Bello,,SKU1024,"Pampers Diapers (pack, medium)",Baby Products,1,4550,0,Transfer
RCPT-101397,TXN101397,07/03/2026,16:01:00, Yaba,TILL-03,Blessing Nwosu,,SKU1030,Nasco Cornflakes 500g,Grains & Staples,1,1930,0,transfer
RCPT-102522,TXN102522,2026-04-30,12:32:00,SURULERE,TILL-01,Chidinma Okafor,07827032177,SKU1029,Dano Milk Powder 400g,Dairy,1,3280,0,POS Card
RCPT-102588,TXN102588,2026-03-13,12:27:00,minimart express-ikeja ,TILL-01,Chidinma Okafor,,SKU1013,Omo Detergent 900g,Household,1,1730,15,Cash
RCPT-101129,TXN101129,06/29/2026,09:22:00,Surulere Branch,TILL-01,Blessing Nwosu,,SKU1001,Indomie Noodles 70g,Grains & Staples,4,160.00,0,POS Card
RCPT-100477,TXN100477,2026-07-03,17:20:00,MiniMart Express - Surulere,TILL-01,Emeka Obi,,SKU1002,Peak Milk Evap 170g,Dairy,1,740,0,POS Card
RCPT-101281,TXN101281,2026-03-21,13:07:00,IKEJA,TILL-02,Ibrahim Musa,,SKU1022,Knorr Chicken Cubes (pack),Grains & Staples,2,₦340.00,0,transfer
RCPT-101102,TXN101102,2026-05-17,18:13:00,IKEJA,TILL-02,Chidinma Okafor,,SKU1005,Coke 50cl,Beverages,1,440,0,POS Card
RCPT-102127,TXN102127,2026-04-21,19:16:00,SURULERE,TILL-01,Segun Adeyemi,,SKU1018,Maltina 33cl,Beverages,2,460.00,0,POS Card
RCPT-100600,TXN100600,2026-04-12,13:36:00,minimart express-ikeja ,TILL-02,Amaka Eze,,SKU1022,Knorr Chicken Cubes (pack),Grains & Staples,1,330,10,pos
RCPT-102531,TXN102531,2026-05-11,10:59:00,Ikeja Branch,TILL-02,Emeka Obi,7072524043,SKU1004,Dangote Sugar 1kg,Grains & Staples,4,1200,0,POS Card
RCPT-101099,TXN101099,2026-06-26,19:08:00,MiniMart Express - Ikeja,TILL-02,Segun Adeyemi,8858474842,SKU1002,peak milk evaporated170g,Dairy,1,660,0,POS Card
RCPT-100608,TXN100608,2026-05-19,20:19:00,YABA,TILL-03,Tunde Bakare,8194996732,SKU1030,Nasco Cornflakes 500g,Grains & Staples,1,2170,0,Cash
RCPT-101949,TXN101949,2026-07-13,12:07:00,MiniMart Express - Yaba,TILL-03,Blessing Nwosu,7682058136,SKU1004,DANGOTE SUGAR 1KG ,Grains & Staples,2,1260,0,POS Card
RCPT-100878,TXN100878,2026-07-26,11:37:00,SURULERE,TILL-01,Chidinma Okafor,7 2 6 5 1 7 0 0 0 7,SKU1015,Close Up Toothpaste 140ml,Personal Care,1,,0,pos
RCPT-101576,TXN101576,2026-04-17,13:39:00,Ikeja Branch,TILL-02,Segun Adeyemi,8317281873,SKU1021,Bournvita 500g,Beverages,2,2400,0,USSD
RCPT-100306,TXN100306,2026-06-05,19:25:00,Ikeja Branch,TILL-02,Tunde Bakare,,SKU1018,Maltina 33cl,Beverages,3,,0,Cash
RCPT-101094,TXN101094,2026-06-07,18:16:00,SURULERE,TILL-01,Amaka Eze,,SKU1003,Golden Morn 500g,Grains & Staples,1,1520,0,Transfer
RCPT-102526,TXN102526,2026-06-25,07:00:00,IKEJA,TILL-01,Ibrahim Musa,,SKU1003,Golden Morn 500g,Grains & Staples,1,"1,490.00",0,Cash
RCPT-102127,TXN102127,2026-04-21,19:16:00,MiniMart Express - Surulere,TILL-01,Segun Adeyemi,,SKU1017,La Casera 50cl,,2,370,0,POS Card
RCPT-102104,TXN102104,2026-05-02,13:25:00,minimart express-ikeja ,TILL-01,Fatima Bello,,SKU1027,Amstel Malta 33cl,Beverages,3,410,0,POS Card
RCPT-100039,TXN100039,2026-03-19,14:43:00,Ikeja Branch,TILL-01,Segun Adeyemi,,SKU1006,Bigi Cola 50cl,Beverages,1,350,0,Cash
RCPT-101459,TXN101459,2026-03-21,17:18:00,YABA,TILL-02,Blessing Nwosu,7983744839,SKU1017,La Casera 50cl,Beverages,4,390,0,Cash
RCPT-101742,TXN101742,2026-05-07,09:09:00,MiniMart Express - Surulere,TILL-01,Emeka Obi,+2348994499565,SKU1001, Indomie Noodles 70g ,Grains & Staples,4,170,0,POS Card
RCPT-101509,TXN101509,18-04-2026,17:03:00,YABA,TILL-02,Emeka Obi,,SKU1014,Dettol Soap 65g,Personal Care,1,390,0,POS Card
RCPT-100230,TXN100230,2026-03-02,16:23:00,SURULERE,TILL-01,Amaka Eze,2348167364849,SKU1025,Tom Tom Sweet (pack),Snacks,1,330,15,pos
RCPT-101973,TXN101973,26-05-2026,12:38:00,MiniMart Express - Yaba,TILL-03,Tunde Bakare,,SKU1024,"Pampers Diapers (pack, medium)",,2,4610,0,Bank Transfer
RCPT-100960,TXN100960,23-05-2026,15:17:00,IKEJA,TILL-02,Emeka Obi,7378753918,SKU1026,Chivita Juice 1L,Beverages,1,1440,0,ussd
RCPT-101989,TXN101989,12-07-2026,19:11:00,MiniMart Express - Surulere,TILL-01,Tunde Bakare,2347306978439,SKU1029,Dano Milk Powder 400g,Dairy,3,3120,0,POS Card
RCPT-101926,TXN101926,2026-04-19,14:59:00,Ikeja Branch,TILL-02,Fatima Bello,,SKU1017,La Casera 50cl,Beverages,4,340,10,Bank Transfer
RCPT-101305,TXN101305,11-04-2026,11:26:00,YABA,TILL-01,Segun Adeyemi,0 8 1 8 3 0 0 2 2 8 3,SKU1010,Mama Gold Rice 5kg,Grains & Staples,1,7010,0,Bank Transfer
RCPT-100682,TXN100682,03-06-2026,02:44 PM,MiniMart Express - Surulere,TILL-01,Tunde Bakare,,SKU1014,Dettol Soap 65g,Personal Care,1,390,0,cash
RCPT-100787,TXN100787,2026-04-19,11:49:00,minimart express-ikeja ,TILL-02,Fatima Bello,,SKU1023,Ariel Detergent 900g,Household,1,1690,0,cash
RCPT-101398,TXN101398,15/06/2026,18:37:00,MiniMart Express - Yaba,TILL-01,Ibrahim Musa,+2348822382057,SKU1030,Nasco Cornflakes 500g,Grains & Staples,1,1990,0,pos
RCPT-101580,TXN101580,2026-06-28,18:19:00,Surulere Branch,TILL-01,Tunde Bakare,2347235818203,SKU1012,Kings Vegetable Oil 1L,Grains & Staples,3,2780,0,ATM Card
RCPT-100726,TXN100726,2026-05-12,11:39:00,minimart express-ikeja ,TILL-01,Chidinma Okafor,,SKU1014,Dettol Soap 65g,Personal Care,1,₦380.00,10,CASH
RCPT-102128,TXN102128,2026-04-18,18:27:00,minimart express-ikeja ,TILL-01,Emeka Obi,09008732801,SKU1003,Golden Morn 500g,Grains & Staples,2,1360,0,POS
RCPT-101105,TXN101105,2026-05-13,12:45:00,Surulere Branch,TILL-01,Segun Adeyemi,0 7 9 8 6 4 4 0 8 0 7,SKU1014,Dettol Soap 65g,Personal Care,1,,0,Cash
RCPT-102026,TXN102026,2026-05-12,21:19:00,MiniMart Express - Ikeja,TILL-01,Chidinma Okafor,,SKU1007,Gala Sausage Roll,Snacks,1,,0,POS Card
RCPT-100212,TXN100212,2026-06-12,07:34:00,MiniMart Express - Yaba,TILL-02,Amaka Eze,+ 2 3 4 7 1 0 6 6 6 0 4 6 2,SKU1010,MAMA GOLD RICE 5KG,Grains & Staples,3,5990,0,Cash
RCPT-102406,TXN102406,22/04/2026,18:08:00,MiniMart Express - Yaba,TILL-02,Amaka Eze,,SKU1001,indomie noodles 70g,Grains & Staples,1,₦140.00,0,USSD
RCPT-100962,TXN100962,2026-04-02,19:51:00,MiniMart Express - Yaba,TILL-02,Tunde Bakare,,SKU1024,"Pampers Diapers (pack, medium)",Baby Products,2,4970,0,Bank Transfer
RCPT-102422,TXN102422,08/06/2026,08:40:00,Surulere Branch,TILL-01,Ibrahim Musa,,SKU1007,Gala Sausage Roll,Snacks,1,₦270.00,0,Cash
RCPT-100241,TXN100241,2026-07-26,06:37 PM,Surulere Branch,TILL-01,Segun Adeyemi,09068942448,SKU1005,Coca-Cola 50cl,Beverages,1,380,0,Bank Transfer
RCPT-102093,TXN102093,2026-05-13,12:27:00,IKEJA,TILL-01,Emeka Obi,8033991023,SKU1021,Bournvita 500g,Beverages,3,"₦2,760.00",0,pos
RCPT-101225,TXN101225,2026-04-23,14:08:00,SURULERE,TILL-01,Emeka Obi,,SKU1013,Omo Detergent 900g,Household,1,"₦1,560.00",0,ussd
RCPT-101324,TXN101324,2026-03-26,09:56:00,MiniMart Express - Surulere,TILL-01,Ibrahim Musa,,SKU1015,Close Up Toothpaste 140ml,,2,1030,0,ussd
RCPT-100871,TXN100871,2026-07-07,12:23:00,IKEJA,TILL-01,Blessing Nwosu,0 8 0 6 8 3 7 5 2 7 1,SKU1003,Golden Morn 500g,Grains & Staples,4,1310,0,Bank Transfer
RCPT-101207,TXN101207,13/06/2026,17:10:00,Yaba Branch,TILL-03,Ibrahim Musa,,SKU1015,Close Up Toothpaste 140ml,Personal Care,1,960,0,Cash
RCPT-100330,TXN100330,2026-03-06,10:18:00,Yaba Branch,TILL-03,Ibrahim Musa,,SKU1026,Chivita Juice 1L,Beverages,1,1450,0,pos
RCPT-100571,TXN100571,05-05-2026,18:32:00,Surulere Branch,TILL-01,Fatima Bello,,SKU1008,Milo 400g,Beverages,2,,0,transfer
RCPT-101356,TXN101356,2026-03-25,14:03:00,MiniMart Express - Surulere,TILL-01,Blessing Nwosu,,SKU1027,Amstel Malta 33cl,Beverages,4,450,0,Cash
RCPT-100506,TXN100506,2026-05-11,18:13:00,SURULERE,TILL-01,Chidinma Okafor,,SKU1021,Bournvita 500g,Beverages,2,2750,0,POS
RCPT-102318,TXN102318,2026-06-12,08:46:00, Yaba,TILL-02,Fatima Bello,,SKU1018,Maltina 33cl,Beverages,1,490,0,POS Card
RCPT-102585,TXN102585,2026-06-28,11:27:00,MiniMart Express - Ikeja,TILL-02,Tunde Bakare,07415503992,SKU1016,Eva Water 75cl,Beverages,2,220,0,Cash
RCPT-102234,TXN102234,05/29/2026,12:42:00,IKEJA,TILL-02,Emeka Obi,7969074923,SKU1001,indomie noodles 70g,Grains & Staples,2,170,0,Cash
RCPT-101200,TXN101200,2026-04-22,08:03 AM,Surulere Branch,TILL-01,Tunde Bakare,+2348555111189,SKU1001,Indomie Noodles 70g,Grains & Staples,1,₦150.00,0,pos
RCPT-101771,TXN101771,2026-06-18,08:58:00,MiniMart Express - Ikeja,TILL-01,Emeka Obi,07641155409,SKU1018,Maltina 33cl,Beverages,4,500,0,cash
RCPT-101153,TXN101153,2026-04-10,15:27:00,IKEJA,TILL-02,Emeka Obi,,SKU1015,Close Up Toothpaste 140ml,Personal Care,2,910,0,Transfer
RCPT-101569,TXN101569,2026-07-30,15:31:00,SURULERE,TILL-01,Fatima Bello,,SKU1013,Omo Detergent 900g,Household,3,1510,0,CASH
RCPT-102255,TXN102255,2026-06-25,13:28:00,SURULERE,TILL-01,Fatima Bello,,SKU1018,Maltina 33cl,Beverages,1,500,0,Bank Transfer
RCPT-100614,TXN100614,2026-03-29,12:31:00, Yaba,TILL-01,Emeka Obi,7807005275,SKU1008,Milo 400g,Beverages,3,2050,15,Transfer
RCPT-101260,TXN101260,27/04/2026,12:17:00,YABA,TILL-01,Blessing Nwosu,,SKU1004,Dangote sugar 1Kg,Grains & Staples,3,1220,0,Bank Transfer
RCPT-102076,TXN102076,2026-05-08,18:27:00,YABA,TILL-03,Chidinma Okafor,2348106727174,SKU1019,Titus Sardine 125g,Canned Foods,5,690,0,cash
RCPT-100280,TXN100280,2026-04-16,03:10 PM,Ikeja Branch,TILL-02,Tunde Bakare,2347657680763,SKU1025,Tom Tom Sweet (pack),Snacks,3,330,0,CASH
RCPT-100868,TXN100868,2026-05-12,10:15:00,Ikeja Branch,TILL-02,,,SKU1019,Titus Sardine 125g,Canned Foods,1,660,0,Bank Transfer
RCPT-102456,TXN102456,2026-07-07,17:05:00, Yaba,TILL-02,Ibrahim Musa,2347347015139,SKU1013,Omo Detergent 900g,Household,4,1660,0,Bank Transfer
RCPT-101253,TXN101253,2026-03-20,19:36:00,Ikeja Branch,TILL-01,Fatima Bello,+2347327343003,SKU1012,Kings Vegetable Oil 1L,Grains & Staples,3,2800,5,POS
RCPT-100613,TXN100613,08/03/2026,14:05:00,IKEJA,TILL-02,Tunde Bakare,,SKU1002,Peak Milk Evaporated 170g,Dairy,1,₦600.00,0,POS Card
RCPT-101633,TXN101633,21-07-2026,16:13:00, Yaba,TILL-01,Tunde Bakare,,SKU1018,Maltina 33cl,Beverages,4,420.00,0,pos
RCPT-101118,TXN101118,17-04-2026,13:17:00,Ikeja Branch,TILL-02,Amaka Eze,,SKU1013,Omo Detergent 900g,Household,1,1680,0,POS Card
RCPT-100519,TXN100519,2026-04-02,13:04:00,Yaba Branch,TILL-01,Emeka Obi,9006984503,SKU1006,Bigi Cola 50cl,Beverages,5,340,0,ATM Card
RCPT-101469,TXN101469,14/03/2026,15:39:00, Yaba,TILL-01,Ibrahim Musa,8737238186,SKU1010,Mama Gold Rice 5kg,Grains & Staples,1,6600,0,Bank Transfer
RCPT-100716,TXN100716,2026-03-15,11:55:00,MiniMart Express - Surulere,TILL-01,Amaka Eze,,SKU1030,Nasco Cornflakes 500g,Grains & Staples,4,1920,0,Bank Transfer
RCPT-100032,TXN100032,2026-06-02,12:18:00,MiniMart Express - Yaba,TILL-03,Amaka Eze,,SKU1021,Bournvita 500g,Beverages,1,2250,0,Bank Transfer
RCPT-101273,TXN101273,2026-03-15,17:43:00,Yaba Branch,TILL-03,Blessing Nwosu,2348161433401,SKU1009,Cowbell Milk Powder 360g,Dairy,1,"1,850.00",0,Cash
RCPT-100190,TXN100190,2026-05-08,21:44:00,IKEJA,TILL-01,Tunde Bakare,08827243511,SKU1020,Cerelac Infant Cereal 400g,Baby Products,5,3670,0,Cash
RCPT-102125,TXN102125,2026-06-04,07:42:00,IKEJA,TILL-01,Chidinma Okafor,,SKU1009,Cowbell Milk Powder 360g,Dairy,1,1950,0,cash
RCPT-100047,TXN100047,2026-05-16,14:46:00,IKEJA,TILL-01,Chidinma Okafor,,SKU1015,Close Up Toothpaste 140ml,Personal Care,4,"₦1,000.00",0,pos
RCPT-100792,TXN100792,2026-06-22,01:30 PM,Surulere Branch,TILL-01,Fatima Bello,,SKU1019,Titus Sardine 125g,Canned Foods,1,,5,Card
RCPT-100018,TXN100018,08-04-2026,09:36:00, Yaba,TILL-01,Chidinma Okafor,+2347215163953,SKU1008,Milo 400g,Beverages,1,,0,POS Card
RCPT-100935,TXN100935,2026-06-15,10:35:00,Surulere Branch,TILL-01,Emeka Obi,+2347572218976,SKU1008,Milo 400g,Beverages,1,2390,0,pos
RCPT-101269,TXN101269,01/03/2026,16:48:00,MiniMart Express - Surulere,TILL-01,Blessing Nwosu,2348494414674,SKU1016,Eva Water 75cl,Beverages,2,190,0,Card
RCPT-101343,TXN101343,2026-04-11,09:52:00,IKEJA,TILL-02,Tunde Bakare,2348226130509,SKU1013,Omo Detergent 900g,Household,1,1710,0,USSD
RCPT-101132,TXN101132,2026-05-25,10:10:00,minimart express-ikeja ,TILL-02,Ibrahim Musa,7083190522,SKU1029,Dano Milk Powder 400g,Dairy,2,"₦2,730.00",0,POS Card
RCPT-100988,TXN100988,2026-03-23,08:00:00,Surulere Branch,TILL-01,Emeka Obi,8827332193,SKU1007,Gala Sausage Roll,Snacks,2,,0,POS Card
RCPT-102227,TXN102227,2026-03-26,10:38:00,SURULERE,TILL-01,Segun Adeyemi,+ 2 3 4 8 0 6 6 9 1 5 7 0 9,SKU1018,Maltina 33cl,Beverages,1,470,0,POS Card
RCPT-100708,TXN100708,2026-07-20,19:02:00,MiniMart Express - Yaba,TILL-02,Blessing Nwosu,+2348239807653,SKU1018,Maltina 33cl,Beverages,1,440,10,pos
RCPT-102062,TXN102062,2026-06-14,20:49:00, Yaba,TILL-03,Chidinma Okafor,,SKU1028,Semovita 2kg,Grains & Staples,1,2320,0,CASH
RCPT-102174,TXN102174,2026-07-29,09:20:00,Ikeja Branch,TILL-01,Fatima Bello,+2347355525443,SKU1017,La Casera 50cl,Beverages,4,330,5,ATM Card
RCPT-101363,TXN101363,2026-05-12,12:47 PM,Ikeja Branch,TILL-01,Emeka Obi,,SKU1026,Chivita Juice 1L,Beverages,1,1440,0,POS Card
RCPT-100132,TXN100132,2026-07-30,14:29:00,Surulere Branch,TILL-01,Ibrahim Musa,,SKU1014,Dettol Soap 65g,Personal Care,2,350,0,Bank Transfer
RCPT-101492,TXN101492,2026-06-14,17:50:00,minimart express-ikeja ,TILL-01,Blessing Nwosu,,SKU1014,Dettol Soap 65g,Personal Care,2,₦380.00,0,Cash
RCPT-101696,TXN101696,2026-03-22,09:07:00,MiniMart Express - Surulere,TILL-01,Emeka Obi,8533546710,SKU1023,Ariel Detergent 900g,Household,1,1790,5,POS Card
RCPT-101000,TXN101000,2026-05-28,09:53:00,MiniMart Express - Ikeja,TILL-02,Tunde Bakare,+2347483009285,SKU1021,Bournvita 500g,,3,"₦2,310.00",15,POS Card
RCPT-101441,TXN101441,11/04/2026,20:47:00,Surulere Branch,TILL-01,Amaka Eze,+2347498382225,SKU1008,Milo 400g,Beverages,4,2030,0,ussd
RCPT-101449,TXN101449,04-07-2026,21:16:00,Ikeja Branch,TILL-02,Segun Adeyemi,,SKU1025,Tom Tom Sweet (pack),Snacks,2,330,10,POS Card
RCPT-102426,TXN102426,2026-07-03,12:23:00,SURULERE,TILL-01,Blessing Nwosu,07662629313,SKU1001,INDOMIE NOODLES 70G,Grains & Staples,1,140,15,Cash
RCPT-102184,TXN102184,2026-05-23,13:36:00,Yaba Branch,TILL-01,Amaka Eze,+ 2 3 4 8 3 9 2 4 1 1 2 8 6,SKU1027,Amstel Malta 33cl,Beverages,2,390.00,0,cash
RCPT-100362,TXN100362,2026-04-16,12:55:00,Ikeja Branch,TILL-01,Fatima Bello,,SKU1014,Dettol Soap 65g,Personal Care,1,390,0,POS Card
RCPT-102495,TXN102495,04/03/2026,13:17:00,MiniMart Express - Yaba,TILL-03,Tunde Bakare,,SKU1018,Maltina 33cl,,4,500,0,transfer
RCPT-102216,TXN102216,2026-06-04,11:15:00,minimart express-ikeja ,TILL-01,Emeka Obi,,SKU1027,Amstel Malta 33cl,Beverages,2,₦410.00,0,POS Card
RCPT-100023,TXN100023,2026-07-23,17:11:00,Ikeja Branch,TILL-01,Fatima Bello,,SKU1020,Cerelac Infant Cereal 400g,Baby Products,4,3600,0,Cash
RCPT-100521,TXN100521,07/05/2026,05:27 PM,Yaba Branch,TILL-01,Emeka Obi,,SKU1017,La Casera 50cl,Beverages,2,340,10,Cash
RCPT-100836,TXN100836,2026-04-05,11:34:00,MiniMart Express - Yaba,TILL-02,Amaka Eze,,SKU1008,Milo 400g,Beverages,1,2140,0,transfer
RCPT-101617,TXN101617,2026-07-30,11:22:00,MiniMart Express - Yaba,TILL-02,Emeka Obi,,SKU1015,Close Up Toothpaste 140ml,Personal Care,1,"₦1,010.00",0,Bank Transfer
RCPT-102310,TXN102310,11/06/2026,15:13:00, Yaba,TILL-03,Amaka Eze,+2348265653326,SKU1027,Amstel Malta 33cl,Beverages,1,₦410.00,0,POS Card
RCPT-101868,TXN101868,2026-03-25,07:21 PM,MiniMart Express - Yaba,TILL-03,Amaka Eze,,SKU1019,Titus Sardine 125g,Canned Foods,3,690,0,pos
RCPT-102440,TXN102440,2026-06-30,10:13:00,MiniMart Express - Surulere,TILL-01,Tunde Bakare,,SKU1028,Semovita 2kg,Grains & Staples,1,2370,0,Bank Transfer
RCPT-100814,TXN100814,2026-04-23,17:22:00,IKEJA,TILL-02,Chidinma Okafor,7718878309,SKU1019,Titus Sardine 125g,Canned Foods,1,730,0,Bank Transfer
RCPT-100826,TXN100826,2026-05-06,16:43:00,SURULERE,TILL-01,Amaka Eze,+2348597783608,SKU1018,Maltina 33cl,Beverages,1,₦510.00,0,CASH
RCPT-101812,TXN101812,2026-07-21,07:57:00,Surulere Branch,TILL-01,Amaka Eze,,SKU1014,Dettol Soap 65g,Personal Care,2,320,10,transfer
RCPT-100361,TXN100361,06/02/2026,14:09:00,IKEJA,TILL-01,Tunde Bakare,2348842814986,SKU1002,peak milk evaporated170g,Dairy,1,590,0,POS Card
RCPT-101211,TXN101211,2026-04-24,17:12:00,MiniMart Express - Surulere,TILL-01,Amaka Eze,,SKU1028,Semovita 2kg,Grains & Staples,5,2210,0,pos
RCPT-101275,TXN101275,2026-05-17,19:20:00,SURULERE,TILL-01,Fatima Bello,,SKU1005,COCA COLA 50CL,Beverages,3,420,0,Card
RCPT-101197,TXN101197,2026-06-14,18:28:00,Yaba Branch,TILL-01,Chidinma Okafor,+2348704653073,SKU1001,Indomie Noodle 70g,Grains & Staples,4,160,0,ussd
RCPT-100380,TXN100380,2026-06-17,11:04 AM,Yaba Branch,TILL-03,Fatima Bello,,SKU1028,Semovita 2kg,Grains & Staples,3,2170,0,ATM Card
RCPT-102121,TXN102121,2026-04-01,08:13:00,Ikeja Branch,TILL-01,Tunde Bakare,,SKU1003,Golden Morn 500g,Grains & Staples,3,1380,0,POS Card
RCPT-101403,TXN101403,05/21/2026,20:57:00,SURULERE,TILL-01,Tunde Bakare,,SKU1022,Knorr Chicken Cubes (pack),Grains & Staples,1,340,0,Bank Transfer
RCPT-101099,TXN101099,26-06-2026,07:08 PM,MiniMart Express - Ikeja,TILL-02,Segun Adeyemi,8858474842,SKU1025,Tom Tom Sweet (pack),Snacks,5,330,0,POS Card
RCPT-100174,TXN100174,04/05/2026,11:52:00,Yaba Branch,TILL-01,Segun Adeyemi,07704198449,SKU1030,Nasco Cornflakes 500g,Grains & Staples,3,"₦2,070.00",0,Bank Transfer
RCPT-101745,TXN101745,2026-06-01,07:52 PM,YABA,TILL-01,Ibrahim Musa,,SKU1007,Gala Sausage Roll,Snacks,3,260,0,Cash
RCPT-102533,TXN102533,2026-06-10,09:56:00,YABA,TILL-02,Chidinma Okafor,+2347663499679,SKU1026,Chivita Juice 1L,Beverages,2,1370,0,POS Card
RCPT-100471,TXN100471,07/23/2026,10:28:00,YABA,TILL-03,Tunde Bakare,,SKU1005,Coca-Cola 50cl,Beverages,1,400,0,ussd
RCPT-100129,TXN100129,2026-07-12,14:15:00,Ikeja Branch,TILL-01,Blessing Nwosu,08561631179,SKU1027,Amstel Malta 33cl,Beverages,-3,460,0,Card
RCPT-101064,TXN101064,2026-04-14,18:53:00,Ikeja Branch,TILL-01,Amaka Eze,,SKU1017,La Casera 50cl,,1,380,0,Cash
RCPT-101794,TXN101794,03/15/2026,08:01:00,MiniMart Express - Surulere,TILL-01,Chidinma Okafor,,SKU1005,Coca-Cola 50cl,Beverages,1,₦450.00,0,POS Card
RCPT-102358,TXN102358,2026-06-12,14:41:00,YABA,TILL-01,Ibrahim Musa,,SKU1030,Nasco Cornflakes 500g,Grains & Staples,1,1850,0,Cash
RCPT-101853,TXN101853,2026-07-06,10:03:00,MiniMart Express - Surulere,TILL-01,Emeka Obi,+2348699597349,SKU1019,Titus Sardine 125g,Canned Foods,3,780,0,Cash
RCPT-101566,TXN101566,2026-07-19,12:37:00, Yaba,TILL-03,Fatima Bello,,SKU1012,Kings Vegetable Oil 1L,Grains & Staples,2,2650,0,Cash
RCPT-102136,TXN102136,2026-05-20,18:21:00,minimart express-ikeja ,TILL-02,Amaka Eze,,SKU1020,Cerelac Infant Cereal 400g,Baby Products,1,3240,0,POS Card
RCPT-100302,TXN100302,2026-03-22,11:53:00,MiniMart Express - Yaba,TILL-03,Tunde Bakare,7248628368,SKU1023,Ariel Detergent 900g,Household,1,2010,0,cash
RCPT-102416,TXN102416,2026-04-27,17:03:00, Yaba,TILL-01,Segun Adeyemi,7494251315,SKU1019,Titus Sardine 125g,Canned Foods,2,770,0,Transfer
RCPT-102403,TXN102403,29-06-2026,19:48:00,SURULERE,TILL-01,Tunde Bakare,,SKU1027,Amstel Malta 33cl,,4,440,10,transfer
RCPT-101937,TXN101937,2026-06-13,19:53:00, Yaba,TILL-01,Amaka Eze,,SKU1026,Chivita Juice 1L,Beverages,3,1450,0,Cash
RCPT-101031,TXN101031,2026-05-19,17:53:00, Yaba,TILL-01,Chidinma Okafor,,SKU1010,MAMA GOLD RICE 5KG,Grains & Staples,2,6910,0,Bank Transfer
RCPT-101307,TXN101307,2026-04-27,19:14:00, Yaba,TILL-02,Fatima Bello,,SKU1029,Dano Milk Powder 400g,Dairy,4,,0,transfer
RCPT-100695,TXN100695,09/05/2026,19:25:00,MiniMart Express - Yaba,TILL-03,Amaka Eze,8527930068,SKU1006,Bigi Cola 50cl,Beverages,2,390,0,Cash
RCPT-101875,TXN101875,2026-06-17,05:20 PM, Yaba,TILL-03,Amaka Eze,2348446039167,SKU1025,Tom Tom Sweet (pack),Snacks,3,300,0,transfer
RCPT-102100,TXN102100,2026-03-03,09:40:00,SURULERE,TILL-01,Ibrahim Musa,,SKU1004,Dangote Sugar 1kg,Grains & Staples,1,"₦1,230.00",0,Cash
RCPT-100217,TXN100217,31/05/2026,15:15:00,Yaba Branch,TILL-01,Amaka Eze,2348788226291,SKU1021,Bournvita 500g,Beverages,3,2460,0,Cash
RCPT-100565,TXN100565,2026-05-12,16:28:00,Surulere Branch,TILL-01,Emeka Obi,07146296966,SKU1009,Cowbell Milk Powder 360g,Dairy,5,"1,990.00",0,Cash
RCPT-101161,TXN101161,2026-04-29,16:17:00, Yaba,TILL-02,Fatima Bello,2348355810257,SKU1019,Titus Sardine 125g,Canned Foods,3,720,5,Bank Transfer
RCPT-100444,TXN100444,2026-04-13,08:59:00,minimart express-ikeja ,TILL-02,Emeka Obi,,SKU1025,Tom Tom Sweet (pack),Snacks,1,300,10,Cash
RCPT-100246,TXN100246,2026-05-26,14:25:00,minimart express-ikeja ,TILL-02,Segun Adeyemi,,SKU1017,La Casera 50cl,Beverages,3,350,0,ussd
RCPT-101762,TXN101762,2026-07-17,15:13:00,MiniMart Express - Surulere,TILL-01,Fatima Bello,,SKU1019,Titus Sardine 125g,Canned Foods,3,,0,ussd
RCPT-102178,TXN102178,04-04-2026,16:37:00,SURULERE,TILL-01,Blessing Nwosu,09057364497,SKU1008,Milo 400g,Beverages,2,"₦2,130.00",0,transfer
RCPT-102259,TXN102259,2026-04-17,08:17:00,Yaba Branch,TILL-02,Amaka Eze,,SKU1016,Eva Water 75cl,Beverages,4,190,0,Transfer
RCPT-100248,TXN100248,2026-04-11,13:33:00, Yaba,TILL-02,Amaka Eze,2348192386477,SKU1011,Honeywell Semolina 2kg,Grains & Staples,1,2410,15,Cash
RCPT-102462,TXN102462,05/17/2026,18:59:00,SURULERE,TILL-01,Blessing Nwosu,,SKU1005,COCA COLA 50CL,Beverages,1,440,0,POS Card
RCPT-100364,TXN100364,2026-06-06,16:47:00,MiniMart Express - Surulere,TILL-01,Fatima Bello,,SKU1004,Dangote sugar 1Kg,Grains & Staples,1,1330,0,POS Card
RCPT-101734,TXN101734,2026-04-25,10:26:00,MiniMart Express - Surulere,TILL-01,Chidinma Okafor,,SKU1022,Knorr Chicken Cubes (pack),Grains & Staples,4,320.00,0,POS Card
RCPT-102508,TXN102508,2026-05-24,10:31:00, Yaba,TILL-03,Blessing Nwosu,,SKU1011,Honeywell Semolina 2kg,Grains & Staples,2,2110,0,POS
RCPT-102091,TXN102091,2026-04-30,10:00:00,MiniMart Express - Ikeja,TILL-01,Segun Adeyemi,,SKU1022,Knorr Chicken Cubes (pack),Grains & Staples,1,290.00,0,Cash
RCPT-101507,TXN101507,2026-05-28,09:51:00,SURULERE,TILL-01,Blessing Nwosu,,SKU1020,Cerelac Infant Cereal 400g,Baby Products,3,3190,0,Transfer
RCPT-100348,TXN100348,2026-05-16,20:21:00, Yaba,TILL-03,Amaka Eze,+2348569593384,SKU1018,Maltina 33cl,Beverages,2,430,0,CASH
RCPT-101922,TXN101922,29-04-2026,09:19:00,minimart express-ikeja ,TILL-01,Amaka Eze,7869959029,SKU1027,Amstel Malta 33cl,Beverages,2,440,0,Bank Transfer
RCPT-101170,TXN101170,2026-04-11,20:54:00,MiniMart Express - Surulere,TILL-01,Emeka Obi,08139490514,SKU1007,Gala Sausage Roll,Snacks,3,₦260.00,0,pos
RCPT-101013,TXN101013,15-05-2026,13:42:00, Yaba,TILL-01,Ibrahim Musa,,SKU1006,Bigi Cola 50cl,BEVERAGES,1,400,0,Cash
RCPT-101500,TXN101500,2026-04-26,17:03:00,IKEJA,TILL-01,Amaka Eze,+2348927880007,SKU1007,Gala Sausage Roll,Snacks,4,270,0,ussd
RCPT-100529,TXN100529,2026-03-07,08:19:00,Yaba Branch,TILL-03,Tunde Bakare,07411648481,SKU1014,Dettol Soap 65g,Personal Care,1,340.00,0,transfer
RCPT-100499,TXN100499,05/06/2026,16:37:00,IKEJA,TILL-02,Emeka Obi,7663773909,SKU1024,"Pampers Diapers (pack, medium)",Baby Products,4,"₦4,190.00",0,cash
RCPT-100571,TXN100571,05/05/2026,18:32:00,MiniMart Express - Surulere,TILL-01,Fatima Bello,,SKU1010,Mama Gold Rice 5kg,Grains & Staples,4,6830,0,transfer
RCPT-101022,TXN101022,2026-04-29,09:51:00,Yaba Branch,TILL-02,Chidinma Okafor,,SKU1024,"Pampers Diapers (pack, medium)",Baby Products,1,4390,0,POS Card
RCPT-102535,TXN102535,02-06-2026,17:02:00, Yaba,TILL-02,Chidinma Okafor,,SKU1019,Titus Sardine 125g,Canned Foods,1,790,0,transfer
RCPT-101271,TXN101271,2026-07-24,13:56:00,IKEJA,TILL-02,Amaka Eze,,SKU1015,Close Up Toothpaste 140ml,Personal Care,2,890,0,ATM Card
RCPT-101085,TXN101085,2026-07-18,14:46:00,MiniMart Express - Ikeja,TILL-01,Segun Adeyemi,+2347861655190,SKU1021,Bournvita 500g,Beverages,1,2200,0,Transfer
RCPT-100831,TXN100831,2026-04-25,08:11:00,Surulere Branch,TILL-01,Segun Adeyemi,,SKU1026,Chivita Juice 1L,Beverages,3,,0,Cash
RCPT-101378,TXN101378,07/16/2026,18:25:00,IKEJA,TILL-02,Amaka Eze,,SKU1003,Golden Morn 500g,Grains & Staples,1,"1,570.00",0,pos
RCPT-100376,TXN100376,2026-04-28,12:14:00,Surulere Branch,TILL-01,Blessing Nwosu,+2347031600018,SKU1016,Eva Water 75cl,Beverages,1,190,0,Bank Transfer
RCPT-100826,TXN100826,2026-05-06,04:43 PM,MiniMart Express - Surulere,TILL-01,Amaka Eze,+2348597783608,SKU1022,Knorr Chicken Cubes (pack),Grains & Staples,3,,0,CASH
RCPT-100615,TXN100615,18-04-2026,17:44:00,MiniMart Express - Yaba,TILL-01,Blessing Nwosu,+2347069475621,SKU1003,Golden Morn 500g,Grains & Staples,4,1520,0,Card
RCPT-101422,TXN101422,2026-05-06,11:11 AM,YABA,TILL-01,Emeka Obi,,SKU1020,Cerelac Infant Cereal 400g,Baby Products,2,"₦3,080.00",0,POS
RCPT-101034,TXN101034,2026-05-21,13:20:00,SURULERE,TILL-01,Tunde Bakare,2347304583996,SKU1022,Knorr Chicken Cubes (pack),Grains & Staples,2,300.00,0,Bank Transfer
RCPT-100360,TXN100360,2026-05-27,12:55:00, Yaba,TILL-03,Tunde Bakare,,SKU1001,Indomie Noodles 70g,,3,150,0,Transfer
RCPT-100480,TXN100480,2026-07-11,12:33:00,Surulere Branch,TILL-01,Tunde Bakare,+2348461563010,SKU1027,Amstel Malta 33cl,Beverages,3,420,10,POS Card
RCPT-102225,TXN102225,2026-06-09,10:58:00,Surulere Branch,TILL-01,Fatima Bello,2348064894387,SKU1024,"Pampers Diapers (pack, medium)",Baby Products,3,4590,0,Bank Transfer
RCPT-100642,TXN100642,07/25/2026,16:40:00,IKEJA,TILL-01,Ibrahim Musa,,SKU1021,Bournvita 500g,Beverages,3,2660,0,Transfer
RCPT-100039,TXN100039,2026-03-19,14:43:00,Ikeja Branch,TILL-01,Segun Adeyemi,,SKU1006,Bigi Cola 50cl,Beverages,1,350,0,Cash
RCPT-100172,TXN100172,04/05/2026,13:50:00, Yaba,TILL-01,Chidinma Okafor,2347864527197,SKU1017,La Casera 50cl,Beverages,3,320,0,POS Card
RCPT-101980,TXN101980,2026-06-10,09:01:00,IKEJA,TILL-01,Segun Adeyemi,+2347067062656,SKU1007,Gala Sausage Roll,Snacks,1,240,0,Cash
RCPT-102171,TXN102171,2026-04-12,19:57:00,Yaba Branch,TILL-02,Ibrahim Musa,+2347251839207,SKU1029,Dano Milk Powder 400g,Dairy,1,3170,0,Bank Transfer
RCPT-100666,TXN100666,2026-05-14,07:52:00,MiniMart Express - Ikeja,TILL-01,Emeka Obi,07285012736,SKU1009,Cowbell Milk Powder 360g,DAIRY,2,1710,0,Cash
RCPT-100824,TXN100824,22/07/2026,20:13:00,Yaba Branch,TILL-03,Blessing Nwosu,07258169805,SKU1005,Coke 50cl,Beverages,3,380,0,pos
RCPT-102020,TXN102020,2026-05-14,09:32:00,Yaba Branch,TILL-01,Emeka Obi,,SKU1008,Milo 400g,Beverages,4,1920,0,pos
RCPT-101888,TXN101888,01/05/2026,11:37:00,SURULERE,TILL-01,Blessing Nwosu,,SKU1004,Dangote sugar 1Kg,Grains & Staples,4,1150,0,Cash
RCPT-102144,TXN102144,13/04/2026,16:45:00,YABA,TILL-01,Emeka Obi,2348316924600,SKU1013,Omo Detergent 900g,Household,3,1790,0,CASH
RCPT-100958,TXN100958,2026-07-22,20:01:00,MiniMart Express - Yaba,TILL-03,Amaka Eze,,SKU1004,Dangote Sugar 1kg,Grains & Staples,1,1150,0,POS Card
RCPT-102105,TXN102105,2026-06-09,15:36:00, Yaba,TILL-03,Ibrahim Musa,7149230303,SKU1003,Golden Morn 500g,Grains & Staples,1,1510,0,POS Card
RCPT-102098,TXN102098,2026-04-15,13:15:00,Ikeja Branch,TILL-01,Tunde Bakare,+2347414610785,SKU1002,Peak Milk Evap 170g,,1,720,0,Bank Transfer
RCPT-101879,TXN101879,2026-05-24,15:52:00,YABA,TILL-03,Emeka Obi,,SKU1016,Eva Water 75cl,Beverages,2,180,0,CASH
RCPT-101463,TXN101463,02-04-2026,12:13:00,Yaba Branch,TILL-01,Fatima Bello,7107791323,SKU1016,Eva Water 75cl,Beverages,4,180.00,0,ussd
RCPT-102515,TXN102515,2026-04-01,18:57:00,Ikeja Branch,TILL-02,Blessing Nwosu,,SKU1029,Dano Milk Powder 400g,Dairy,2,2750,10,Card
RCPT-101759,TXN101759,2026-05-11,07:11 PM,IKEJA,TILL-02,Chidinma Okafor,,SKU1026,Chivita Juice 1L,Beverages,2,1430,0,POS Card
RCPT-101030,TXN101030,2026-03-16,07:04:00,Surulere Branch,TILL-01,Tunde Bakare,,SKU1019,Titus Sardine 125g,Canned Foods,1,670,0,Cash
RCPT-101482,TXN101482,2026-06-28,20:00:00,minimart express-ikeja ,TILL-01,Blessing Nwosu,,SKU1011,Honeywell Semolina 2kg,Grains & Staples,1,2150,0,pos
RCPT-101556,TXN101556,2026-03-17,11:56:00,minimart express-ikeja ,TILL-02,Segun Adeyemi,08617579527,SKU1014,Dettol Soap 65g,Personal Care,2,330,0,Cash
RCPT-102180,TXN102180,2026-03-26,15:32:00,minimart express-ikeja ,TILL-01,Amaka Eze,+2348501173564,SKU1011,Honeywell Semolina 2kg,,1,2410,0,POS Card
RCPT-100718,TXN100718,2026-06-21,18:19:00,SURULERE,TILL-01,Emeka Obi,,SKU1016,Eva Water 75cl,Beverages,1,190,0,transfer
RCPT-101858,TXN101858,2026-05-15,19:12:00,MiniMart Express - Yaba,TILL-01,Chidinma Okafor,,SKU1028,Semovita 2kg,Grains & Staples,4,1910,0,Cash
RCPT-101662,TXN101662,2026-06-16,19:27:00,IKEJA,TILL-01,Ibrahim Musa,07028282893,SKU1017,La Casera 50cl,Beverages,1,320,0,Bank Transfer
RCPT-101337,TXN101337,2026-05-15,15:58:00,IKEJA,TILL-01,Emeka Obi,,SKU1007,Gala Sausage Roll,Snacks,1,260,0,Bank Transfer
RCPT-101810,TXN101810,28/07/2026,10:05:00,MiniMart Express - Yaba,TILL-02,Fatima Bello,,SKU1020,Cerelac Infant Cereal 400g,Baby Products,1,3230,0,Card
RCPT-101968,TXN101968,2026-04-23,17:53:00,IKEJA,TILL-02,Segun Adeyemi,07963556044,SKU1027,Amstel Malta 33cl,Beverages,1,430,5,ussd
RCPT-100731,TXN100731,21/05/2026,21:23:00,Yaba Branch,TILL-02,Ibrahim Musa,,SKU1027,Amstel Malta 33cl,Beverages,1,440,0,transfer
RCPT-102305,TXN102305,26/03/2026,07:17 AM,MiniMart Express - Ikeja,TILL-01,Fatima Bello,07513663613,SKU1006,Bigi Cola 50cl,Beverages,2,₦350.00,0,ATM Card
RCPT-101908,TXN101908,2026-04-18,19:50:00,MiniMart Express - Surulere,TILL-01,Emeka Obi,,SKU1022,Knorr Chicken Cubes (pack),Grains & Staples,2,290.00,0,POS
RCPT-101744,TXN101744,2026-07-22,10:17 AM,MiniMart Express - Surulere,TILL-01,Amaka Eze,07629755242,SKU1014,Dettol Soap 65g,Personal Care,2,₦320.00,0,POS Card
RCPT-102271,TXN102271,2026-03-29,10:47 AM,YABA,TILL-03,Segun Adeyemi,07879971673,SKU1007,Gala Sausage Roll,Snacks,2,260,0,Transfer
RCPT-102104,TXN102104,02/05/2026,13:25:00,minimart express-ikeja ,TILL-01,,,SKU1009,Cowbell Milk Powder 360g,Dairy,1,"1,670.00",0,POS Card
RCPT-101717,TXN101717,12-06-2026,07:31:00,MiniMart Express - Ikeja,TILL-02,Blessing Nwosu,07205236718,SKU1002,peak milk evaporated170g,Dairy,103,710,0,Card
RCPT-100214,TXN100214,23-04-2026,19:48:00,YABA,TILL-01,Segun Adeyemi,,SKU1015,Close Up Toothpaste 140ml,Personal Care,1,960,0,Transfer
RCPT-101112,TXN101112,2026-06-25,19:01:00,minimart express-ikeja ,TILL-01,Tunde Bakare,0 8 4 7 4 8 4 5 3 6 9,SKU1026,Chivita Juice 1L,Beverages,1,1260,0,POS Card
RCPT-101154,TXN101154,07-06-2026,15:08:00,Surulere Branch,TILL-01,Blessing Nwosu,+2348577093603,SKU1007,Gala Sausage Roll,Snacks,4,240,0,Cash
RCPT-101547,TXN101547,09-07-2026,16:24:00,Ikeja Branch,TILL-02,Fatima Bello,,SKU1025,Tom Tom Sweet (pack),Snacks,4,270,0,POS Card
RCPT-100902,TXN100902,2026-03-04,19:34:00,IKEJA,TILL-02,Tunde Bakare,,SKU1002,peak milk evaporated170g,Dairy,1,,0,POS Card
RCPT-102244,TXN102244,2026-06-23,17:34:00,MiniMart Express - Yaba,TILL-03,Blessing Nwosu,2348707415319,SKU1011,Honeywell Semolina 2kg,Grains & Staples,4,2170,0,Cash
RCPT-101126,TXN101126,20-06-2026,12:19:00,SURULERE,TILL-01,Ibrahim Musa,2348643623796,SKU1002,peak milk evaporated170g,Dairy,1,670.00,0,Transfer
RCPT-102498,TXN102498,08-06-2026,16:30:00,minimart express-ikeja ,TILL-02,Chidinma Okafor,2348773272583,SKU1027,Amstel Malta 33cl,BEVERAGES,2,450,0,Cash
RCPT-102140,TXN102140,2026-03-27,17:19:00,MiniMart Express - Surulere,TILL-01,Segun Adeyemi,08856564373,SKU1009,Cowbell Milk Powder 360g,Dairy,1,2040,0,Cash
RCPT-100201,TXN100201,04-04-2026,20:03:00,Yaba Branch,TILL-03,Emeka Obi,2347923337892,SKU1014,Dettol Soap 65g,Personal Care,3,320,0,transfer
RCPT-100962,TXN100962,2026-04-02,19:51:00, Yaba,TILL-02,Tunde Bakare,,SKU1014,Dettol Soap 65g,Personal Care,1,390.00,0,Bank Transfer
RCPT-101273,TXN101273,2026-03-15,05:43 PM, Yaba,TILL-03,Blessing Nwosu,2348161433401,SKU1014,Dettol Soap 65g,Personal Care,2,400,0,Cash
RCPT-100883,TXN100883,2026-03-07,08:56 AM,Surulere Branch,TILL-01,Chidinma Okafor,,SKU1002,peak milk evaporated170g,Dairy,1,720,0,Card
RCPT-100991,TXN100991,2026-04-12,10:03:00,Ikeja Branch,TILL-02,Segun Adeyemi,,SKU1018,Maltina 33cl,Beverages,4,430,0,Cash
RCPT-101608,TXN101608,29-04-2026,16:17:00,MiniMart Express - Ikeja,TILL-01,Emeka Obi,2 3 4 8 4 2 5 1 4 6 2 8 9,SKU1022,Knorr Chicken Cubes (pack),Grains & Staples,1,300,0,Cash
RCPT-100497,TXN100497,2026-05-16,19:25:00,Ikeja Branch,TILL-02,Fatima Bello,8096538120,SKU1011,Honeywell Semolina 2kg,Grains & Staples,3,2290,0,POS
RCPT-100334,TXN100334,2026-07-18,17:18:00,MiniMart Express - Ikeja,TILL-02,Segun Adeyemi,,SKU1022,Knorr Chicken Cubes (pack),Grains & Staples,1,310,5,Transfer
RCPT-100574,TXN100574,2026-04-23,07:18:00,Surulere Branch,TILL-01,Tunde Bakare,08287188670,SKU1017,La Casera 50cl,Beverages,1,,0,USSD
RCPT-100062,TXN100062,19-05-2026,08:58:00,IKEJA,TILL-02,Tunde Bakare,,SKU1019,Titus Sardine 125g,Canned Foods,2,800,0,transfer
RCPT-101669,TXN101669,2026-04-20,21:51:00,SURULERE,TILL-01,Tunde Bakare,,SKU1016,Eva Water 75cl,Beverages,3,210,0,USSD
RCPT-101347,TXN101347,2026-04-28,20:57:00,MiniMart Express - Surulere,TILL-01,Tunde Bakare,,SKU1012,Kings Vegetable Oil 1L,Grains & Staples,1,2420,0,ATM Card
RCPT-100149,TXN100149,2026-03-01,13:40:00,Yaba Branch,TILL-03,Amaka Eze,,SKU1008,Milo 400g,Beverages,2,2310,0,POS
RCPT-101094,TXN101094,2026-06-07,18:16:00,Surulere Branch,TILL-01,Amaka Eze,,SKU1009,Cowbell Milk Powder 360g,Dairy,2,1750,0,Transfer
RCPT-100979,TXN100979,03/26/2026,11:49:00,MiniMart Express - Surulere,TILL-01,Chidinma Okafor,,SKU1022,Knorr Chicken Cubes (pack),Grains & Staples,2,290,0,cash
RCPT-102512,TXN102512,30/07/2026,10:53 AM,MiniMart Express - Yaba,TILL-02,Tunde Bakare,,SKU1018,Maltina 33cl,Beverages,4,,0,Card
RCPT-102479,TXN102479,2026-06-27,19:31:00,Yaba Branch,TILL-01,Amaka Eze,,SKU1007,Gala Sausage Roll,Snacks,2,270,0,POS Card
RCPT-101940,TXN101940,2026-07-20,15:43:00,MiniMart Express - Surulere,TILL-01,Chidinma Okafor,,SKU1028,Semovita 2kg,Grains & Staples,5,2120,15,CASH
RCPT-102515,TXN102515,2026-04-01,18:57:00,Ikeja Branch,TILL-02,Blessing Nwosu,,SKU1007,Gala Sausage Roll,Snacks,3,250,0,Card
RCPT-102577,TXN102577,2026-05-05,07:21:00,MiniMart Express - Ikeja,TILL-02,Ibrahim Musa,,SKU1022,Knorr Chicken Cubes (pack),Grains & Staples,4,320,0,POS Card
RCPT-102177,TXN102177,13/06/2026,20:42:00,Surulere Branch,TILL-01,Fatima Bello,,SKU1025,Tom Tom Sweet (pack),Snacks,1,280,0,pos
RCPT-102218,TXN102218,2026-05-01,10:35:00,MiniMart Express - Surulere,TILL-01,Ibrahim Musa,,SKU1016,Eva Water 75cl,Beverages,3,220,0,Cash
RCPT-102274,TXN102274,08/05/2026,19:47:00,IKEJA,TILL-01,Emeka Obi,,SKU1004,Dangote sugar 1Kg,Grains & Staples,4,1170,5,CASH
RCPT-101458,TXN101458,2026-05-07,09:12:00,MiniMart Express - Surulere,TILL-01,Blessing Nwosu,,SKU1009,Cowbell Milk Powder 360g,Dairy,1,1700,0,Cash
RCPT-101073,TXN101073,2026-07-05,12:51:00,Yaba Branch,TILL-02,Blessing Nwosu,,SKU1012,Kings Vegetable Oil 1L,Grains & Staples,4,2830,0,Card
RCPT-100175,TXN100175,04/09/2026,21:21:00,Surulere Branch,TILL-01,Amaka Eze,9047557976,SKU1007,Gala Sausage Roll,Snacks,1,₦260.00,0,POS Card
RCPT-101788,TXN101788,2026-03-02,15:57:00,MiniMart Express - Surulere,TILL-01,Ibrahim Musa,8322389716,SKU1004,DANGOTE SUGAR 1KG ,Grains & Staples,3,1370,0,transfer
RCPT-100419,TXN100419,2026-06-25,18:10:00,MiniMart Express - Surulere,TILL-01,Tunde Bakare,+2347335910256,SKU1027,Amstel Malta 33cl,Beverages,3,370,0,Cash
RCPT-100037,TXN100037,01-06-2026,13:36:00,minimart express-ikeja ,TILL-01,Segun Adeyemi,,SKU1012,Kings Vegetable Oil 1L,Grains & Staples,3,"₦2,960.00",0,Cash
RCPT-101108,TXN101108,2026-05-31,17:28:00,minimart express-ikeja ,TILL-01,Chidinma Okafor,,SKU1007,Gala Sausage Roll,,1,260,0,POS Card
RCPT-101700,TXN101700,24/05/2026,18:29:00,Ikeja Branch,TILL-02,Amaka Eze,2348633486653,SKU1021,Bournvita 500g,Beverages,3,2670,0,USSD
RCPT-101894,TXN101894,2026-04-29,20:15:00,SURULERE,TILL-01,Tunde Bakare,,SKU1009,Cowbell Milk Powder 360g,Dairy,2,"1,630.00",0,POS
RCPT-101503,TXN101503,21-05-2026,09:22 PM,MiniMart Express - Ikeja,TILL-02,Emeka Obi,2348591125921,SKU1007,Gala Sausage Roll,Snacks,1,280,0,ussd
RCPT-100023,TXN100023,2026-07-23,17:11:00,Ikeja Branch,TILL-01,Fatima Bello,,SKU1008,Milo 400g,Beverages,2,,0,Cash
RCPT-101448,TXN101448,2026-05-06,18:00:00,SURULERE,TILL-01,Tunde Bakare,,SKU1011,Honeywell Semolina 2kg,Grains & Staples,3,2600,15,Cash
RCPT-101599,TXN101599,2026-05-18,21:32:00,Surulere Branch,TILL-01,Fatima Bello,+ 2 3 4 7 0 8 9 8 5 4 7 6 3,SKU1030,Nasco Cornflakes 500g,Grains & Staples,1,1860,0,Bank Transfer
RCPT-102170,TXN102170,06/24/2026,11:23:00,IKEJA,TILL-01,Chidinma Okafor,0 7 9 4 7 5 9 2 0 5 4,SKU1009,Cowbell Milk Powder 360g,Dairy,1,1730,0,Bank Transfer
RCPT-100662,TXN100662,07/06/2026,18:56:00,Surulere Branch,TILL-01,Emeka Obi,,SKU1025,Tom Tom Sweet (pack),Snacks,1,₦320.00,0,Cash
RCPT-101929,TXN101929,04/26/2026,21:58:00,SURULERE,TILL-01,Tunde Bakare,7413235332,SKU1029,Dano Milk Powder 400g,Dairy,2,2910,0,transfer
RCPT-101142,TXN101142,2026-03-01,21:48:00,minimart express-ikeja ,TILL-01,Segun Adeyemi,+2348466700339,SKU1015,Close Up Toothpaste 140ml,Personal Care,5,930,0,CASH
RCPT-100121,TXN100121,2026-04-16,14:27:00,YABA,TILL-03,Fatima Bello,2348157454441,SKU1016,Eva Water 75cl,Beverages,3,₦180.00,0,POS Card
RCPT-101089,TXN101089,2026-04-01,10:06:00,Surulere Branch,TILL-01,Chidinma Okafor,7292048754,SKU1018,Maltina 33cl,Beverages,1,₦480.00,10,pos
RCPT-101765,TXN101765,2026-06-30,14:41:00,IKEJA,TILL-02,Fatima Bello,07113914332,SKU1005,Coke 50cl,Beverages,2,410,0,transfer
RCPT-102413,TXN102413,2026-06-14,15:50:00,MiniMart Express - Yaba,TILL-02,Blessing Nwosu,,SKU1026,Chivita Juice 1L,Beverages,3,"1,240.00",0,transfer
RCPT-100917,TXN100917,2026-03-25,21:32:00,MiniMart Express - Yaba,TILL-03,Amaka Eze,,SKU1018,Maltina 33cl,Beverages,1,₦410.00,0,cash
RCPT-102445,TXN102445,2026-06-02,16:43:00,SURULERE,TILL-01,Tunde Bakare,,SKU1004,Dangote sugar 1Kg,Grains & Staples,3,1320,0,POS Card
RCPT-100861,TXN100861,17/06/2026,07:17:00,MiniMart Express - Yaba,TILL-02,Tunde Bakare,,SKU1025,Tom Tom Sweet (pack),Snacks,3,₦340.00,0,USSD
RCPT-101017,TXN101017,2026-04-16,05:54 PM,Surulere Branch,TILL-01,Amaka Eze,2348121564157,SKU1029,Dano Milk Powder 400g,Dairy,2,2740,0,cash
RCPT-100856,TXN100856,2026-06-17,18:48:00,MiniMart Express - Surulere,TILL-01,Ibrahim Musa,,SKU1007,Gala Sausage Roll,Snacks,1,280,0,Cash
RCPT-101068,TXN101068,2026-05-06,15:39:00,Surulere Branch,TILL-01,Segun Adeyemi,,SKU1015,Close Up Toothpaste 140ml,Personal Care,1,₦850.00,0,pos
RCPT-100472,TXN100472,31-03-2026,14:49:00,minimart express-ikeja ,TILL-01,Fatima Bello,,SKU1024,"Pampers Diapers (pack, medium)",Baby Products,1,5080,0,Cash
RCPT-102544,TXN102544,2026-06-09,09:41 AM,Ikeja Branch,TILL-01,Ibrahim Musa,2 3 4 8 5 3 3 9 1 6 3 2 0,SKU1028,Semovita 2kg,Grains & Staples,1,"2,160.00",0,Card
RCPT-102537,TXN102537,2026-04-15,13:22:00,SURULERE,TILL-01,Segun Adeyemi,,SKU1025,Tom Tom Sweet (pack),Snacks,2,310,0,USSD
RCPT-101017,TXN101017,16/04/2026,17:54:00,SURULERE,TILL-01,Amaka Eze,2348121564157,SKU1017,La Casera 50cl,Beverages,2,380,0,cash
RCPT-101587,TXN101587,2026-04-02,09:57:00,Ikeja Branch,TILL-02,Emeka Obi,2348852425100,SKU1023,Ariel Detergent 900g,Household,2,1600,0,ussd
RCPT-101923,TXN101923,2026-03-21,18:36:00,YABA,TILL-01,Tunde Bakare,,SKU1027,Amstel Malta 33cl,Beverages,3,420,0,cash
RCPT-100265,TXN100265,2026-03-13,14:25:00,MiniMart Express - Surulere,TILL-01,Fatima Bello,,SKU1003,Golden Morn 500g,,2,1440,0,Bank Transfer
RCPT-101274,TXN101274,04/17/2026,17:06:00,Yaba Branch,TILL-03,Fatima Bello,,SKU1012,Kings Vegetable Oil 1L,Grains & Staples,1,2710,0,Transfer
RCPT-100725,TXN100725,2026-04-17,19:45:00,Ikeja Branch,TILL-02,Ibrahim Musa,8218102034,SKU1019,Titus Sardine 125g,Canned Foods,2,690,0,Cash
RCPT-100452,TXN100452,2026-05-07,17:57:00,SURULERE,TILL-01,Emeka Obi,,SKU1021,Bournvita 500g,,5,2210,0,cash
RCPT-100859,TXN100859,2026-03-10,15:14:00,Surulere Branch,TILL-01,Emeka Obi,,SKU1028,Semovita 2kg,Grains & Staples,2,2060,0,Cash
RCPT-101793,TXN101793,2026-03-05,08:10:00,Ikeja Branch,TILL-01,Tunde Bakare,+ 2 3 4 7 1 2 4 1 0 4 4 9 0,SKU1013,Omo Detergent 900g,Household,2,1690,0,POS
RCPT-100468,TXN100468,23-05-2026,11:10 AM,MiniMart Express - Surulere,TILL-01,Fatima Bello,+2348576453433,SKU1015,Close Up Toothpaste 140ml,Personal Care,1,850,0,Cash
RCPT-102585,TXN102585,2026-06-28,11:27:00,IKEJA,TILL-02,Tunde Bakare,07415503992,SKU1026,Chivita Juice 1L,Beverages,1,1280,0,Cash
RCPT-100661,TXN100661,2026-06-25,20:49:00,YABA,TILL-01,Chidinma Okafor,,SKU1025,Tom Tom Sweet (pack),Snacks,1,280,0,ussd
RCPT-101369,TXN101369,2026-04-15,20:00:00,YABA,TILL-02,Tunde Bakare,,SKU1022,Knorr Chicken Cubes (pack),Grains & Staples,2,310,0,Cash
RCPT-100117,TXN100117,2026-07-31,07:21 PM,MiniMart Express - Ikeja,TILL-02,Chidinma Okafor,,SKU1022,Knorr Chicken Cubes (pack),Grains & Staples,1,290,0,Cash
RCPT-102140,TXN102140,2026-03-27,17:19:00,MiniMart Express - Surulere,TILL-01,Segun Adeyemi,08856564373,SKU1022,Knorr Chicken Cubes (pack),Grains & Staples,2,320,0,Cash
RCPT-100870,TXN100870,2026-04-02,18:55:00,YABA,TILL-01,Amaka Eze,2348589274547,SKU1015,Close Up Toothpaste 140ml,Personal Care,4,"₦1,000.00",0,ussd
RCPT-101077,TXN101077,2026-06-07,10:04:00,minimart express-ikeja ,TILL-01,Segun Adeyemi,2348439151183,SKU1008,Milo 400g,Beverages,2,2120,0,POS Card
RCPT-100261,TXN100261,2026-05-23,18:46:00,IKEJA,TILL-01,Amaka Eze,7117544171,SKU1004,DANGOTE SUGAR 1KG ,Grains & Staples,2,1240,5,ussd
RCPT-101089,TXN101089,2026-04-01,10:06:00,MiniMart Express - Surulere,TILL-01,,7292048754,SKU1007,Gala Sausage Roll,Snacks,1,270,0,pos
RCPT-102474,TXN102474,2026-05-27,07:58 PM,SURULERE,TILL-01,Emeka Obi,,SKU1013,Omo Detergent 900g,Household,1,1650,0,Cash
RCPT-101296,TXN101296,2026-06-20,14:09:00,MiniMart Express - Ikeja,TILL-01,Tunde Bakare,,SKU1017,La Casera 50cl,Beverages,1,380,0,cash
RCPT-102386,TXN102386,2026-06-29,13:27:00,YABA,TILL-01,Ibrahim Musa,8822452236,SKU1020,Cerelac Infant Cereal 400g,Baby Products,4,3110,0,POS Card
RCPT-102250,TXN102250,02/07/2026,16:40:00,MiniMart Express - Surulere,TILL-01,Emeka Obi,,SKU1011,Honeywell Semolina 2kg,Grains & Staples,1,2140,10,POS Card
RCPT-100547,TXN100547,29-06-2026,14:47:00,minimart express-ikeja ,TILL-02,Emeka Obi,2347293027871,SKU1030,Nasco Cornflakes 500g,Grains & Staples,1,1850,0,Cash
RCPT-100318,TXN100318,2026-04-07,12:42:00,MiniMart Express - Surulere,TILL-01,Ibrahim Musa,2348909472177,SKU1024,"Pampers Diapers (pack, medium)",Baby Products,3,4190,0,Transfer
RCPT-100787,TXN100787,19-04-2026,11:49:00,minimart express-ikeja ,TILL-02,Fatima Bello,,SKU1003,Golden Morn 500g,Grains & Staples,1,1450,0,cash
RCPT-101419,TXN101419,2026-04-02,19:52:00,IKEJA,TILL-01,Tunde Bakare,2347102633612,SKU1028,Semovita 2kg,Grains & Staples,4,"₦2,070.00",0,Cash
RCPT-100757,TXN100757,2026-03-28,15:08:00,MiniMart Express - Surulere,TILL-01,Emeka Obi,+2348745695265,SKU1028,Semovita 2kg,Grains & Staples,2,2260,0,Card
RCPT-102111,TXN102111,2026-05-03,17:52:00,MiniMart Express - Ikeja,TILL-02,Ibrahim Musa,2348481429394,SKU1021,Bournvita 500g,Beverages,2,2210,0,cash
RCPT-100651,TXN100651,2026-05-29,17:36:00,YABA,TILL-01,Amaka Eze,,SKU1020,Cerelac Infant Cereal 400g,Baby Products,2,3600,15,Bank Transfer
RCPT-101284,TXN101284,2026-06-21,12:18:00,Yaba Branch,TILL-02,Emeka Obi,,SKU1017,La Casera 50cl,Beverages,1,380,0,Card
RCPT-100947,TXN100947,2026-04-29,12:01:00,Ikeja Branch,TILL-02,Tunde Bakare,08019696694,SKU1026,Chivita Juice 1L,Beverages,1,,0,POS
RCPT-102520,TXN102520,2026-06-15,21:39:00,MiniMart Express - Surulere,TILL-01,Ibrahim Musa,8174065586,SKU1003,Golden Morn 500g,Grains & Staples,1,"₦1,310.00",0,Cash
RCPT-101153,TXN101153,2026-04-10,15:27:00,Ikeja Branch,TILL-02,Emeka Obi,,SKU1006,Bigi Cola 50cl,Beverages,-4,360,0,Transfer
RCPT-101549,TXN101549,2026-04-16,14:30:00,IKEJA,TILL-01,Segun Adeyemi,+2348195746883,SKU1019,Titus Sardine 125g,Canned Foods,1,800,0,POS Card
RCPT-100912,TXN100912,03/04/2026,12:43:00,IKEJA,TILL-02,Amaka Eze,,SKU1027,Amstel Malta 33cl,Beverages,1,370,0,pos
RCPT-101118,TXN101118,2026-04-17,13:17:00,Ikeja Branch,TILL-02,Amaka Eze,,SKU1017,La Casera 50cl,Beverages,1,₦360.00,0,POS Card
RCPT-101345,TXN101345,2026-03-30,17:21:00,MiniMart Express - Ikeja,TILL-02,Emeka Obi,2347661333185,SKU1018,Maltina 33cl,Beverages,1,,0,Bank Transfer
RCPT-101293,TXN101293,14-05-2026,19:41:00,Ikeja Branch,TILL-01,Emeka Obi,,SKU1014,Dettol Soap 65g,Personal Care,2,320,0,POS
RCPT-102266,TXN102266,2026-04-09,09:47:00,MiniMart Express - Ikeja,TILL-02,Fatima Bello,+2348016588168,SKU1005,Coke 50cl,Beverages,1,360,0,cash
RCPT-100038,TXN100038,2026-05-16,19:45:00,SURULERE,TILL-01,Blessing Nwosu,2348793920762,SKU1005,COCA COLA 50CL,Beverages,1,370,10,Cash
RCPT-100312,TXN100312,10/07/2026,07:49:00,Yaba Branch,TILL-02,Fatima Bello,,SKU1005,COCA COLA 50CL,Beverages,3,380,0,Bank Transfer
RCPT-101418,TXN101418,2026-04-11,17:00:00,Surulere Branch,TILL-01,Tunde Bakare,,SKU1017,La Casera 50cl,Beverages,4,320,0,Transfer
RCPT-100561,TXN100561,30-07-2026,15:25:00,MiniMart Express - Ikeja,TILL-01,Tunde Bakare,7196406676,SKU1004,Dangote sugar 1Kg,,1,1270,0,POS Card
RCPT-101710,TXN101710,2026-03-08,18:30:00,Ikeja Branch,TILL-02,Amaka Eze,07035376065,SKU1024,"Pampers Diapers (pack, medium)",Baby Products,3,4680,0,transfer
RCPT-101332,TXN101332,26-04-2026,11:32:00,Yaba Branch,TILL-03,Tunde Bakare,,SKU1026,Chivita Juice 1L,Beverages,4,1400,0,USSD
RCPT-100458,TXN100458,2026-05-26,19:02:00,Ikeja Branch,TILL-01,Emeka Obi,,SKU1006,Bigi Cola 50cl,Beverages,2,400,0,POS Card
RCPT-101494,TXN101494,2026-06-25,20:41:00,YABA,TILL-01,Ibrahim Musa,+2348187973464,SKU1025,Tom Tom Sweet (pack),Snacks,1,,0,POS Card
RCPT-100352,TXN100352,2026-04-11,20:59:00,MiniMart Express - Surulere,TILL-01,Fatima Bello,,SKU1011,Honeywell Semolina 2kg,Grains & Staples,1,,0,transfer
RCPT-100297,TXN100297,2026-04-28,16:56:00,YABA,TILL-02,Chidinma Okafor,+2347559574824,SKU1011,Honeywell Semolina 2kg,Grains & Staples,1,2500,0,Cash
RCPT-101485,TXN101485,2026-03-19,10:36:00,Yaba Branch,TILL-03,Blessing Nwosu,2348205599364,SKU1025,Tom Tom Sweet (pack),Snacks,5,₦330.00,0,POS
RCPT-100594,TXN100594,2026-05-09,12:23:00,YABA,TILL-02,Blessing Nwosu,2347467287843,SKU1004,DANGOTE SUGAR 1KG ,Grains & Staples,3,"1,360.00",0,USSD
RCPT-101551,TXN101551,09-07-2026,18:36:00,minimart express-ikeja ,TILL-02,Emeka Obi,,SKU1021,Bournvita 500g,Beverages,3,"₦2,710.00",0,transfer
RCPT-101610,TXN101610,01-05-2026,10:13:00,MiniMart Express - Ikeja,TILL-01,Ibrahim Musa,07092150056,SKU1005,Coca-Cola 50cl,Beverages,1,410,0,POS Card
RCPT-101147,TXN101147,2026-06-02,17:05:00, Yaba,TILL-02,Chidinma Okafor,9053666472,SKU1023,Ariel Detergent 900g,Household,2,1790,0,ussd
RCPT-100194,TXN100194,2026-05-17,09:42:00,Yaba Branch,TILL-02,Segun Adeyemi,,SKU1012,Kings Vegetable Oil 1L,Grains & Staples,1,2830,0,POS
RCPT-102540,TXN102540,2026-06-05,09:19:00,minimart express-ikeja ,TILL-01,Blessing Nwosu,,SKU1019,Titus Sardine 125g,CANNED FOODS,5,730,0,POS Card
RCPT-100797,TXN100797,27-07-2026,14:03:00,Surulere Branch,TILL-01,Emeka Obi,,SKU1011,Honeywell Semolina 2kg,Grains & Staples,2,2520,0,CASH
RCPT-100181,TXN100181,2026-03-07,11:46:00,Ikeja Branch,TILL-02,Blessing Nwosu,,SKU1022,Knorr Chicken Cubes (pack),Grains & Staples,1,320,0,cash
RCPT-100015,TXN100015,2026-07-16,18:29:00,Yaba Branch,TILL-01,Blessing Nwosu,,SKU1028,Semovita 2kg,Grains & Staples,1,2210,10,Bank Transfer
RCPT-101346,TXN101346,2026-06-18,11:42:00,minimart express-ikeja ,TILL-02,Chidinma Okafor,+2347128931314,SKU1010,Mama Gold Rice5kg,Grains & Staples,5,7280,0,Bank Transfer
RCPT-100561,TXN100561,2026-07-30,15:25:00,IKEJA,TILL-01,Tunde Bakare,7196406676,SKU1025,Tom Tom Sweet (pack),Snacks,3,310,5,POS Card
RCPT-102486,TXN102486,26/06/2026,07:29:00,MiniMart Express - Ikeja,TILL-01,Chidinma Okafor,+2347121924708,SKU1003,Golden Morn 500g,Grains & Staples,3,1360,0,Cash
RCPT-101140,TXN101140,2026-06-12,08:49:00,MiniMart Express - Surulere,TILL-01,Segun Adeyemi,,SKU1022,Knorr Chicken Cubes (pack),Grains & Staples,2,320,5,Cash
RCPT-101481,TXN101481,2026-06-10,08:16:00,Surulere Branch,TILL-01,Emeka Obi,,SKU1019,Titus Sardine 125g,Canned Foods,2,₦800.00,10,Cash
RCPT-100754,TXN100754,2026-07-16,21:25:00,IKEJA,TILL-02,Segun Adeyemi,,SKU1002,peak milk evaporated170g,Dairy,1,710.00,0,Bank Transfer
RCPT-101181,TXN101181,2026-07-22,19:32:00,MiniMart Express - Surulere,TILL-01,Chidinma Okafor,,SKU1001, Indomie Noodles 70g ,Grains & Staples,1,160.00,0,Bank Transfer
RCPT-100183,TXN100183,2026-07-04,12:37:00,SURULERE,TILL-01,Fatima Bello,,SKU1019,Titus Sardine 125g,Canned Foods,1,700,0,Transfer
RCPT-102106,TXN102106,2026-06-22,20:43:00,IKEJA,TILL-02,Emeka Obi,2348274116918,SKU1023,Ariel Detergent 900g,Household,1,1870,0,Cash
RCPT-101301,TXN101301,2026-05-17,18:40:00,Ikeja Branch,TILL-01,Tunde Bakare,,SKU1029,Dano Milk Powder 400g,Dairy,2,3270,5,POS
RCPT-102555,TXN102555,2026-05-25,16:23:00, Yaba,TILL-02,Ibrahim Musa,+2348646624081,SKU1013,Omo Detergent 900g,Household,5,1770,0,CASH
RCPT-100832,TXN100832,2026-06-11,03:31 PM,MiniMart Express - Surulere,TILL-01,Amaka Eze,+2348535189926,SKU1017,La Casera 50cl,Beverages,2,360,0,pos
RCPT-101838,TXN101838,2026-07-15,08:27:00,Ikeja Branch,TILL-02,Fatima Bello,,SKU1018,Maltina 33cl,,1,430,0,Cash
RCPT-102545,TXN102545,05-03-2026,09:00:00,MiniMart Express - Ikeja,TILL-02,Emeka Obi,+2347608569427,SKU1003,Golden Morn 500g,Grains & Staples,2,1420,0,Bank Transfer
RCPT-102422,TXN102422,2026-06-08,08:40:00,SURULERE,TILL-01,Ibrahim Musa,,SKU1026,Chivita Juice 1L,Beverages,2,1310,0,Cash
RCPT-101365,TXN101365,16/07/2026,18:20:00,MiniMart Express - Surulere,TILL-01,Fatima Bello,8204873694,SKU1023,Ariel Detergent 900g,Household,5,1960,0,POS Card
RCPT-102312,TXN102312,06/10/2026,19:26:00,SURULERE,TILL-01,Tunde Bakare,,SKU1018,Maltina 33cl,Beverages,5,480,0,pos
RCPT-100188,TXN100188,2026-03-03,09:05:00,Surulere Branch,TILL-01,Segun Adeyemi,,SKU1008,Milo 400g,Beverages,1,2260,0,ATM Card
RCPT-100456,TXN100456,2026-03-31,18:03:00,MiniMart Express - Ikeja,TILL-01,Chidinma Okafor,,SKU1027,Amstel Malta 33cl,Beverages,5,450,0,Bank Transfer
RCPT-102043,TXN102043,2026-03-06,11:55:00, Yaba,TILL-03,Blessing Nwosu,,SKU1021,Bournvita 500g,Beverages,-2,2690,0,Cash
RCPT-101513,TXN101513,2026-03-27,19:46:00,IKEJA,TILL-01,Ibrahim Musa,,SKU1023,Ariel Detergent 900g,Household,2,1810,0,POS Card
RCPT-101464,TXN101464,2026-05-18,08:09:00,YABA,TILL-01,Ibrahim Musa,,SKU1010,MAMA GOLD RICE 5KG,Grains & Staples,2,6120,0,Card
RCPT-100239,TXN100239,2026-05-08,17:48:00,MiniMart Express - Surulere,TILL-01,Chidinma Okafor,2348259385512,SKU1016,Eva Water 75cl,Beverages,2,₦190.00,0,cash
RCPT-101767,TXN101767,2026-04-12,11:20 AM,MiniMart Express - Yaba,TILL-01,Tunde Bakare,,SKU1019,Titus Sardine 125g,Canned Foods,1,690,0,Bank Transfer
RCPT-102143,TXN102143,2026-04-01,19:00:00,Ikeja Branch,TILL-02,Emeka Obi,8568887739,SKU1004,Dangote Sugar 1kg,Grains & Staples,1,1290,0,POS
RCPT-100195,TXN100195,30-07-2026,17:56:00,Ikeja Branch,TILL-01,Ibrahim Musa,2348318641031,SKU1018,Maltina 33cl,Beverages,1,420,5,cash
RCPT-100387,TXN100387,2026-05-24,19:45:00,SURULERE,TILL-01,Amaka Eze,+2348747527429,SKU1020,Cerelac Infant Cereal 400g,Baby Products,2,3640,0,Cash
RCPT-101919,TXN101919,2026-04-09,17:22:00,Surulere Branch,TILL-01,Blessing Nwosu,,SKU1006,Bigi Cola 50cl,Beverages,2,360.00,0,Bank Transfer
RCPT-101543,TXN101543,17-06-2026,19:41:00,YABA,TILL-02,Emeka Obi,,SKU1024,"Pampers Diapers (pack, medium)",Baby Products,1,4370,0,ussd
RCPT-101734,TXN101734,2026-04-25,10:26:00,SURULERE,TILL-01,Chidinma Okafor,,SKU1007,Gala Sausage Roll,Snacks,1,280.00,10,POS Card
RCPT-100621,TXN100621,2026-06-14,13:02:00,MiniMart Express - Ikeja,TILL-02,Tunde Bakare,09052925327,SKU1025,Tom Tom Sweet (pack),Snacks,1,310,0,Cash
RCPT-100599,TXN100599,2026-07-06,20:16:00,Surulere Branch,TILL-01,Segun Adeyemi,+2347872951364,SKU1019,Titus Sardine 125g,Canned Foods,1,800,0,CASH
RCPT-100386,TXN100386,2026-04-05,15:21:00,MiniMart Express - Surulere,TILL-01,Fatima Bello,,SKU1009,Cowbell Milk Powder 360g,Dairy,1,1690,0,POS Card
RCPT-100262,TXN100262,2026-06-28,11:23 AM,IKEJA,TILL-01,,,SKU1009,Cowbell Milk Powder 360g,Dairy,4,1640,0,Bank Transfer
RCPT-101521,TXN101521,2026-07-26,16:09:00,MiniMart Express - Yaba,TILL-01,Blessing Nwosu,07568201001,SKU1024,"Pampers Diapers (pack, medium)",Baby Products,2,4290,0,Cash
RCPT-101067,TXN101067,2026-04-29,16:37:00,Yaba Branch,TILL-02,Fatima Bello,,SKU1028,Semovita 2kg,Grains & Staples,1,2410,0,cash
RCPT-101203,TXN101203,2026-06-22,07:40:00,minimart express-ikeja ,TILL-02,Ibrahim Musa,,SKU1029,Dano Milk Powder 400g,Dairy,4,2820,0,USSD
RCPT-101759,TXN101759,2026-05-11,19:11:00,MiniMart Express - Ikeja,TILL-02,Chidinma Okafor,,SKU1004,Dangote sugar 1Kg,Grains & Staples,3,"₦1,260.00",0,POS Card
RCPT-101143,TXN101143,2026-03-16,18:06:00,minimart express-ikeja ,TILL-01,Amaka Eze,2347452694511,SKU1011,Honeywell Semolina 2kg,Grains & Staples,1,,0,Transfer
RCPT-100203,TXN100203,2026-07-23,09:30 PM,MiniMart Express - Yaba,TILL-01,Chidinma Okafor,,SKU1001,INDOMIE NOODLES 70G,Grains & Staples,2,140,0,POS Card
RCPT-101886,TXN101886,2026-05-28,09:27:00,SURULERE,TILL-01,Ibrahim Musa,7057225598,SKU1011,Honeywell Semolina 2kg,Grains & Staples,1,2260,0,POS Card
RCPT-100169,TXN100169,2026-05-30,09:24 PM,YABA,TILL-03,Tunde Bakare,07917488605,SKU1012,Kings Vegetable Oil 1L,Grains & Staples,4,2980,0,transfer
RCPT-102199,TXN102199,2026-06-04,10:50:00,Surulere Branch,TILL-01,Fatima Bello,7897434646,SKU1007,Gala Sausage Roll,SNACKS,4,260.00,0,POS Card
RCPT-100949,TXN100949,2026-06-30,15:56:00,Ikeja Branch,TILL-02,Segun Adeyemi,,SKU1002,peak milk evaporated170g,Dairy,1,660.00,0,POS Card
RCPT-102209,TXN102209,2026-06-08,11:10:00,SURULERE,TILL-01,Chidinma Okafor,8232635004,SKU1004,Dangote Sugar 1kg,Grains & Staples,3,"₦1,140.00",0,Bank Transfer
RCPT-100048,TXN100048,2026-07-21,15:24:00,SURULERE,TILL-01,Fatima Bello,,SKU1015,Close Up Toothpaste 140ml,Personal Care,1,1030,0,Cash
RCPT-100481,TXN100481,2026-06-08,14:13:00,MiniMart Express - Yaba,TILL-03,Chidinma Okafor,07526111680,SKU1013,Omo Detergent 900g,Household,1,1540,0,Bank Transfer
RCPT-101212,TXN101212,2026-05-08,19:09:00,SURULERE,TILL-01,Emeka Obi,8921875987,SKU1021,Bournvita 500g,Beverages,3,2620,0,transfer
RCPT-100971,TXN100971,2026-07-04,20:05:00,MiniMart Express - Surulere,TILL-01,Blessing Nwosu,7054648112,SKU1007,Gala Sausage Roll,Snacks,1,250.00,0,pos
RCPT-100217,TXN100217,2026-05-31,15:15:00,MiniMart Express - Yaba,TILL-01,Amaka Eze,2348788226291,SKU1009,Cowbell Milk Powder 360g,Dairy,5,1810,0,Cash
RCPT-101866,TXN101866,2026-07-18,16:51:00, Yaba,TILL-03,Emeka Obi,,SKU1005,COCA COLA 50CL,Beverages,1,390,0,Cash
RCPT-100967,TXN100967,2026-03-26,16:05:00,MiniMart Express - Ikeja,TILL-02,Ibrahim Musa,+ 2 3 4 8 6 7 1 0 0 6 9 8 4,SKU1013,Omo Detergent 900g,Household,2,1690,0,Cash
RCPT-101810,,28-07-2026,10:05:00, Yaba,TILL-02,Fatima Bello,,SKU1023,Ariel Detergent 900g,Household,5,1720,0,Card
RCPT-101457,TXN101457,04/19/2026,13:31:00,MiniMart Express - Ikeja,TILL-02,Segun Adeyemi,,SKU1026,Chivita Juice 1L,Beverages,1,"1,420.00",0,Bank Transfer
RCPT-100655,TXN100655,2026-06-17,18:42:00,Yaba Branch,TILL-02,Ibrahim Musa,,SKU1014,Dettol Soap 65g,Personal Care,1,340.00,0,Cash
RCPT-101512,TXN101512,2026-07-07,18:17:00,IKEJA,TILL-02,Segun Adeyemi,,SKU1018,Maltina 33cl,Beverages,2,470,5,POS Card
RCPT-101940,TXN101940,2026-07-20,15:43:00,SURULERE,TILL-01,Chidinma Okafor,,SKU1008,Milo 400g,Beverages,2,2300,0,CASH
RCPT-101453,TXN101453,2026-06-17,15:11:00,YABA,TILL-01,Fatima Bello,2347945495093,SKU1021,Bournvita 500g,Beverages,3,2220,10,ussd
RCPT-101517,TXN101517,28/07/2026,16:47:00,MiniMart Express - Surulere,TILL-01,Fatima Bello,,SKU1015,Close Up Toothpaste 140ml,Personal Care,1,920,0,POS Card
RCPT-101574,TXN101574,2026-03-22,18:58:00,SURULERE,TILL-01,Amaka Eze,,SKU1012,Kings Vegetable Oil 1L,Grains & Staples,2,"2,490.00",5,Cash
RCPT-101121,TXN101121,2026-06-30,13:33:00,YABA,TILL-01,Ibrahim Musa,,SKU1009,Cowbell Milk Powder 360g,Dairy,1,"₦1,840.00",0,Bank Transfer
RCPT-102070,TXN102070,19-06-2026,14:50:00,MiniMart Express - Surulere,TILL-01,,,SKU1017,La Casera 50cl,Beverages,4,390,0,Bank Transfer
RCPT-101529,TXN101529,2026-05-29,20:15:00,IKEJA,TILL-02,Amaka Eze,,SKU1014,Dettol Soap 65g,,3,,0,cash
RCPT-102116,TXN102116,2026-05-27,19:40:00,SURULERE,TILL-01,Amaka Eze,8873572380,SKU1025,Tom Tom Sweet (pack),Snacks,1,290,0,Cash
RCPT-101043,TXN101043,2026-05-03,18:48:00,MiniMart Express - Yaba,TILL-03,Amaka Eze,,SKU1017,La Casera 50cl,Beverages,1,380,0,POS Card
RCPT-101729,TXN101729,03/11/2026,12:13:00,Surulere Branch,TILL-01,Segun Adeyemi,+2347935539600,SKU1023,Ariel Detergent 900g,Household,3,1940,0,ATM Card
RCPT-102409,TXN102409,07/10/2026,18:44:00,MiniMart Express - Yaba,TILL-03,Emeka Obi,2348681417642,SKU1015,Close Up Toothpaste 140ml,Personal Care,2,,0,Cash
RCPT-100552,TXN100552,2026-03-07,08:41:00,MiniMart Express - Ikeja,TILL-02,Segun Adeyemi,,SKU1013,Omo Detergent 900g,,1,1780,0,Bank Transfer
RCPT-101651,TXN101651,2026-06-14,11:34:00,IKEJA,TILL-02,,+2347597294737,SKU1021,Bournvita 500g,Beverages,1,2490,0,POS Card
RCPT-101348,TXN101348,2026-07-01,18:57:00,SURULERE,TILL-01,Chidinma Okafor,7559191271,SKU1018,Maltina 33cl,Beverages,1,₦450.00,0,POS Card
RCPT-100335,TXN100335,2026-05-01,16:40:00,minimart express-ikeja ,TILL-01,Ibrahim Musa,08264637002,SKU1029,Dano Milk Powder 400g,Dairy,1,2980,0,POS Card
RCPT-101539,TXN101539,2026-04-16,18:17:00,Surulere Branch,TILL-01,Fatima Bello,,SKU1011,Honeywell Semolina 2kg,Grains & Staples,3,"₦2,270.00",0,cash
RCPT-101018,TXN101018,2026-04-19,14:34:00,MiniMart Express - Yaba,TILL-02,Emeka Obi,,SKU1029,Dano Milk Powder 400g,Dairy,1,2780,0,Transfer
RCPT-101814,TXN101814,2026-04-12,16:05:00,MiniMart Express - Ikeja,TILL-01,Emeka Obi,07762044872,SKU1004,Dangote Sugar 1kg,Grains & Staples,1,1220,0,POS Card
RCPT-101882,TXN101882,2026-07-10,12:02:00,minimart express-ikeja ,TILL-02,Tunde Bakare,,SKU1018,Maltina 33cl,Beverages,4,₦430.00,0,Bank Transfer
RCPT-100293,TXN100293,2026-06-24,13:12:00,MiniMart Express - Surulere,TILL-01,Tunde Bakare,2347703400540,SKU1021,Bournvita 500g,Beverages,1,2450,0,Cash
RCPT-101967,TXN101967,14/06/2026,20:58:00,MiniMart Express - Yaba,TILL-01,Amaka Eze,8 8 4 3 2 6 2 2 8 5,SKU1008,Milo 400g,Beverages,2,"2,130.00",15,pos
RCPT-102020,TXN102020,2026-05-14,09:32:00,Yaba Branch,TILL-01,Emeka Obi,,SKU1004,Dangote sugar 1Kg,Grains & Staples,4,1270,0,pos
RCPT-100884,TXN100884,2026-03-06,11:26:00,MiniMart Express - Ikeja,TILL-02,Chidinma Okafor,,SKU1017,La Casera 50cl,Beverages,1,320,0,POS Card
RCPT-100807,TXN100807,2026-06-22,15:17:00,MiniMart Express - Ikeja,TILL-02,Emeka Obi,+2347627710193,SKU1012,Kings Vegetable Oil 1L,Grains & Staples,2,,0,POS Card
RCPT-101216,TXN101216,2026-04-28,09:11:00,Surulere Branch,TILL-01,Emeka Obi,+2347349069444,SKU1029,Dano Milk Powder 400g,Dairy,3,"2,640.00",0,Cash
RCPT-101160,TXN101160,2026-07-16,10:39:00,minimart express-ikeja ,TILL-02,Segun Adeyemi,,SKU1018,Maltina 33cl,Beverages,2,450,0,Bank Transfer
RCPT-100965,TXN100965,2026-06-06,19:56:00,YABA,TILL-03,Segun Adeyemi,,SKU1026,Chivita Juice 1L,Beverages,3,"1,420.00",15,Card
RCPT-100736,,2026-03-14,17:55:00,YABA,TILL-02,Fatima Bello,08055803188,SKU1010,Mama Gold Rice5kg,Grains & Staples,2,"6,030.00",0,POS Card
RCPT-100041,TXN100041,2026-06-02,08:03:00,SURULERE,TILL-01,Fatima Bello,2 3 4 7 4 9 7 0 8 2 1 3 9,SKU1020,Cerelac Infant Cereal 400g,Baby Products,2,3350,0,pos
RCPT-101187,TXN101187,2026-06-03,09:51:00, Yaba,TILL-03,Fatima Bello,+2347833721550,SKU1009,Cowbell Milk Powder 360g,,1,1900,0,POS Card
RCPT-100676,TXN100676,10-03-2026,15:53:00,Surulere Branch,TILL-01,Amaka Eze,08801589264,SKU1023,Ariel Detergent 900g,Household,2,1650,10,CASH
RCPT-101751,TXN101751,2026-05-19,18:30:00,Ikeja Branch,TILL-01,Fatima Bello,,SKU1017,La Casera 50cl,Beverages,1,390,0,ussd
RCPT-100433,TXN100433,2026-03-02,14:05:00,Ikeja Branch,TILL-01,Segun Adeyemi,2347736587097,SKU1029,Dano Milk Powder 400g,Dairy,3,3130,0,Cash
RCPT-100680,TXN100680,2026-03-02,15:37:00,Ikeja Branch,TILL-02,Chidinma Okafor,,SKU1029,Dano Milk Powder 400g,Dairy,1,"2,750.00",0,ATM Card
RCPT-100578,TXN100578,23-06-2026,18:17:00, Yaba,TILL-03,Ibrahim Musa,,SKU1014,Dettol Soap 65g,Personal Care,1,390,0,Cash
RCPT-100635,TXN100635,2026-04-30,14:07:00,MiniMart Express - Surulere,TILL-01,Fatima Bello,,SKU1001, Indomie Noodles 70g ,Grains & Staples,1,150,0,Transfer
RCPT-100241,TXN100241,2026-07-26,18:37:00,SURULERE,TILL-01,Segun Adeyemi,09068942448,SKU1026,Chivita Juice 1L,Beverages,1,1480,0,Bank Transfer
RCPT-100202,TXN100202,2026-05-13,09:03:00,Yaba Branch,TILL-03,Chidinma Okafor,0 7 0 8 3 9 1 2 1 9 2,SKU1015,Close Up Toothpaste 140ml,Personal Care,3,880,0,transfer
RCPT-102591,TXN102591,26/05/2026,19:00:00,Ikeja Branch,TILL-01,Fatima Bello,,SKU1030,Nasco Cornflakes 500g,Grains & Staples,2,1820,0,ATM Card
RCPT-100731,TXN100731,21/05/2026,21:23:00,YABA,TILL-02,Ibrahim Musa,,SKU1006,Bigi Cola 50cl,Beverages,2,350,0,transfer
RCPT-102266,TXN102266,2026-04-09,09:47:00,IKEJA,TILL-02,Fatima Bello,+2348016588168,SKU1017,La Casera 50cl,Beverages,2,390.00,0,cash
RCPT-100824,TXN100824,2026-07-22,20:13:00, Yaba,TILL-03,Blessing Nwosu,07258169805,SKU1009,Cowbell Milk Powder 360g,Dairy,1,"2,060.00",0,pos
RCPT-100837,TXN100837,2026-04-24,11:56:00, Yaba,TILL-01,Segun Adeyemi,+ 2 3 4 7 7 2 5 1 3 9 0 8 0,SKU1017,La Casera 50cl,Beverages,1,350,0,Cash
RCPT-101830,TXN101830,2026-07-04,19:24:00,MiniMart Express - Yaba,TILL-02,Fatima Bello,,SKU1029,Dano Milk Powder 400g,Dairy,2,2930,0,transfer
RCPT-102206,TXN102206,2026-05-01,12:30:00,Surulere Branch,TILL-01,Chidinma Okafor,,SKU1030,Nasco Cornflakes 500g,GRAINS & STAPLES,-5,2130,0,Cash
RCPT-102130,TXN102130,2026-04-15,13:05:00,YABA,TILL-02,Chidinma Okafor,2348401744902,SKU1021,Bournvita 500g,Beverages,1,,0,cash
RCPT-101364,TXN101364,2026-04-12,13:47:00,MiniMart Express - Surulere,TILL-01,Emeka Obi,,SKU1003,Golden Morn 500g,Grains & Staples,2,1600,0,Cash
RCPT-100752,TXN100752,03/06/2026,16:57:00,minimart express-ikeja ,TILL-01,Emeka Obi,07141361950,SKU1007,Gala Sausage Roll,Snacks,3,270,0,USSD
RCPT-101894,TXN101894,2026-04-29,20:15:00,SURULERE,TILL-01,Tunde Bakare,,SKU1005,Coca Cola 50cl,Beverages,2,430,0,POS
RCPT-100858,TXN100858,2026-03-30,13:00:00,YABA,TILL-03,Ibrahim Musa,,SKU1003,Golden Morn 500g,Grains & Staples,2,"1,540.00",0,Cash
RCPT-101657,TXN101657,2026-05-25,09:18 AM,Surulere Branch,TILL-01,Tunde Bakare,,SKU1014,Dettol Soap 65g,Personal Care,3,370,0,pos
RCPT-100430,TXN100430,2026-07-18,10:34:00,SURULERE,TILL-01,Chidinma Okafor,+2347919725552,SKU1018,Maltina 33cl,,5,410,0,Cash
RCPT-101584,TXN101584,2026-03-01,12:52:00,MiniMart Express - Surulere,TILL-01,Amaka Eze,2347732069111,SKU1024,"Pampers Diapers (pack, medium)",Baby Products,4,4550,0,Cash
RCPT-100132,TXN100132,2026-07-30,14:29:00,MiniMart Express - Surulere,TILL-01,,,SKU1011,Honeywell Semolina 2kg,Grains & Staples,3,2200,0,Bank Transfer
RCPT-101610,TXN101610,2026-05-01,10:13:00,IKEJA,TILL-01,Ibrahim Musa,07092150056,SKU1006,Bigi Cola 50cl,Beverages,1,360,0,POS Card
RCPT-102511,TXN102511,2026-04-15,11:40:00,SURULERE,TILL-01,Blessing Nwosu,,SKU1025,Tom Tom Sweet (pack),Snacks,1,310,0,Card
RCPT-100289,TXN100289,04-03-2026,18:21:00,Ikeja Branch,TILL-01,Chidinma Okafor,08582180827,SKU1026,Chivita Juice 1L,Beverages,2,1380,0,ussd
RCPT-100709,TXN100709,2026-03-01,18:24:00, Yaba,TILL-01,Segun Adeyemi,,SKU1001,Indomie Noodle 70g,Grains & Staples,1,140,0,transfer
RCPT-101321,TXN101321,2026-04-11,10:51:00,MiniMart Express - Surulere,TILL-01,Tunde Bakare,8439837903,SKU1008,Milo 400g,Beverages,1,,10,pos
RCPT-101550,TXN101550,2026-03-25,13:50:00,MiniMart Express - Surulere,TILL-01,Chidinma Okafor,2348758720096,SKU1020,Cerelac Infant Cereal 400g,Baby Products,1,"₦3,580.00",0,transfer
RCPT-101492,TXN101492,2026-06-14,17:50:00,Ikeja Branch,TILL-01,Blessing Nwosu,,SKU1016,Eva Water 75cl,Beverages,3,180,0,Cash
RCPT-101291,TXN101291,07/29/2026,17:06:00,YABA,TILL-02,Fatima Bello,2348232852026,SKU1007,Gala Sausage Roll,Snacks,3,250,0,Bank Transfer
RCPT-102441,TXN102441,16/06/2026,08:51:00,Yaba Branch,TILL-02,Blessing Nwosu,,SKU1001,indomie noodles 70g,Grains & Staples,1,160.00,0,Cash
RCPT-101984,TXN101984,2026-05-13,08:37 AM,Ikeja Branch,TILL-01,Tunde Bakare,,SKU1005,Coca Cola 50cl,Beverages,1,₦360.00,0,CASH
RCPT-101976,TXN101976,2026-03-06,19:55:00,Surulere Branch,TILL-01,Amaka Eze,8684249467,SKU1003,Golden Morn 500g,Grains & Staples,1,"1,580.00",0,Transfer
RCPT-100120,TXN100120,22/04/2026,17:20:00,Surulere Branch,TILL-01,Ibrahim Musa,,SKU1023,Ariel Detergent 900g,Household,1,1580,0,transfer
RCPT-101180,TXN101180,21/05/2026,08:48 PM, Yaba,TILL-01,Segun Adeyemi,8788542475,SKU1018,Maltina 33cl,Beverages,1,,0,transfer
RCPT-102101,TXN102101,2026-05-09,11:49:00,IKEJA,TILL-02,Chidinma Okafor,,SKU1026,Chivita Juice 1L,Beverages,4,"₦1,250.00",0,Cash
RCPT-100160,TXN100160,2026-07-05,11:13:00,YABA,TILL-01,Fatima Bello,2347047019442,SKU1029,Dano Milk Powder 400g,Dairy,1,3330,0,Cash
RCPT-102061,TXN102061,2026-06-27,21:30:00, Yaba,TILL-02,Blessing Nwosu,,SKU1013,Omo Detergent 900g,Household,5,1450,0,ussd
RCPT-100211,TXN100211,03/07/2026,13:28:00, Yaba,TILL-01,Ibrahim Musa,,SKU1004,Dangote Sugar 1kg,Grains & Staples,1,"₦1,180.00",0,Bank Transfer
RCPT-100176,TXN100176,05/19/2026,13:45:00,MiniMart Express - Ikeja,TILL-01,Ibrahim Musa,07406206200,SKU1001, Indomie Noodles 70g ,Grains & Staples,5,170,0,Bank Transfer
RCPT-102565,TXN102565,2026-05-17,16:38:00, Yaba,TILL-01,Ibrahim Musa,,SKU1010,Mama Gold Rice 5kg,Grains & Staples,2,7320,0,cash
RCPT-100877,TXN100877,2026-07-02,11:23:00,Ikeja Branch,TILL-02,Ibrahim Musa,2348162099000,SKU1005,Coca-Cola 50cl,Beverages,4,380,0,Cash
RCPT-100850,TXN100850,07/31/2026,07:49:00,IKEJA,TILL-01,Amaka Eze,,SKU1011,Honeywell Semolina 2kg,Grains & Staples,1,2260,0,Cash
RCPT-100820,TXN100820,2026-06-17,13:06:00,IKEJA,TILL-02,Chidinma Okafor,,SKU1007,Gala Sausage Roll,Snacks,3,230,0,POS Card
RCPT-102531,TXN102531,11-05-2026,10:59:00,minimart express-ikeja ,TILL-02,Emeka Obi,7072524043,SKU1023,Ariel Detergent 900g,Household,2,"₦1,980.00",0,POS Card
RCPT-101816,TXN101816,14-04-2026,18:56:00,MiniMart Express - Surulere,TILL-01,Chidinma Okafor,,SKU1003,Golden Morn 500g,Grains & Staples,1,"₦1,610.00",0,Cash
RCPT-100970,TXN100970,2026-06-25,21:15:00,MiniMart Express - Yaba,TILL-01,Fatima Bello,,SKU1020,Cerelac Infant Cereal 400g,Baby Products,1,2900,0,POS Card
RCPT-101857,TXN101857,2026-07-01,11:22:00,MiniMart Express - Surulere,TILL-01,Blessing Nwosu,2348169873376,SKU1026,Chivita Juice 1L,Beverages,3,"1,320.00",0,POS Card
RCPT-101963,TXN101963,21-03-2026,16:46:00,Yaba Branch,TILL-03,Segun Adeyemi,7018815397,SKU1001,Indomie Noodle 70g,GRAINS & STAPLES,2,150,0,Cash
RCPT-100784,TXN100784,2026-06-24,13:42:00,Surulere Branch,TILL-01,Chidinma Okafor,,SKU1023,Ariel Detergent 900g,Household,1,1950,5,Cash
RCPT-102131,TXN102131,2026-07-03,11:01:00,Ikeja Branch,TILL-01,Fatima Bello,2348618222847,SKU1023,Ariel Detergent 900g,Household,1,1790,0,ATM Card
RCPT-101707,TXN101707,2026-05-22,14:38:00,MiniMart Express - Ikeja,TILL-02,Chidinma Okafor,2348478910656,SKU1003,Golden Morn 500g,Grains & Staples,1,1660,0,Bank Transfer
RCPT-100295,TXN100295,20/06/2026,17:25:00,MiniMart Express - Surulere,TILL-01,Chidinma Okafor,,SKU1010,Mama Gold Rice 5kg,Grains & Staples,5,6700,0,Card
RCPT-101676,TXN101676,2026-04-08,10:21:00,MiniMart Express - Surulere,TILL-01,Emeka Obi,2348422778288,SKU1020,Cerelac Infant Cereal 400g,Baby Products,3,3370,0,Cash
RCPT-102151,TXN102151,2026-04-12,09:08 AM,Surulere Branch,TILL-01,Segun Adeyemi,,SKU1020,Cerelac Infant Cereal 400g,Baby Products,1,3530,0,Transfer
RCPT-100953,TXN100953,2026-05-01,13:36:00,Surulere Branch,TILL-01,Tunde Bakare,2347128157891,SKU1009,Cowbell Milk Powder 360g,Dairy,4,"₦1,740.00",0,CASH
RCPT-101209,TXN101209,2026-03-01,08:09 PM,MiniMart Express - Surulere,TILL-01,Blessing Nwosu,,SKU1013,Omo Detergent 900g,Household,2,1800,0,Cash
RCPT-100118,TXN100118,2026-06-07,08:27:00,SURULERE,TILL-01,Tunde Bakare,,SKU1015,Close Up Toothpaste 140ml,Personal Care,2,970,0,Bank Transfer
RCPT-100856,TXN100856,2026-06-17,18:48:00,SURULERE,TILL-01,Ibrahim Musa,,SKU1018,Maltina 33cl,Beverages,1,₦440.00,10,Cash
RCPT-100308,TXN100308,2026-03-24,16:36:00,MiniMart Express - Surulere,TILL-01,Ibrahim Musa,2349003951849,SKU1001,Indomie Noodles 70g,Grains & Staples,1,150.00,0,USSD
RCPT-100990,TXN100990,2026-06-10,11:45:00,MiniMart Express - Ikeja,TILL-01,Segun Adeyemi,,SKU1022,Knorr Chicken Cubes (pack),Grains & Staples,3,320,0,Cash
RCPT-102550,TXN102550,2026-06-12,18:22:00,Ikeja Branch,TILL-02,Chidinma Okafor,2348453366009,SKU1015,Close Up Toothpaste 140ml,Personal Care,2,,0,Transfer
RCPT-101000,TXN101000,2026-05-28,09:53:00,IKEJA,TILL-02,Tunde Bakare,+2347483009285,SKU1008,Milo 400g,Beverages,1,2330,0,POS Card
RCPT-100930,TXN100930,2026-03-31,14:57:00,MiniMart Express - Surulere,TILL-01,Ibrahim Musa,,SKU1005,Coca Cola 50cl,Beverages,2,450,10,POS Card
RCPT-102012,TXN102012,05/06/2026,20:11:00,Yaba Branch,TILL-03,Blessing Nwosu,,SKU1030,Nasco Cornflakes 500g,Grains & Staples,1,1940,0,USSD
RCPT-100501,TXN100501,2026-07-26,19:45:00,MiniMart Express - Surulere,TILL-01,Emeka Obi,,SKU1030,Nasco Cornflakes 500g,Grains & Staples,4,2060,0,ussd
RCPT-101760,TXN101760,2026-07-22,14:04:00,MiniMart Express - Yaba,TILL-02,Emeka Obi,2349099002247,SKU1007,Gala Sausage Roll,Snacks,1,270,0,Transfer
RCPT-102305,TXN102305,2026-03-26,07:17:00,IKEJA,TILL-01,Fatima Bello,07513663613,SKU1002,peak milk evaporated170g,Dairy,2,660,0,ATM Card
RCPT-102581,TXN102581,2026-06-20,11:30:00,YABA,TILL-02,Ibrahim Musa,,SKU1026,Chivita Juice 1L,Beverages,2,1450,0,Cash
RCPT-102291,TXN102291,2026-04-19,01:45 PM, Yaba,TILL-01,Fatima Bello,,SKU1018,Maltina 33cl,Beverages,4,480,0,POS Card
RCPT-101828,TXN101828,2026-04-06,07:12:00,Surulere Branch,TILL-01,Segun Adeyemi,,SKU1008,Milo 400g,Beverages,3,1980,0,Cash
RCPT-101047,TXN101047,2026-06-23,17:44:00,IKEJA,TILL-02,Blessing Nwosu,,SKU1006,Bigi Cola 50cl,Beverages,2,350,0,cash
RCPT-100576,TXN100576,2026-05-01,20:53:00,SURULERE,TILL-01,Blessing Nwosu,,SKU1007,Gala Sausage Roll,Snacks,1,230,0,POS Card
RCPT-101224,TXN101224,04/02/2026,20:21:00,MiniMart Express - Surulere,TILL-01,Chidinma Okafor,08832973832,SKU1009,Cowbell Milk Powder 360g,Dairy,1,"₦1,760.00",0,Cash
RCPT-100780,,2026-07-12,05:30 PM, Yaba,TILL-01,Fatima Bello,2348573842237,SKU1022,Knorr Chicken Cubes (pack),Grains & Staples,2,270,0,Card
RCPT-100833,TXN100833,26/05/2026,12:45:00,SURULERE,TILL-01,Chidinma Okafor,,SKU1027,Amstel Malta 33cl,Beverages,1,₦460.00,0,USSD
RCPT-100831,TXN100831,2026-04-25,08:11:00,Surulere Branch,TILL-01,Segun Adeyemi,,SKU1009,Cowbell Milk Powder 360g,Dairy,1,,0,Cash
RCPT-100195,TXN100195,30-07-2026,17:56:00,Ikeja Branch,TILL-01,Ibrahim Musa,2348318641031,SKU1006,Bigi Cola 50cl,Beverages,2,,0,cash
RCPT-101296,TXN101296,2026-06-20,02:09 PM,Ikeja Branch,TILL-01,Tunde Bakare,,SKU1029,Dano Milk Powder 400g,Dairy,3,,15,cash
RCPT-101188,TXN101188,2026-03-30,10:28:00,Surulere Branch,TILL-01,Tunde Bakare,,SKU1018,Maltina 33cl,Beverages,2,500,0,Cash
RCPT-100003,TXN100003,15-03-2026,11:02:00,MiniMart Express - Surulere,TILL-01,Segun Adeyemi,+2348025491946,SKU1021,Bournvita 500g,BEVERAGES,1,2590,0,USSD
RCPT-102090,TXN102090,2026-03-23,11:52:00,Ikeja Branch,TILL-02,Segun Adeyemi,,SKU1002,Peak Milk Evap 170g,Dairy,1,₦600.00,0,POS
RCPT-100934,TXN100934,2026-04-23,15:28:00,Surulere Branch,TILL-01,Tunde Bakare,,SKU1024,"Pampers Diapers (pack, medium)",Baby Products,2,4700,5,Bank Transfer
RCPT-100046,TXN100046,2026-04-12,12:33:00,MiniMart Express - Surulere,TILL-01,Amaka Eze,,SKU1029,Dano Milk Powder 400g,Dairy,1,"3,240.00",0,Bank Transfer
RCPT-100794,TXN100794,16-03-2026,19:42:00,SURULERE,TILL-01,Amaka Eze,,SKU1018,Maltina 33cl,Beverages,1,470,0,cash
RCPT-100811,TXN100811,2026-06-16,21:24:00,MiniMart Express - Ikeja,TILL-01,Emeka Obi,07097496851,SKU1029,Dano Milk Powder 400g,Dairy,4,2820,0,pos
RCPT-100681,TXN100681,2026-07-19,17:00:00,minimart express-ikeja ,TILL-02,Emeka Obi,,SKU1017,La Casera 50cl,Beverages,3,370,0,Cash
RCPT-101460,TXN101460,2026-07-17,18:02:00,Ikeja Branch,TILL-01,Fatima Bello,,SKU1028,Semovita 2kg,Grains & Staples,2,"2,240.00",10,Cash
RCPT-101171,TXN101171,2026-07-22,16:06:00,Surulere Branch,TILL-01,Fatima Bello,,SKU1027,Amstel Malta 33cl,Beverages,1,450,0,Bank Transfer
RCPT-100068,TXN100068,16/04/2026,07:38:00,MiniMart Express - Yaba,TILL-02,Blessing Nwosu,,SKU1016,Eva Water 75cl,Beverages,4,₦180.00,0,Transfer
RCPT-100642,TXN100642,2026-07-25,16:40:00,Ikeja Branch,TILL-01,Ibrahim Musa,,SKU1015,Close Up Toothpaste 140ml,Personal Care,2,980,0,Transfer
RCPT-101567,TXN101567,24-06-2026,14:37:00,Surulere Branch,TILL-01,Chidinma Okafor,,SKU1024,"Pampers Diapers (pack, medium)",Baby Products,1,4610,0,USSD
RCPT-102545,TXN102545,2026-03-05,09:00:00,IKEJA,TILL-02,Emeka Obi,+2347608569427,SKU1008,Milo 400g,Beverages,1,2360,0,Bank Transfer
RCPT-101916,,2026-04-28,11:45:00,Ikeja Branch,TILL-01,Fatima Bello,,SKU1029,Dano Milk Powder 400g,Dairy,1,3210,0,Bank Transfer
RCPT-102308,TXN102308,2026-07-14,10:17:00, Yaba,TILL-02,Fatima Bello,+2348318914475,SKU1006,Bigi Cola 50cl,Beverages,2,390,15,Transfer
RCPT-101595,TXN101595,2026-05-07,20:26:00,SURULERE,TILL-01,Ibrahim Musa,,SKU1025,Tom Tom Sweet (pack),Snacks,1,₦330.00,0,cash
RCPT-102481,TXN102481,02/07/2026,14:19:00,SURULERE,TILL-01,Chidinma Okafor,+2347346370800,SKU1015,Close Up Toothpaste 140ml,Personal Care,2,,0,Cash
RCPT-100901,TXN100901,06/17/2026,21:29:00,SURULERE,TILL-01,Ibrahim Musa,+2347711912429,SKU1019,Titus Sardine 125g,Canned Foods,3,800,0,Bank Transfer
RCPT-100619,TXN100619,26-05-2026,12:42:00,IKEJA,TILL-02,Blessing Nwosu,,SKU1017,La Casera 50cl,Beverages,1,₦370.00,0,POS Card
RCPT-101106,TXN101106,2026-03-29,17:41:00,SURULERE,TILL-01,Blessing Nwosu,8537528706,SKU1026,Chivita Juice 1L,Beverages,3,1440,0,ATM Card
RCPT-102547,TXN102547,05/22/2026,21:11:00,Ikeja Branch,TILL-02,,,SKU1029,Dano Milk Powder 400g,Dairy,1,3160,0,ATM Card
RCPT-102552,TXN102552,2026-06-27,21:00:00,MiniMart Express - Surulere,TILL-01,Tunde Bakare,,SKU1015,Close Up Toothpaste 140ml,Personal Care,2,850,0,Cash
RCPT-101622,TXN101622,2026-05-08,16:16:00, Yaba,TILL-03,Emeka Obi,2347009762186,SKU1020,Cerelac Infant Cereal 400g,Baby Products,3,"₦3,290.00",0,transfer
RCPT-101061,TXN101061,2026-07-10,10:40:00,MiniMart Express - Surulere,TILL-01,Tunde Bakare,2348046377732,SKU1011,Honeywell Semolina 2kg,Grains & Staples,3,2120,0,transfer
RCPT-101935,TXN101935,2026-04-02,09:49:00,Ikeja Branch,TILL-01,Fatima Bello,,SKU1027,Amstel Malta 33cl,Beverages,1,400,0,cash
RCPT-102510,TXN102510,07-05-2026,09:33:00,Surulere Branch,TILL-01,Emeka Obi,0 8 1 1 6 3 0 0 5 5 3,SKU1024,"Pampers Diapers (pack, medium)",Baby Products,1,4630,0,ATM Card
RCPT-101600,TXN101600,27-03-2026,17:38:00,YABA,TILL-03,Ibrahim Musa,,SKU1003,Golden Morn 500g,Grains & Staples,2,1660,0,POS Card
RCPT-101391,TXN101391,2026-05-30,13:16:00,Surulere Branch,TILL-01,Amaka Eze,,SKU1027,Amstel Malta 33cl,Beverages,3,450,0,POS Card
RCPT-101403,TXN101403,2026-05-21,20:57:00,MiniMart Express - Surulere,TILL-01,Tunde Bakare,,SKU1006,Bigi Cola 50cl,Beverages,2,₦320.00,0,Bank Transfer
RCPT-100313,TXN100313,2026-06-04,19:16:00,IKEJA,TILL-02,Segun Adeyemi,2348406546545,SKU1017,La Casera 50cl,Beverages,3,390,0,ATM Card
RCPT-100053,TXN100053,13-06-2026,17:08:00,MiniMart Express - Yaba,TILL-03,Tunde Bakare,07615239295,SKU1020,Cerelac Infant Cereal 400g,Baby Products,2,3170,0,Bank Transfer
RCPT-100266,TXN100266,2026-03-22,17:51:00,Surulere Branch,TILL-01,Ibrahim Musa,,SKU1024,"Pampers Diapers (pack, medium)",Baby Products,1,"₦4,930.00",0,POS Card
RCPT-100482,TXN100482,2026-05-23,11:40:00,IKEJA,TILL-01,Ibrahim Musa,2347042895065,SKU1001, Indomie Noodles 70g ,Grains & Staples,2,₦170.00,0,POS
RCPT-101313,TXN101313,2026-03-31,08:19 PM,IKEJA,TILL-02,Blessing Nwosu,,SKU1029,Dano Milk Powder 400g,Dairy,2,2960,0,Cash
RCPT-101772,TXN101772,2026-07-28,15:27:00,Yaba Branch,TILL-03,Emeka Obi,,SKU1027,Amstel Malta 33cl,Beverages,2,450.00,0,POS Card
RCPT-100534,TXN100534,05/16/2026,12:09:00, Yaba,TILL-03,Chidinma Okafor,,SKU1003,Golden Morn 500g,Grains & Staples,2,1310,0,transfer
RCPT-101045,TXN101045,2026-04-09,10:36:00,MiniMart Express - Ikeja,TILL-01,Emeka Obi,,SKU1013,Omo Detergent 900g,Household,4,1780,0,Bank Transfer
RCPT-101546,TXN101546,2026-06-16,17:00:00, Yaba,TILL-02,Chidinma Okafor,07094706372,SKU1028,Semovita 2kg,Grains & Staples,2,2020,0,Cash
RCPT-102506,TXN102506,2026-07-17,16:43:00,MiniMart Express - Surulere,TILL-01,Fatima Bello,07277550481,SKU1017,La Casera 50cl,Beverages,2,380,0,CASH
RCPT-102598,TXN102598,2026-04-06,19:19:00,MiniMart Express - Surulere,TILL-01,Tunde Bakare,,SKU1019,Titus Sardine 125g,Canned Foods,1,770,0,Card
RCPT-100791,TXN100791,15-07-2026,20:04:00,Yaba Branch,TILL-01,Ibrahim Musa,07907177606,SKU1020,Cerelac Infant Cereal 400g,Baby Products,3,3050,0,USSD
RCPT-101664,TXN101664,2026-05-07,11:42:00,Yaba Branch,TILL-02,Blessing Nwosu,+2347382885046,SKU1005,COCA COLA 50CL,Beverages,2,430.00,15,Cash
RCPT-100656,TXN100656,2026-04-12,17:35:00,Yaba Branch,TILL-01,Chidinma Okafor,0 7 4 5 6 6 8 0 5 7 3,SKU1023,Ariel Detergent 900g,Household,1,1840,0,Cash
RCPT-100837,TXN100837,2026-04-24,11:56:00,Yaba Branch,TILL-01,Segun Adeyemi,+ 2 3 4 7 7 2 5 1 3 9 0 8 0,SKU1023,Ariel Detergent 900g,,4,,0,Cash
RCPT-100642,TXN100642,25-07-2026,16:40:00,IKEJA,TILL-01,Ibrahim Musa,,SKU1005,Coca-Cola 50cl,Beverages,4,380,0,Transfer
RCPT-101794,TXN101794,2026-03-15,08:01:00,MiniMart Express - Surulere,TILL-01,Chidinma Okafor,,SKU1012,Kings Vegetable Oil 1L,Grains & Staples,3,2440,0,POS Card
RCPT-102488,TXN102488,2026-04-04,16:26:00,Ikeja Branch,TILL-02,Amaka Eze,7679760453,SKU1024,"Pampers Diapers (pack, medium)",Baby Products,1,4180,0,Cash
RCPT-100698,TXN100698,2026-06-13,12:29:00,IKEJA,TILL-02,Amaka Eze,,SKU1022,Knorr Chicken Cubes (pack),Grains & Staples,1,280,0,Card
RCPT-100869,TXN100869,2026-03-03,07:53:00,YABA,TILL-01,Tunde Bakare,7857930154,SKU1014,Dettol Soap 65g,Personal Care,1,330,0,cash
RCPT-100793,TXN100793,2026-06-07,13:00:00, Yaba,TILL-03,Fatima Bello,2348074548029,SKU1016,Eva Water 75cl,Beverages,3,210,0,POS Card
RCPT-102119,TXN102119,2026-04-05,09:08:00,Yaba Branch,TILL-01,Fatima Bello,2347622447184,SKU1015,Close Up Toothpaste 140ml,Personal Care,1,810,0,POS
RCPT-102543,TXN102543,04/03/2026,17:02:00,SURULERE,TILL-01,Chidinma Okafor,,SKU1014,Dettol Soap 65g,Personal Care,1,340,0,Cash
RCPT-101908,TXN101908,2026-04-18,19:50:00,SURULERE,TILL-01,Emeka Obi,,SKU1016,Eva Water 75cl,Beverages,1,230,0,POS
RCPT-102561,TXN102561,2026-05-02,20:42:00,Surulere Branch,TILL-01,Tunde Bakare,8348421701,SKU1005,COCA COLA 50CL,Beverages,1,370,0,Bank Transfer
RCPT-100046,TXN100046,2026-04-12,12:33:00,SURULERE,TILL-01,Amaka Eze,,SKU1003,Golden Morn 500g,Grains & Staples,1,"1,410.00",0,Bank Transfer
RCPT-100721,TXN100721,05/12/2026,08:39:00,MiniMart Express - Ikeja,TILL-01,Fatima Bello,08754982314,SKU1006,Bigi Cola 50cl,Beverages,1,380,0,POS Card
RCPT-101948,TXN101948,2026-03-30,10:01:00,MiniMart Express - Surulere,TILL-01,Chidinma Okafor,,SKU1003,Golden Morn 500g,Grains & Staples,5,1350,0,pos
RCPT-101855,TXN101855,04/07/2026,16:58:00,MiniMart Express - Ikeja,TILL-02,Ibrahim Musa,2348633562618,SKU1008,Milo 400g,Beverages,2,2290,0,POS Card
RCPT-101555,TXN101555,2026-04-04,08:42 AM,SURULERE,TILL-01,Fatima Bello,,SKU1020,Cerelac Infant Cereal 400g,Baby Products,4,"3,600.00",0,Cash
RCPT-100618,TXN100618,2026-05-17,11:48:00,Yaba Branch,TILL-02,Ibrahim Musa,,SKU1015,Close Up Toothpaste 140ml,Personal Care,2,890,0,Cash
RCPT-100717,TXN100717,08-07-2026,12:55 PM,Ikeja Branch,TILL-02,Tunde Bakare,,SKU1017,La Casera 50cl,Beverages,1,380,15,ATM Card
RCPT-101210,TXN101210,2026-03-06,10:20:00,Surulere Branch,TILL-01,Fatima Bello,09094641570,SKU1005,Coca Cola 50cl,Beverages,1,420,0,Cash
RCPT-101405,TXN101405,2026-07-29,17:54:00,MiniMart Express - Surulere,TILL-01,Blessing Nwosu,2347533003935,SKU1026,Chivita Juice 1L,Beverages,2,1390,0,Cash
RCPT-100828,TXN100828,2026-06-10,19:29:00,MiniMart Express - Ikeja,TILL-01,Fatima Bello,,SKU1023,Ariel Detergent 900g,Household,2,1650,0,pos
RCPT-100311,TXN100311,2026-05-24,10:59:00,YABA,TILL-01,Segun Adeyemi,,SKU1024,"Pampers Diapers (pack, medium)",Baby Products,3,4550,0,Cash
RCPT-100111,TXN100111,06/14/2026,21:19:00,minimart express-ikeja ,TILL-01,Segun Adeyemi,,SKU1005,Coca-Cola 50cl,Beverages,2,₦440.00,0,USSD
RCPT-100147,TXN100147,06/20/2026,10:40:00,MiniMart Express - Surulere,TILL-01,Segun Adeyemi,09012263679,SKU1024,"Pampers Diapers (pack, medium)",Baby Products,5,4340,0,Cash
RCPT-101752,TXN101752,07/10/2026,14:51:00,Surulere Branch,TILL-01,Blessing Nwosu,8 2 7 8 8 8 8 4 3 7,SKU1002,Peak Milk Evaporated 170g,,2,740,0,Cash
RCPT-100194,TXN100194,2026-05-17,09:42:00, Yaba,TILL-02,Segun Adeyemi,,SKU1026,Chivita Juice 1L,Beverages,1,"₦1,340.00",0,POS
RCPT-100076,TXN100076,2026-04-06,12:45:00,MiniMart Express - Yaba,TILL-03,Emeka Obi,,SKU1006,Bigi Cola 50cl,Beverages,1,380,0,Cash
RCPT-100325,TXN100325,2026-03-29,20:09:00,YABA,TILL-01,Fatima Bello,,SKU1026,Chivita Juice 1L,Beverages,2,1340,0,Cash
RCPT-102488,TXN102488,2026-04-04,16:26:00,IKEJA,TILL-02,Amaka Eze,7679760453,SKU1017,La Casera 50cl,Beverages,1,320,0,Cash
RCPT-101970,TXN101970,2026-03-12,21:43:00,IKEJA,TILL-02,Segun Adeyemi,,SKU1026,Chivita Juice 1L,Beverages,2,1440,0,cash
RCPT-101062,TXN101062,2026-06-06,19:20:00,YABA,TILL-03,Ibrahim Musa,2349007040303,SKU1023,Ariel Detergent 900g,Household,1,"1,610.00",0,Cash
RCPT-102074,TXN102074,22-06-2026,08:14:00,SURULERE,TILL-01,Chidinma Okafor,+2347951485174,SKU1016,Eva Water 75cl,BEVERAGES,3,200,0,Cash
RCPT-100743,TXN100743,2026-05-04,08:15:00,Yaba Branch,TILL-03,Chidinma Okafor,,SKU1008,Milo 400g,Beverages,1,"2,410.00",0,USSD
RCPT-100527,TXN100527,2026-07-06,19:30:00,IKEJA,TILL-01,Chidinma Okafor,,SKU1025,Tom Tom Sweet (pack),Snacks,4,270,0,Cash
RCPT-101135,TXN101135,28/05/2026,15:11:00,IKEJA,TILL-02,Emeka Obi,+2347508838083,SKU1008,Milo 400g,Beverages,1,2370,0,Cash
RCPT-101042,TXN101042,2026-04-26,14:05:00,SURULERE,TILL-01,Ibrahim Musa,,SKU1016,Eva Water 75cl,Beverages,1,210,0,Bank Transfer
RCPT-102579,TXN102579,2026-03-21,12:17:00,Yaba Branch,TILL-03,Amaka Eze,,SKU1010,Mama Gold Rice 5kg,Grains & Staples,1,"7,010.00",0,POS
RCPT-102109,TXN102109,2026-06-30,19:56:00,minimart express-ikeja ,TILL-01,Chidinma Okafor,,SKU1008,Milo 400g,Beverages,2,2210,0,POS Card
RCPT-101536,TXN101536,2026-05-14,15:43:00,MiniMart Express - Yaba,TILL-03,Blessing Nwosu,,SKU1020,Cerelac Infant Cereal 400g,Baby Products,4,3330,0,Bank Transfer
RCPT-101774,TXN101774,2026-03-10,08:17:00, Yaba,TILL-01,Segun Adeyemi,,SKU1006,Bigi Cola 50cl,Beverages,1,,0,POS Card
RCPT-100284,TXN100284,2026-07-23,06:41 PM,SURULERE,TILL-01,Blessing Nwosu,,SKU1014,Dettol Soap 65g,Personal Care,1,370,0,Bank Transfer
RCPT-101151,TXN101151,13-04-2026,07:15:00,Surulere Branch,TILL-01,Blessing Nwosu,,SKU1018,Maltina 33cl,Beverages,1,440.00,0,Card
RCPT-101212,TXN101212,2026-05-08,19:09:00,SURULERE,TILL-01,Emeka Obi,8921875987,SKU1001,indomie noodles 70g,Grains & Staples,3,170,0,transfer
RCPT-101601,TXN101601,2026-04-22,19:36:00,IKEJA,TILL-02,Tunde Bakare,2348218816922,SKU1009,Cowbell Milk Powder 360g,Dairy,1,1800,0,ATM Card
RCPT-101204,TXN101204,2026-07-29,19:08:00,YABA,TILL-03,Fatima Bello,8654347539,SKU1013,Omo Detergent 900g,Household,2,1530,0,Card
RCPT-100597,TXN100597,2026-04-20,18:23:00,minimart express-ikeja ,TILL-01,Ibrahim Musa,,SKU1007,Gala Sausage Roll,Snacks,2,230,0,Bank Transfer
RCPT-101047,TXN101047,2026-06-23,05:44 PM,IKEJA,TILL-02,Blessing Nwosu,,SKU1008,Milo 400g,Beverages,1,2100,0,cash
RCPT-100109,TXN100109,2026-07-22,10:25 AM,Ikeja Branch,TILL-01,Emeka Obi,07509795418,SKU1030,Nasco Cornflakes 500g,Grains & Staples,1,1750,0,cash
RCPT-100899,TXN100899,15-04-2026,13:16:00,MiniMart Express - Ikeja,TILL-02,Fatima Bello,2348131721426,SKU1022,Knorr Chicken Cubes (pack),Grains & Staples,1,280,15,Cash
RCPT-101659,TXN101659,2026-06-18,16:26:00,MiniMart Express - Yaba,TILL-03,Amaka Eze,,SKU1028,Semovita 2kg,Grains & Staples,1,"₦2,310.00",0,Cash
RCPT-102359,TXN102359,04/28/2026,18:15:00, Yaba,TILL-02,Fatima Bello,,SKU1007,Gala Sausage Roll,Snacks,1,250,0,USSD
RCPT-100220,TXN100220,2026-04-03,17:37:00,MiniMart Express - Surulere,TILL-01,Blessing Nwosu,+ 2 3 4 7 8 9 7 7 7 4 2 0 1,SKU1004,Dangote sugar 1Kg,Grains & Staples,2,1320,0,Transfer
RCPT-100444,TXN100444,13/04/2026,08:59:00,minimart express-ikeja ,TILL-02,Emeka Obi,,SKU1026,Chivita Juice 1L,Beverages,1,"1,320.00",0,Cash
RCPT-101445,TXN101445,2026-03-04,09:17:00,Yaba Branch,TILL-01,Emeka Obi,8288654294,SKU1028,Semovita 2kg,Grains & Staples,2,"₦2,030.00",15,Bank Transfer
RCPT-100508,TXN100508,2026-03-28,16:10:00,SURULERE,TILL-01,Blessing Nwosu,,SKU1029,Dano Milk Powder 400g,Dairy,1,2730,0,Bank Transfer
RCPT-100036,TXN100036,2026-05-04,07:41:00,MiniMart Express - Yaba,TILL-03,Emeka Obi,,SKU1011,Honeywell Semolina 2kg,Grains & Staples,4,2280,0,POS Card
RCPT-101390,TXN101390,2026-05-19,11:36:00,IKEJA,TILL-01,Blessing Nwosu,+2348963446751,SKU1020,Cerelac Infant Cereal 400g,,5,"₦2,980.00",0,Cash
RCPT-101756,TXN101756,2026-04-28,19:50:00,IKEJA,TILL-01,Emeka Obi,8503580131,SKU1026,Chivita Juice 1L,Beverages,2,1460,0,Cash
RCPT-100338,TXN100338,07/08/2026,09:15:00,MiniMart Express - Surulere,TILL-01,Ibrahim Musa,,SKU1009,Cowbell Milk Powder 360g,Dairy,5,"₦1,970.00",5,POS Card
RCPT-102210,TXN102210,17/04/2026,13:39:00,Surulere Branch,TILL-01,Segun Adeyemi,,SKU1009,Cowbell Milk Powder 360g,Dairy,1,1820,0,ATM Card
RCPT-100550,TXN100550,2026-07-18,13:03:00,SURULERE,TILL-01,Chidinma Okafor,,SKU1001,INDOMIE NOODLES 70G,Grains & Staples,1,170,0,ATM Card
RCPT-100810,TXN100810,2026-06-09,11:38:00,Surulere Branch,TILL-01,Tunde Bakare,,SKU1014,Dettol Soap 65g,Personal Care,1,360,0,USSD
RCPT-100795,TXN100795,2026-04-22,11:26:00,IKEJA,TILL-02,Ibrahim Musa,,SKU1007,Gala Sausage Roll,Snacks,4,₦270.00,0,pos
RCPT-100560,TXN100560,2026-07-30,15:58:00, Yaba,TILL-01,Segun Adeyemi,8738025845,SKU1007,Gala Sausage Roll,Snacks,1,250,0,transfer
RCPT-102570,TXN102570,2026-06-30,15:42:00,MiniMart Express - Ikeja,TILL-01,Blessing Nwosu,,SKU1009,Cowbell Milk Powder 360g,Dairy,1,1930,0,Bank Transfer
RCPT-100729,TXN100729,17-07-2026,12:33:00,YABA,TILL-01,Emeka Obi,,SKU1012,Kings Vegetable Oil 1L,Grains & Staples,2,2580,15,POS Card
RCPT-102376,TXN102376,2026-07-21,12:43:00,MiniMart Express - Surulere,TILL-01,Chidinma Okafor,,SKU1030,Nasco Cornflakes 500g,Grains & Staples,2,1920,0,Transfer
RCPT-100333,TXN100333,2026-05-08,11:43:00,Ikeja Branch,TILL-01,Fatima Bello,,SKU1010,MAMA GOLD RICE 5KG,Grains & Staples,1,5880,0,Bank Transfer
RCPT-101889,TXN101889,06/28/2026,12:19:00,MiniMart Express - Ikeja,TILL-01,Chidinma Okafor,+2348864739055,SKU1018,Maltina 33cl,Beverages,2,440,0,POS
RCPT-102022,TXN102022,2026-03-10,20:31:00,SURULERE,TILL-01,Chidinma Okafor,9047042631,SKU1019,Titus Sardine 125g,Canned Foods,2,730,0,pos
RCPT-100455,TXN100455,2026-07-19,09:07:00,Yaba Branch,TILL-03,Fatima Bello,,SKU1009,Cowbell Milk Powder 360g,Dairy,1,1920,0,POS Card
RCPT-101522,,2026-05-28,08:27:00,Yaba Branch,TILL-02,Emeka Obi,,SKU1015,Close Up Toothpaste 140ml,Personal Care,1,940,0,POS Card
RCPT-100050,TXN100050,2026-03-05,07:35:00,Surulere Branch,TILL-01,Emeka Obi,,SKU1018,Maltina 33cl,Beverages,2,420.00,0,Cash
RCPT-101707,TXN101707,2026-05-22,14:38:00,Ikeja Branch,TILL-02,Chidinma Okafor,2348478910656,SKU1019,Titus Sardine 125g,CANNED FOODS,2,690,0,Bank Transfer
RCPT-102227,TXN102227,2026-03-26,10:38:00,Surulere Branch,TILL-01,Segun Adeyemi,+ 2 3 4 8 0 6 6 9 1 5 7 0 9,SKU1020,Cerelac Infant Cereal 400g,Baby Products,1,"3,080.00",0,POS Card
RCPT-102172,TXN102172,2026-04-15,17:29:00,Ikeja Branch,TILL-02,Amaka Eze,,SKU1025,Tom Tom Sweet (pack),Snacks,2,₦290.00,0,Bank Transfer
RCPT-101441,TXN101441,11-04-2026,20:47:00,MiniMart Express - Surulere,TILL-01,Amaka Eze,+2347498382225,SKU1002,Peak Milk Evaporated 170g,Dairy,1,650,0,ussd
RCPT-100075,TXN100075,2026-03-28,14:21:00,Surulere Branch,TILL-01,Blessing Nwosu,2348636454894,SKU1005,Coke 50cl,Beverages,1,,0,Bank Transfer
RCPT-100834,TXN100834,2026-05-08,16:52:00,IKEJA,TILL-01,Emeka Obi,+2347676386017,SKU1001,INDOMIE NOODLES 70G,Grains & Staples,1,170,0,POS Card
RCPT-100045,TXN100045,2026-05-06,17:44:00,Yaba Branch,TILL-02,Chidinma Okafor,,SKU1006,Bigi Cola 50cl,Beverages,2,400,0,ATM Card
RCPT-101174,TXN101174,2026-06-30,19:58:00,MiniMart Express - Surulere,TILL-01,Chidinma Okafor,,SKU1006,Bigi Cola 50cl,Beverages,2,350,0,Card
RCPT-100469,TXN100469,2026-03-01,13:31:00,MiniMart Express - Surulere,TILL-01,Blessing Nwosu,+2348927925354,SKU1030,Nasco Cornflakes 500g,Grains & Staples,5,1890,0,POS
RCPT-101692,TXN101692,2026-04-09,16:12:00,minimart express-ikeja ,TILL-01,Fatima Bello,,SKU1009,Cowbell Milk Powder 360g,Dairy,3,"₦1,750.00",0,POS Card
RCPT-100749,TXN100749,2026-05-30,10:35:00,SURULERE,TILL-01,Tunde Bakare,2347471925595,SKU1022,Knorr Chicken Cubes (pack),Grains & Staples,1,280,0,ATM Card
RCPT-102102,TXN102102,24-06-2026,20:17:00, Yaba,TILL-03,Tunde Bakare,,SKU1003,Golden Morn 500g,Grains & Staples,1,1610,0,POS Card
RCPT-102411,TXN102411,30-07-2026,14:29:00,SURULERE,TILL-01,Tunde Bakare,,SKU1025,Tom Tom Sweet (pack),Snacks,3,₦300.00,0,Card
RCPT-102374,TXN102374,2026-03-20,21:48:00,Surulere Branch,TILL-01,Amaka Eze,7649091833,SKU1014,Dettol Soap 65g,,3,360,0,ussd
RCPT-101714,TXN101714,2026-05-06,10:50:00,MiniMart Express - Surulere,TILL-01,Segun Adeyemi,,SKU1016,Eva Water 75cl,Beverages,2,230,0,Cash
RCPT-100495,TXN100495,2026-04-01,15:31:00,SURULERE,TILL-01,Amaka Eze,,SKU1026,Chivita Juice 1L,Beverages,5,1170,0,Bank Transfer
RCPT-101785,TXN101785,06/26/2026,18:18:00,minimart express-ikeja ,TILL-02,Emeka Obi,,SKU1006,Bigi Cola 50cl,Beverages,1,320,0,POS Card
RCPT-100299,TXN100299,2026-06-30,10:07:00,Ikeja Branch,TILL-01,Chidinma Okafor,,SKU1009,Cowbell Milk Powder 360g,Dairy,1,1790,0,cash
RCPT-101448,TXN101448,2026-05-06,18:00:00,Surulere Branch,TILL-01,Tunde Bakare,,SKU1028,Semovita 2kg,Grains & Staples,1,1900,15,Cash
RCPT-100022,TXN100022,2026-03-12,12:30:00, Yaba,TILL-01,Fatima Bello,9077395997,SKU1005,Coca-Cola 50cl,Beverages,1,410,0,transfer
RCPT-100534,TXN100534,2026-05-16,12:09:00,YABA,TILL-03,Chidinma Okafor,,SKU1013,Omo Detergent 900g,Household,3,1590,0,transfer
RCPT-100354,TXN100354,04/18/2026,19:08:00,Surulere Branch,TILL-01,Amaka Eze,,SKU1001,Indomie Noodles 70g,Grains & Staples,-1,150.00,0,Cash
RCPT-100070,TXN100070,2026-06-19,20:10:00,MiniMart Express - Surulere,TILL-01,Chidinma Okafor,+2348113635764,SKU1023,Ariel Detergent 900g,Household,2,1750,0,Cash
RCPT-101631,TXN101631,2026-07-22,21:37:00,SURULERE,TILL-01,Ibrahim Musa,,SKU1002,peak milk evaporated170g,Dairy,2,660,0,POS Card
RCPT-102437,TXN102437,2026-05-28,14:15:00,MiniMart Express - Surulere,TILL-01,Ibrahim Musa,2348177721404,SKU1020,Cerelac Infant Cereal 400g,Baby Products,1,3300,0,USSD
RCPT-100130,TXN100130,2026-07-06,10:42:00,minimart express-ikeja ,TILL-01,Emeka Obi,2347137110145,SKU1025,Tom Tom Sweet (pack),Snacks,1,,0,cash
RCPT-101219,TXN101219,05-03-2026,12:48:00,MiniMart Express - Yaba,TILL-01,Fatima Bello,+2347002079947,SKU1023,Ariel Detergent 900g,Household,2,"₦1,850.00",0,Cash
RCPT-100749,TXN100749,2026-05-30,10:35 AM,SURULERE,TILL-01,Tunde Bakare,2347471925595,SKU1008,Milo 400g,Beverages,2,"₦2,290.00",5,ATM Card
RCPT-100660,TXN100660,12/04/2026,15:29:00,IKEJA,TILL-02,Emeka Obi,,SKU1020,Cerelac Infant Cereal 400g,Baby Products,2,3330,0,POS Card
RCPT-100848,TXN100848,2026-04-12,09:18:00, Yaba,TILL-01,Segun Adeyemi,,SKU1016,Eva Water 75cl,Beverages,1,200,0,USSD
RCPT-101920,TXN101920,2026-04-26,07:00:00,Surulere Branch,TILL-01,Segun Adeyemi,,SKU1012,Kings Vegetable Oil 1L,Grains & Staples,3,2840,0,ATM Card
RCPT-102445,TXN102445,2026-06-02,16:43:00,MiniMart Express - Surulere,TILL-01,Tunde Bakare,,SKU1019,Titus Sardine 125g,Canned Foods,2,640,0,POS Card
RCPT-101401,TXN101401,28-04-2026,17:46:00,minimart express-ikeja ,TILL-02,Amaka Eze,2 3 4 7 7 8 8 9 9 3 9 0 1,SKU1016,Eva Water 75cl,Beverages,-5,210,0,Bank Transfer
RCPT-101465,TXN101465,04/21/2026,21:30:00,minimart express-ikeja ,TILL-01,Emeka Obi,7123927175,SKU1008,Milo 400g,Beverages,5,2180,0,POS Card
RCPT-102215,TXN102215,2026-07-28,17:01:00,Yaba Branch,TILL-03,Tunde Bakare,,SKU1027,Amstel Malta 33cl,Beverages,1,,0,Cash
RCPT-101182,TXN101182,2026-04-15,07:19 PM, Yaba,TILL-01,Ibrahim Musa,,SKU1021,Bournvita 500g,Beverages,1,2370,0,Cash
RCPT-102462,TXN102462,05/17/2026,18:59:00,SURULERE,TILL-01,Blessing Nwosu,,SKU1014,Dettol Soap 65g,Personal Care,3,400,0,POS Card
RCPT-101425,TXN101425,2026-04-19,10:32:00,minimart express-ikeja ,TILL-01,Segun Adeyemi,,SKU1012,Kings Vegetable Oil 1L,Grains & Staples,4,"₦2,780.00",0,Cash
RCPT-102243,TXN102243,28/04/2026,13:58:00,SURULERE,TILL-01,Ibrahim Musa,,SKU1030,Nasco Cornflakes 500g,Grains & Staples,1,1730,0,Bank Transfer
RCPT-101023,TXN101023,23/06/2026,18:36:00,MiniMart Express - Ikeja,TILL-01,Fatima Bello,,SKU1001, Indomie Noodles 70g ,Grains & Staples,2,150,0,Cash
RCPT-101932,TXN101932,2026-05-18,08:49:00,MiniMart Express - Surulere,TILL-01,Segun Adeyemi,+2348813834716,SKU1029,Dano Milk Powder 400g,Dairy,1,3140,0,POS Card
RCPT-102029,TXN102029,2026-07-07,19:18:00,Surulere Branch,TILL-01,Blessing Nwosu,,SKU1001,INDOMIE NOODLES 70G,Grains & Staples,1,160,0,POS Card
RCPT-101476,TXN101476,21-07-2026,11:35:00,YABA,TILL-01,Ibrahim Musa,07335142398,SKU1003,Golden Morn 500g,Grains & Staples,1,,0,Cash
RCPT-100176,TXN100176,05/19/2026,13:45:00,MiniMart Express - Ikeja,TILL-01,Ibrahim Musa,07406206200,SKU1001, Indomie Noodles 70g ,Grains & Staples,5,170,0,Bank Transfer
RCPT-100727,TXN100727,2026-06-03,11:18:00,SURULERE,TILL-01,Chidinma Okafor,+2348796363202,SKU1029,Dano Milk Powder 400g,Dairy,3,"₦3,080.00",0,POS Card
RCPT-101445,TXN101445,2026-03-04,09:17:00,Yaba Branch,TILL-01,Emeka Obi,8288654294,SKU1021,Bournvita 500g,Beverages,5,2600,0,Bank Transfer
RCPT-101116,TXN101116,2026-07-15,07:42:00,SURULERE,TILL-01,Fatima Bello,+ 2 3 4 8 4 1 1 6 8 3 4 3 2,SKU1012,Kings Vegetable Oil 1L,Grains & Staples,5,2970,0,POS Card
RCPT-100354,TXN100354,18/04/2026,19:08:00,Surulere Branch,TILL-01,Amaka Eze,,SKU1020,Cerelac Infant Cereal 400g,Baby Products,1,3650,0,Cash
RCPT-101203,TXN101203,2026-06-22,07:40:00,minimart express-ikeja ,TILL-02,Ibrahim Musa,,SKU1002,Peak Milk Evap 170g,Dairy,1,590,0,USSD
RCPT-102129,TXN102129,2026-03-31,10:41:00,Yaba Branch,TILL-02,Tunde Bakare,,SKU1016,Eva Water 75cl,Beverages,5,200,0,Card
RCPT-102097,TXN102097,2026-03-29,15:26:00,Surulere Branch,TILL-01,Blessing Nwosu,,SKU1030,Nasco Cornflakes 500g,Grains & Staples,1,"₦1,750.00",0,Card
RCPT-102056,TXN102056,02/06/2026,13:40:00,IKEJA,TILL-01,Ibrahim Musa,,SKU1021,Bournvita 500g,Beverages,1,2590,0,Cash
RCPT-102372,TXN102372,2026-07-23,14:52:00,MiniMart Express - Yaba,TILL-02,Chidinma Okafor,,SKU1018,Maltina 33cl,Beverages,3,410,0,POS Card
RCPT-101849,TXN101849,03/18/2026,17:41:00,MiniMart Express - Ikeja,TILL-02,Fatima Bello,,SKU1024,"Pampers Diapers (pack, medium)",Baby Products,1,"4,780.00",0,USSD
RCPT-100554,TXN100554,2026-03-05,09:46:00,IKEJA,TILL-01,Ibrahim Musa,+2347871221337,SKU1009,Cowbell Milk Powder 360g,Dairy,5,2030,0,POS Card
RCPT-101575,TXN101575,2026-05-06,19:38:00,MiniMart Express - Yaba,TILL-02,Blessing Nwosu,07806700985,SKU1019,Titus Sardine 125g,Canned Foods,-1,,0,pos
RCPT-100057,TXN100057,2026-07-16,11:49:00,IKEJA,TILL-02,Ibrahim Musa,,SKU1017,La Casera 50cl,Beverages,5,,0,Bank Transfer
RCPT-100272,TXN100272,2026-03-11,12:50:00,MiniMart Express - Surulere,TILL-01,Fatima Bello,,SKU1013,Omo Detergent 900g,Household,3,1570,0,POS Card
RCPT-102469,TXN102469,2026-05-31,11:09:00,IKEJA,TILL-01,Amaka Eze,,SKU1021,Bournvita 500g,Beverages,5,2200,0,transfer
RCPT-102410,TXN102410,2026-05-13,15:04:00,Surulere Branch,TILL-01,Chidinma Okafor,2348541837155,SKU1009,Cowbell Milk Powder 360g,Dairy,2,,0,POS Card
RCPT-101783,TXN101783,2026-04-09,15:32:00,Yaba Branch,TILL-02,Segun Adeyemi,,SKU1016,Eva Water 75cl,Beverages,3,220.00,0,Cash
RCPT-102021,TXN102021,2026-06-10,03:39 PM,SURULERE,TILL-01,Blessing Nwosu,+2349005008099,SKU1029,Dano Milk Powder 400g,Dairy,4,"₦3,020.00",0,transfer
RCPT-102352,TXN102352,2026-05-14,14:15:00,MiniMart Express - Ikeja,TILL-01,Fatima Bello,+2348728318296,SKU1003,Golden Morn 500g,Grains & Staples,2,"₦1,490.00",0,Cash
RCPT-101652,TXN101652,2026-06-27,13:45:00,minimart express-ikeja ,TILL-01,Amaka Eze,2 3 4 7 0 5 5 5 0 1 2 0 1,SKU1027,Amstel Malta 33cl,Beverages,2,370,0,ussd
RCPT-101437,TXN101437,09-07-2026,14:23:00, Yaba,TILL-03,Ibrahim Musa,2347964787859,SKU1013,Omo Detergent 900g,Household,2,"₦1,730.00",0,POS Card
RCPT-100532,TXN100532,2026-06-02,12:32:00,SURULERE,TILL-01,Ibrahim Musa,,SKU1024,"Pampers Diapers (pack, medium)",Baby Products,2,4060,0,Cash
RCPT-102515,TXN102515,01/04/2026,18:57:00,minimart express-ikeja ,TILL-02,Blessing Nwosu,,SKU1030,Nasco Cornflakes 500g,Grains & Staples,4,2070,0,Card
RCPT-102092,TXN102092,2026-06-25,19:11:00,YABA,TILL-02,Ibrahim Musa,2 3 4 8 8 1 6 3 4 5 9 1 0,SKU1026,Chivita Juice 1L,Beverages,3,1480,0,ATM Card
RCPT-101473,TXN101473,04/05/2026,10:38:00,minimart express-ikeja ,TILL-02,Ibrahim Musa,,SKU1017,La Casera 50cl,Beverages,1,320,0,Cash
RCPT-102159,TXN102159,2026-03-31,09:11:00,YABA,TILL-02,Blessing Nwosu,7862186337,SKU1017,La Casera 50cl,Beverages,1,₦320.00,0,USSD
RCPT-102415,TXN102415,19-03-2026,12:32:00,MiniMart Express - Surulere,TILL-01,Chidinma Okafor,,SKU1009,Cowbell Milk Powder 360g,,2,1830,15,POS
RCPT-101894,TXN101894,2026-04-29,20:15:00,SURULERE,TILL-01,Tunde Bakare,,SKU1016,Eva Water 75cl,Beverages,2,230,0,POS
RCPT-100923,TXN100923,2026-04-08,11:03:00,YABA,TILL-03,Chidinma Okafor,07768150871,SKU1028,Semovita 2kg,Grains & Staples,1,2010,5,Bank Transfer
RCPT-100986,TXN100986,2026-05-27,12:25:00,IKEJA,TILL-01,Amaka Eze,07875182998,SKU1019,Titus Sardine 125g,Canned Foods,1,650,0,Card
RCPT-102488,TXN102488,2026-04-04,16:26:00,MiniMart Express - Ikeja,TILL-02,Amaka Eze,7679760453,SKU1023,Ariel Detergent 900g,Household,4,1860,0,Cash
RCPT-102455,TXN102455,2026-06-25,08:57:00,MiniMart Express - Ikeja,TILL-01,Tunde Bakare,08496902736,SKU1016,Eva Water 75cl,Beverages,1,200,15,Bank Transfer
RCPT-100221,TXN100221,2026-03-10,19:04:00,Ikeja Branch,TILL-02,Tunde Bakare,,SKU1001, Indomie Noodles 70g ,Grains & Staples,1,150,0,POS Card
RCPT-100454,TXN100454,2026-06-28,19:42:00,Surulere Branch,TILL-01,Emeka Obi,,SKU1001, Indomie Noodles 70g ,Grains & Staples,1,170,0,Cash
RCPT-100822,TXN100822,2026-05-04,11:30:00,IKEJA,TILL-01,Emeka Obi,+2347592798879,SKU1023,Ariel Detergent 900g,Household,1,1880,0,pos
RCPT-101816,TXN101816,2026-04-14,18:56:00,SURULERE,TILL-01,Chidinma Okafor,,SKU1020,Cerelac Infant Cereal 400g,Baby Products,198,2950,0,Cash
RCPT-102033,TXN102033,2026-07-12,19:38:00,MiniMart Express - Ikeja,TILL-01,Blessing Nwosu,,SKU1006,Bigi Cola 50cl,Beverages,5,400,0,CASH
RCPT-102124,TXN102124,08/03/2026,20:46:00,MiniMart Express - Yaba,TILL-02,Fatima Bello,,SKU1028,Semovita 2kg,Grains & Staples,1,2400,0,USSD
RCPT-101793,TXN101793,2026-03-05,08:10:00,Ikeja Branch,TILL-01,Tunde Bakare,+ 2 3 4 7 1 2 4 1 0 4 4 9 0,SKU1013,Omo Detergent 900g,Household,2,1690,0,POS
RCPT-101264,TXN101264,2026-05-16,07:22:00,Ikeja Branch,TILL-01,Tunde Bakare,,SKU1006,Bigi Cola 50cl,Beverages,1,₦360.00,0,POS
RCPT-101920,TXN101920,2026-04-26,07:00:00,MiniMart Express - Surulere,TILL-01,Segun Adeyemi,,SKU1017,La Casera 50cl,Beverages,1,380,0,ATM Card
RCPT-102504,TXN102504,28/03/2026,13:13:00,Surulere Branch,TILL-01,Ibrahim Musa,,SKU1030,Nasco Cornflakes 500g,Grains & Staples,1,1900,0,Cash
RCPT-101945,TXN101945,2026-05-06,18:58:00,Surulere Branch,TILL-01,Amaka Eze,+2347241997172,SKU1023,Ariel Detergent 900g,Household,2,1640,0,Cash
RCPT-101170,TXN101170,2026-04-11,20:54:00,SURULERE,TILL-01,Emeka Obi,08139490514,SKU1005,Coca-Cola 50cl,Beverages,2,410.00,0,pos
RCPT-100253,TXN100253,2026-06-11,11:34:00,Yaba Branch,TILL-01,Amaka Eze,08958784988,SKU1007,Gala Sausage Roll,Snacks,3,250,0,Cash
RCPT-101895,TXN101895,05/22/2026,16:05:00,SURULERE,TILL-01,Emeka Obi,,SKU1009,Cowbell Milk Powder 360g,Dairy,4,"₦1,690.00",0,POS Card
RCPT-101601,,2026-04-22,19:36:00,IKEJA,TILL-02,,2348218816922,SKU1030,Nasco Cornflakes 500g,GRAINS & STAPLES,4,1870,0,ATM Card
RCPT-100655,TXN100655,2026-06-17,18:42:00,YABA,TILL-02,Ibrahim Musa,,SKU1012,Kings Vegetable Oil 1L,Grains & Staples,1,2950,0,Cash
RCPT-100177,TXN100177,2026-06-15,11:57:00,Yaba Branch,TILL-02,Amaka Eze,8108681081,SKU1013,Omo Detergent 900g,Household,4,"₦1,710.00",0,Cash
RCPT-101025,TXN101025,17-07-2026,17:50:00,MiniMart Express - Yaba,TILL-03,Blessing Nwosu,,SKU1030,Nasco Cornflakes 500g,Grains & Staples,-2,"1,800.00",0,USSD
RCPT-101385,TXN101385,07/05/2026,15:33:00,MiniMart Express - Yaba,TILL-01,Fatima Bello,,SKU1013,Omo Detergent 900g,Household,2,,0,Cash
RCPT-100374,TXN100374,2026-03-18,13:06:00, Yaba,TILL-01,Segun Adeyemi,,SKU1012,Kings Vegetable Oil 1L,Grains & Staples,1,2350,0,CASH
RCPT-101786,TXN101786,06/08/2026,14:28:00, Yaba,TILL-01,Segun Adeyemi,+2348759684189,SKU1005,Coke 50cl,Beverages,2,390,0,POS
RCPT-101890,TXN101890,2026-05-28,20:35:00,MiniMart Express - Ikeja,TILL-01,Segun Adeyemi,07106668213,SKU1016,Eva Water 75cl,Beverages,1,₦230.00,0,POS Card
RCPT-101087,TXN101087,05/12/2026,20:32:00,SURULERE,TILL-01,Tunde Bakare,+2348869493615,SKU1024,"Pampers Diapers (pack, medium)",Baby Products,1,"4,360.00",0,POS Card
RCPT-100583,TXN100583,2026-04-01,09:22:00, Yaba,TILL-01,Emeka Obi,,SKU1011,Honeywell Semolina 2kg,Grains & Staples,1,,0,POS Card
RCPT-102488,TXN102488,2026-04-04,16:26:00,IKEJA,TILL-02,Amaka Eze,7679760453,SKU1012,Kings Vegetable Oil 1L,Grains & Staples,1,2770,0,Cash
RCPT-100187,TXN100187,2026-04-27,17:03:00,Yaba Branch,TILL-01,Ibrahim Musa,8984003461,SKU1028,Semovita 2kg,Grains & Staples,3,1960,0,CASH
RCPT-101311,TXN101311,2026-06-03,13:56:00,MiniMart Express - Yaba,TILL-02,Segun Adeyemi,2 3 4 7 4 1 5 1 2 5 8 0 1,SKU1005,Coke 50cl,,1,450,0,ussd
RCPT-100250,TXN100250,2026-04-19,16:19:00,Ikeja Branch,TILL-02,Tunde Bakare,+2348385089486,SKU1024,"Pampers Diapers (pack, medium)",Baby Products,4,5010,0,POS Card
RCPT-102198,TXN102198,2026-05-08,19:37:00, Yaba,TILL-02,Fatima Bello,07756903606,SKU1023,Ariel Detergent 900g,Household,2,1670,0,ATM Card
RCPT-102148,TXN102148,2026-06-14,10:46:00,YABA,TILL-03,Blessing Nwosu,,SKU1014,Dettol Soap 65g,Personal Care,1,400,0,POS
RCPT-101658,TXN101658,2026-03-12,11:15:00,MiniMart Express - Ikeja,TILL-02,Emeka Obi,,SKU1029,Dano Milk Powder 400g,Dairy,1,3170,5,CASH
RCPT-100839,TXN100839,2026-07-30,21:26:00,Yaba Branch,TILL-03,Emeka Obi,+2348138587594,SKU1007,Gala Sausage Roll,Snacks,5,260,0,Bank Transfer
RCPT-100541,TXN100541,04/03/2026,16:19:00,MiniMart Express - Yaba,TILL-01,Tunde Bakare,,SKU1001,Indomie Noodle 70g,Grains & Staples,1,170,0,Bank Transfer
RCPT-101405,TXN101405,2026-07-29,17:54:00,Surulere Branch,TILL-01,Blessing Nwosu,2347533003935,SKU1021,Bournvita 500g,Beverages,2,"2,510.00",0,Cash
RCPT-100669,TXN100669,2026-06-02,03:26 PM,Yaba Branch,TILL-02,Emeka Obi,,SKU1024,"Pampers Diapers (pack, medium)",Baby Products,4,"₦4,500.00",0,transfer
RCPT-101541,TXN101541,2026-07-04,09:33:00,minimart express-ikeja ,TILL-01,Tunde Bakare,2348844071221,SKU1012,Kings Vegetable Oil 1L,Grains & Staples,5,2700,0,ussd
RCPT-101973,TXN101973,2026-05-26,12:38:00,YABA,TILL-03,Tunde Bakare,,SKU1017,La Casera 50cl,Beverages,2,350,0,Bank Transfer
RCPT-102412,TXN102412,2026-05-19,11:37:00,minimart express-ikeja ,TILL-02,Fatima Bello,07242757153,SKU1025,Tom Tom Sweet (pack),Snacks,1,₦330.00,0,cash
RCPT-102387,TXN102387,07/24/2026,16:09:00,YABA,TILL-02,Blessing Nwosu,7829942225,SKU1009,Cowbell Milk Powder 360g,Dairy,1,1980,0,ussd
RCPT-101582,TXN101582,17-05-2026,15:58:00,IKEJA,TILL-01,Chidinma Okafor,,SKU1014,Dettol Soap 65g,Personal Care,2,350,0,transfer
RCPT-100806,TXN100806,2026-06-03,13:29:00,SURULERE,TILL-01,Chidinma Okafor,08162125062,SKU1010,MAMA GOLD RICE 5KG,Grains & Staples,3,7150,0,Bank Transfer
RCPT-101071,TXN101071,03/24/2026,20:36:00,minimart express-ikeja ,TILL-01,Tunde Bakare,,SKU1013,Omo Detergent 900g,HOUSEHOLD,1,1590,0,pos
RCPT-101469,TXN101469,03/14/2026,15:39:00,MiniMart Express - Yaba,TILL-01,Ibrahim Musa,8737238186,SKU1024,"Pampers Diapers (pack, medium)",Baby Products,1,4970,0,Bank Transfer
RCPT-100460,TXN100460,2026-06-12,18:15:00,Yaba Branch,TILL-03,Blessing Nwosu,,SKU1011,Honeywell Semolina 2kg,Grains & Staples,-1,2230,0,Transfer
RCPT-102043,TXN102043,2026-03-06,11:55:00, Yaba,TILL-03,Blessing Nwosu,,SKU1008,Milo 400g,Beverages,1,"₦2,110.00",0,Cash
RCPT-100061,TXN100061,2026-04-05,18:37:00,minimart express-ikeja ,TILL-01,Tunde Bakare,2347898203947,SKU1020,Cerelac Infant Cereal 400g,Baby Products,1,3200,0,cash
RCPT-102436,TXN102436,2026-06-05,11:33:00,Yaba Branch,TILL-01,Blessing Nwosu,,SKU1002,peak milk evaporated170g,Dairy,2,610.00,0,Bank Transfer
RCPT-100086,TXN100086,2026-04-30,15:50:00,MiniMart Express - Surulere,TILL-01,Fatima Bello,7731788191,SKU1009,Cowbell Milk Powder 360g,Dairy,3,1710,0,USSD
RCPT-101331,TXN101331,2026-04-06,11:03:00,MiniMart Express - Surulere,TILL-01,Blessing Nwosu,,SKU1005,COCA COLA 50CL,Beverages,2,400,15,Transfer
RCPT-101234,TXN101234,2026-04-18,16:29:00,MiniMart Express - Surulere,TILL-01,Amaka Eze,7493192171,SKU1027,Amstel Malta 33cl,Beverages,3,₦460.00,0,Cash
RCPT-100585,TXN100585,13-07-2026,10:15:00,Surulere Branch,TILL-01,Tunde Bakare,,SKU1017,La Casera 50cl,Beverages,3,360,0,Cash
RCPT-102349,TXN102349,2026-05-31,10:53:00,SURULERE,TILL-01,Blessing Nwosu,,SKU1011,Honeywell Semolina 2kg,Grains & Staples,1,2520,5,POS Card
RCPT-100082,TXN100082,2026-07-11,15:44:00,Surulere Branch,TILL-01,Segun Adeyemi,8105170429,SKU1027,Amstel Malta 33cl,Beverages,4,410.00,0,Bank Transfer
RCPT-100052,TXN100052,2026-04-29,19:21:00,IKEJA,TILL-01,Fatima Bello,2 3 4 8 5 7 7 6 5 5 5 7 2,SKU1018,Maltina 33cl,Beverages,1,420,0,CASH
RCPT-101453,TXN101453,2026-06-17,15:11:00,YABA,TILL-01,Fatima Bello,2347945495093,SKU1021,Bournvita 500g,Beverages,3,2220,10,ussd
RCPT-101139,TXN101139,2026-05-12,10:31:00, Yaba,TILL-02,Segun Adeyemi,,SKU1016,Eva Water 75cl,Beverages,1,210,0,ATM Card
RCPT-101285,TXN101285,2026-07-25,13:40:00,MiniMart Express - Surulere,TILL-01,Fatima Bello,8838512880,SKU1009,Cowbell Milk Powder 360g,Dairy,4,1680,0,Cash
RCPT-102576,TXN102576,2026-03-21,02:15 PM,MiniMart Express - Yaba,TILL-02,Emeka Obi,,SKU1003,Golden Morn 500g,Grains & Staples,1,1390,0,cash
RCPT-101505,TXN101505,2026-04-08,12:02:00,YABA,TILL-01,Chidinma Okafor,,SKU1028,Semovita 2kg,Grains & Staples,2,2370,0,Cash
RCPT-101375,TXN101375,2026-05-09,20:11:00,Yaba Branch,TILL-03,Blessing Nwosu,2347603359706,SKU1005,Coca-Cola 50cl,,1,430,0,Transfer
RCPT-100282,TXN100282,2026-05-22,12:09:00,MiniMart Express - Surulere,TILL-01,Amaka Eze,+2348754920197,SKU1004,Dangote Sugar 1kg,Grains & Staples,1,1340,0,POS
RCPT-101552,TXN101552,2026-07-23,18:14:00,Ikeja Branch,TILL-01,Ibrahim Musa,,SKU1009,Cowbell Milk Powder 360g,Dairy,2,1780,0,Cash
RCPT-101672,TXN101672,13-06-2026,12:35:00,MiniMart Express - Ikeja,TILL-01,,+2348505268769,SKU1024,"Pampers Diapers (pack, medium)",Baby Products,2,"4,770.00",0,ATM Card
RCPT-100847,TXN100847,2026-03-04,12:00:00,Surulere Branch,TILL-01,Tunde Bakare,,SKU1027,Amstel Malta 33cl,Beverages,3,₦370.00,0,POS
RCPT-102293,TXN102293,2026-07-06,20:03:00,minimart express-ikeja ,TILL-02,Amaka Eze,,SKU1013,Omo Detergent 900g,Household,2,,0,ATM Card
RCPT-100355,TXN100355,2026-07-28,08:19:00,minimart express-ikeja ,TILL-02,Segun Adeyemi,,SKU1006,Bigi Cola 50cl,Beverages,1,340.00,0,POS
RCPT-100713,TXN100713,2026-05-07,16:30:00,MiniMart Express - Surulere,TILL-01,Blessing Nwosu,,SKU1004,Dangote Sugar 1kg,Grains & Staples,4,,0,Cash
RCPT-101359,TXN101359,2026-07-25,17:27:00,Ikeja Branch,TILL-01,Amaka Eze,,SKU1022,Knorr Chicken Cubes (pack),Grains & Staples,1,300,5,ussd
RCPT-100047,TXN100047,2026-05-16,14:46:00,Ikeja Branch,TILL-01,Chidinma Okafor,,SKU1008,Milo 400g,Beverages,1,2210,0,pos
RCPT-100489,TXN100489,2026-07-09,07:22:00,MiniMart Express - Surulere,TILL-01,Segun Adeyemi,,SKU1011,Honeywell Semolina 2kg,Grains & Staples,1,2380,0,Cash
RCPT-102149,TXN102149,17/06/2026,20:51:00, Yaba,TILL-02,Ibrahim Musa,2348166252289,SKU1013,Omo Detergent 900g,Household,3,1620,0,CASH
RCPT-101439,TXN101439,19-05-2026,07:11 PM, Yaba,TILL-03,Emeka Obi,,SKU1017,La Casera 50cl,Beverages,2,350.00,0,POS Card
RCPT-100043,TXN100043,04/27/2026,20:19:00,Ikeja Branch,TILL-02,Blessing Nwosu,8804477544,SKU1024,"Pampers Diapers (pack, medium)",Baby Products,1,,0,POS Card
RCPT-102462,TXN102462,2026-05-17,18:59:00,SURULERE,TILL-01,Blessing Nwosu,,SKU1013,Omo Detergent 900g,Household,1,1450,0,POS Card
RCPT-101586,TXN101586,2026-03-06,16:53:00,Yaba Branch,TILL-02,Ibrahim Musa,7117356279,SKU1001, Indomie Noodles 70g ,Grains & Staples,1,150,0,POS
RCPT-101532,TXN101532,2026-04-28,21:39:00,minimart express-ikeja ,TILL-01,Segun Adeyemi,,SKU1001,indomie noodles 70g,Grains & Staples,3,150,0,USSD
RCPT-100250,TXN100250,2026-04-19,16:19:00,minimart express-ikeja ,TILL-02,Tunde Bakare,+2348385089486,SKU1009,Cowbell Milk Powder 360g,,3,"₦1,770.00",0,POS Card
RCPT-102251,TXN102251,2026-03-25,21:24:00,Yaba Branch,TILL-02,Tunde Bakare,08201930306,SKU1030,Nasco Cornflakes 500g,Grains & Staples,2,1790,0,POS Card
RCPT-100712,TXN100712,2026-03-31,20:52:00,IKEJA,TILL-02,Segun Adeyemi,,SKU1015,Close Up Toothpaste 140ml,Personal Care,2,930.00,10,Cash
RCPT-100985,TXN100985,2026-07-15,14:18:00, Yaba,TILL-01,Blessing Nwosu,,SKU1002,Peak Milk Evaporated 170g,Dairy,1,₦710.00,0,cash
RCPT-100378,TXN100378,2026-07-19,08:18:00,YABA,TILL-01,Chidinma Okafor,,SKU1002,Peak Milk Evap 170g,Dairy,4,600,10,POS Card
RCPT-100528,TXN100528,2026-06-14,17:24:00,MiniMart Express - Surulere,TILL-01,Amaka Eze,+2348458720280,SKU1029,Dano Milk Powder 400g,Dairy,1,2660,0,POS Card
RCPT-101463,TXN101463,2026-04-02,12:13:00,Yaba Branch,TILL-01,Fatima Bello,7107791323,SKU1026,Chivita Juice 1L,Beverages,1,,0,ussd
RCPT-101556,TXN101556,2026-03-17,11:56:00,MiniMart Express - Ikeja,TILL-02,Segun Adeyemi,08617579527,SKU1021,Bournvita 500g,Beverages,2,2470,0,Cash
RCPT-100424,TXN100424,2026-07-14,12:35:00,MiniMart Express - Ikeja,TILL-01,Tunde Bakare,,SKU1028,Semovita 2kg,Grains & Staples,1,2230,0,POS Card
RCPT-100313,TXN100313,2026-06-04,19:16:00,minimart express-ikeja ,TILL-02,Segun Adeyemi,2348406546545,SKU1019,Titus Sardine 125g,Canned Foods,3,790,0,ATM Card
RCPT-102471,TXN102471,17/05/2026,08:22:00,SURULERE,TILL-01,Segun Adeyemi,,SKU1013,Omo Detergent 900g,Household,2,1600,0,Card
RCPT-101084,TXN101084,2026-05-31,20:12:00,Yaba Branch,TILL-02,Blessing Nwosu,08413889054,SKU1008,Milo 400g,Beverages,2,2280,0,cash
RCPT-101906,TXN101906,2026-06-19,16:23:00,Yaba Branch,TILL-01,Segun Adeyemi,2347963583194,SKU1030,Nasco Cornflakes 500g,Grains & Staples,1,1730,0,POS Card
RCPT-100643,TXN100643,2026-05-06,11:37:00,MiniMart Express - Ikeja,TILL-02,Chidinma Okafor,2348314511437,SKU1002,Peak Milk Evap 170g,Dairy,2,740.00,0,ATM Card
RCPT-100161,TXN100161,2026-06-26,21:33:00,YABA,TILL-02,Fatima Bello,7921499339,SKU1003,Golden Morn 500g,Grains & Staples,5,"₦1,630.00",0,Cash
RCPT-100222,TXN100222,2026-03-31,15:03:00,SURULERE,TILL-01,Tunde Bakare,07841378200,SKU1012,Kings Vegetable Oil 1L,Grains & Staples,1,"₦2,370.00",0,CASH
RCPT-102156,TXN102156,2026-04-17,19:13:00,minimart express-ikeja ,TILL-01,Chidinma Okafor,2348812152060,SKU1003,Golden Morn 500g,Grains & Staples,2,1400,0,POS Card
RCPT-100427,,06/05/2026,12:52:00,Surulere Branch,TILL-01,Fatima Bello,,SKU1028,Semovita 2kg,Grains & Staples,1,2200,0,POS Card
RCPT-100605,TXN100605,2026-05-19,20:33:00,Ikeja Branch,TILL-02,Segun Adeyemi,7825153724,SKU1012,Kings Vegetable Oil 1L,GRAINS & STAPLES,4,,0,ussd
RCPT-102199,TXN102199,2026-06-04,10:50:00,Surulere Branch,TILL-01,Fatima Bello,7897434646,SKU1025,Tom Tom Sweet (pack),Snacks,2,280.00,0,POS Card
RCPT-101152,TXN101152,2026-07-25,16:44:00,MiniMart Express - Ikeja,TILL-02,Chidinma Okafor,2348469404704,SKU1020,Cerelac Infant Cereal 400g,Baby Products,1,3130,0,POS Card
RCPT-100635,TXN100635,2026-04-30,14:07:00,Surulere Branch,TILL-01,Fatima Bello,,SKU1024,"Pampers Diapers (pack, medium)",Baby Products,1,5130,0,Transfer
RCPT-102498,TXN102498,08/06/2026,16:30:00,Ikeja Branch,TILL-02,,2348773272583,SKU1008,Milo 400g,Beverages,1,1940,0,Cash
RCPT-100627,TXN100627,2026-05-24,21:15:00,MiniMart Express - Ikeja,TILL-02,Fatima Bello,7399039011,SKU1003,Golden Morn 500g,Grains & Staples,5,1480,0,ATM Card
RCPT-102311,TXN102311,2026-04-08,13:41:00,SURULERE,TILL-01,Segun Adeyemi,2347777993162,SKU1016,Eva Water 75cl,Beverages,1,180,0,cash
RCPT-102269,TXN102269,2026-07-18,15:05:00,Surulere Branch,TILL-01,Tunde Bakare,,SKU1006,Bigi Cola 50cl,Beverages,1,360.00,0,POS Card
RCPT-100148,TXN100148,2026-03-24,11:07:00,Surulere Branch,TILL-01,Emeka Obi,7806524500,SKU1004,Dangote Sugar 1kg,Grains & Staples,4,1350,0,Bank Transfer
RCPT-100304,TXN100304,19-04-2026,17:59:00,MiniMart Express - Yaba,TILL-02,Chidinma Okafor,,SKU1030,Nasco Cornflakes 500g,Grains & Staples,3,1940,0,POS Card
RCPT-101887,TXN101887,2026-07-21,19:00:00,minimart express-ikeja ,TILL-02,Chidinma Okafor,,SKU1013,Omo Detergent 900g,Household,1,1490,0,pos
RCPT-101169,TXN101169,2026-04-20,09:16:00,Ikeja Branch,TILL-01,Fatima Bello,7349415379,SKU1016,Eva Water 75cl,Beverages,2,220,0,Cash
RCPT-101691,TXN101691,2026-03-31,20:02:00,minimart express-ikeja ,TILL-01,Chidinma Okafor,,SKU1027,Amstel Malta 33cl,Beverages,2,370,5,transfer
RCPT-102021,TXN102021,2026-06-10,15:39:00,Surulere Branch,TILL-01,Blessing Nwosu,+2349005008099,SKU1004,DANGOTE SUGAR 1KG ,Grains & Staples,3,"1,120.00",0,transfer
RCPT-101380,TXN101380,2026-07-25,20:05:00,SURULERE,TILL-01,Ibrahim Musa,2348921216039,SKU1001,indomie noodles 70g,Grains & Staples,2,,0,Bank Transfer
RCPT-101455,TXN101455,2026-06-05,07:13:00,Surulere Branch,TILL-01,Segun Adeyemi,07997808375,SKU1008,Milo 400g,Beverages,1,1890,0,POS Card
RCPT-100613,TXN100613,08/03/2026,14:05:00,IKEJA,TILL-02,Tunde Bakare,,SKU1016,Eva Water 75cl,Beverages,3,210,0,POS Card
RCPT-100329,TXN100329,2026-03-28,08:10:00,Surulere Branch,TILL-01,Fatima Bello,,SKU1008,Milo 400g,Beverages,2,2410,0,Cash
RCPT-102252,TXN102252,2026-07-31,10:50:00,IKEJA,TILL-01,Blessing Nwosu,,SKU1017,La Casera 50cl,Beverages,1,370,0,Cash
RCPT-100260,TXN100260,2026-03-25,20:28:00,Yaba Branch,TILL-03,Blessing Nwosu,,SKU1007,Gala Sausage Roll,Snacks,1,260,0,Bank Transfer
RCPT-102541,TXN102541,2026-06-01,11:23 AM,MiniMart Express - Surulere,TILL-01,Blessing Nwosu,+2348783841045,SKU1015,Close Up Toothpaste 140ml,PERSONAL CARE,1,1010,0,Cash
RCPT-100030,TXN100030,2026-03-02,15:27:00, Yaba,TILL-02,Tunde Bakare,,SKU1017,La Casera 50cl,Beverages,2,320,0,POS Card
RCPT-100580,TXN100580,2026-04-06,12:23:00,MiniMart Express - Ikeja,TILL-01,Chidinma Okafor,,SKU1027,Amstel Malta 33cl,Beverages,2,400,0,USSD
RCPT-101024,TXN101024,2026-05-10,10:15:00,MiniMart Express - Ikeja,TILL-01,Tunde Bakare,,SKU1007,Gala Sausage Roll,Snacks,1,260,0,USSD
RCPT-102343,TXN102343,2026-06-25,09:35:00, Yaba,TILL-02,Segun Adeyemi,,SKU1013,Omo Detergent 900g,Household,3,"1,750.00",0,USSD
RCPT-100104,TXN100104,2026-07-06,08:39:00,minimart express-ikeja ,TILL-01,Amaka Eze,,SKU1012,Kings Vegetable Oil 1L,Grains & Staples,4,2710,0,ussd
RCPT-100596,TXN100596,14/05/2026,14:30:00,IKEJA,TILL-02,Fatima Bello,,SKU1004,Dangote Sugar 1kg,Grains & Staples,2,,0,POS
RCPT-102339,TXN102339,2026-07-24,10:00:00, Yaba,TILL-03,Chidinma Okafor,,SKU1024,"Pampers Diapers (pack, medium)",Baby Products,1,4780,0,Bank Transfer
RCPT-102341,,07/15/2026,12:13:00, Yaba,TILL-01,Segun Adeyemi,2348736325266,SKU1030,Nasco Cornflakes 500g,Grains & Staples,5,2180,0,POS
RCPT-100852,TXN100852,2026-07-29,20:29:00,MiniMart Express - Yaba,TILL-01,Chidinma Okafor,,SKU1008,Milo 400g,Beverages,1,2150,0,ATM Card
RCPT-102021,TXN102021,10-06-2026,15:39:00,SURULERE,TILL-01,Blessing Nwosu,+2349005008099,SKU1005,COCA COLA 50CL,Beverages,2,400.00,0,transfer
RCPT-101243,TXN101243,2026-06-17,18:55:00,minimart express-ikeja ,TILL-01,Chidinma Okafor,,SKU1007,Gala Sausage Roll,Snacks,3,270,0,POS Card
RCPT-102228,TXN102228,2026-07-22,18:18:00,IKEJA,TILL-01,Segun Adeyemi,08895932455,SKU1025,Tom Tom Sweet (pack),Snacks,2,290,0,Bank Transfer
RCPT-101176,TXN101176,2026-04-06,16:58:00,IKEJA,TILL-01,Emeka Obi,2347604831879,SKU1007,Gala Sausage Roll,Snacks,1,250.00,0,cash
RCPT-100095,TXN100095,2026-03-18,20:35:00,SURULERE,TILL-01,Chidinma Okafor,,SKU1027,Amstel Malta 33cl,Beverages,2,460,0,transfer
RCPT-100546,TXN100546,2026-04-10,13:42:00,Ikeja Branch,TILL-01,Blessing Nwosu,,SKU1011,Honeywell Semolina 2kg,Grains & Staples,2,2280,10,POS Card
RCPT-102413,TXN102413,2026-06-14,15:50:00,MiniMart Express - Yaba,TILL-02,Blessing Nwosu,,SKU1014,Dettol Soap 65g,Personal Care,2,₦380.00,0,transfer
RCPT-101768,TXN101768,2026-05-07,13:57:00,minimart express-ikeja ,TILL-02,,2348331216265,SKU1010,MAMA GOLD RICE 5KG,Grains & Staples,1,7050,0,Cash
RCPT-102004,TXN102004,2026-03-05,18:41:00,MiniMart Express - Ikeja,TILL-01,Chidinma Okafor,+2347482969984,SKU1016,Eva Water 75cl,Beverages,2,,0,POS Card
RCPT-102045,TXN102045,2026-05-02,11:44:00,YABA,TILL-02,Amaka Eze,2 3 4 7 6 2 3 2 2 6 7 7 1,SKU1025,Tom Tom Sweet (pack),Snacks,1,310,0,Bank Transfer
RCPT-102275,TXN102275,2026-07-14,17:45:00,MiniMart Express - Surulere,TILL-01,Chidinma Okafor,,SKU1030,Nasco Cornflakes 500g,Grains & Staples,4,2030,0,Cash
RCPT-100039,TXN100039,2026-03-19,14:43:00,Ikeja Branch,TILL-01,Segun Adeyemi,,SKU1021,Bournvita 500g,Beverages,1,2220,0,Cash
RCPT-101068,TXN101068,2026-05-06,15:39:00,SURULERE,TILL-01,Segun Adeyemi,,SKU1025,Tom Tom Sweet (pack),Snacks,4,340.00,0,pos
RCPT-101480,TXN101480,2026-03-13,14:39:00,IKEJA,TILL-01,Tunde Bakare,2349024897763,SKU1001,Indomie Noodle 70g,Grains & Staples,2,140,0,POS Card
RCPT-100714,TXN100714,2026-03-11,15:42:00,Yaba Branch,TILL-02,Blessing Nwosu,+2347804617370,SKU1015,Close Up Toothpaste 140ml,Personal Care,4,990.00,0,Cash
RCPT-101893,TXN101893,14-03-2026,17:33:00,SURULERE,TILL-01,Segun Adeyemi,,SKU1015,Close Up Toothpaste 140ml,PERSONAL CARE,1,840,0,Cash
RCPT-100422,TXN100422,23/04/2026,10:56:00,minimart express-ikeja ,TILL-02,Fatima Bello,07817947694,SKU1026,Chivita Juice 1L,Beverages,2,1270,0,POS Card
RCPT-100749,TXN100749,2026-05-30,10:35:00,Surulere Branch,TILL-01,Tunde Bakare,2347471925595,SKU1025,Tom Tom Sweet (pack),Snacks,1,310,0,ATM Card
RCPT-100426,TXN100426,2026-06-25,09:27:00,YABA,TILL-01,Fatima Bello,+2348982823015,SKU1026,Chivita Juice 1L,Beverages,4,1410,10,Cash
RCPT-102308,TXN102308,14/07/2026,10:17:00,MiniMart Express - Yaba,TILL-02,Fatima Bello,+2348318914475,SKU1015,Close Up Toothpaste 140ml,Personal Care,4,870,0,Transfer
RCPT-100544,TXN100544,2026-05-14,13:30:00,IKEJA,TILL-01,Segun Adeyemi,,SKU1029,Dano Milk Powder 400g,Dairy,1,"₦2,650.00",0,Transfer
RCPT-102500,TXN102500,2026-04-09,16:21:00,IKEJA,TILL-02,Amaka Eze,,SKU1017,La Casera 50cl,Beverages,1,340.00,0,Cash
RCPT-102538,TXN102538,21-06-2026,09:27:00,MiniMart Express - Yaba,TILL-01,Chidinma Okafor,+2347245637874,SKU1010,MAMA GOLD RICE 5KG,Grains & Staples,2,6280,0,USSD
RCPT-101396,TXN101396,2026-04-10,13:37:00,MiniMart Express - Surulere,TILL-01,Amaka Eze,,SKU1021,Bournvita 500g,Beverages,1,2750,0,Cash
RCPT-100983,TXN100983,2026-06-01,12:33:00,MiniMart Express - Surulere,TILL-01,Ibrahim Musa,,SKU1009,Cowbell Milk Powder 360g,Dairy,1,1660,0,POS Card
RCPT-100564,TXN100564,2026-07-18,19:33:00,MiniMart Express - Yaba,TILL-01,Ibrahim Musa,,SKU1005,COCA COLA 50CL,Beverages,1,400,0,CASH
RCPT-101867,TXN101867,07/31/2026,16:39:00,YABA,TILL-02,Chidinma Okafor,,SKU1025,Tom Tom Sweet (pack),Snacks,3,320,0,ussd
RCPT-102196,TXN102196,2026-07-20,16:21:00,minimart express-ikeja ,TILL-02,,,SKU1029,Dano Milk Powder 400g,Dairy,3,2880,0,Cash
RCPT-101686,TXN101686,2026-05-21,13:03:00,IKEJA,TILL-02,,,SKU1010,MAMA GOLD RICE 5KG,Grains & Staples,2,6880,0,cash
RCPT-100164,TXN100164,11-04-2026,09:08:00,YABA,TILL-03,Fatima Bello,,SKU1017,La Casera 50cl,Beverages,2,₦390.00,0,POS Card
RCPT-102428,TXN102428,2026-05-01,15:15:00,IKEJA,TILL-01,Ibrahim Musa,,SKU1026,Chivita Juice 1L,Beverages,1,1310,0,Card
RCPT-101374,TXN101374,2026-07-16,19:27:00,YABA,TILL-01,Segun Adeyemi,,SKU1019,Titus Sardine 125g,Canned Foods,2,780,0,Card
RCPT-101838,TXN101838,2026-07-15,08:27:00,MiniMart Express - Ikeja,TILL-02,Fatima Bello,,SKU1019,Titus Sardine 125g,Canned Foods,2,750,5,Cash
RCPT-102317,TXN102317,03/11/2026,19:56:00,MiniMart Express - Ikeja,TILL-01,Ibrahim Musa,+2348087043952,SKU1002,Peak Milk Evaporated 170g,Dairy,2,610,0,transfer
RCPT-101892,TXN101892,2026-06-22,19:26:00,YABA,TILL-03,Tunde Bakare,+ 2 3 4 8 0 7 6 2 1 5 6 6 2,SKU1006,Bigi Cola 50cl,Beverages,3,400,0,Cash
RCPT-101554,TXN101554,2026-05-06,07:34:00,MiniMart Express - Yaba,TILL-01,Ibrahim Musa,2348558967669,SKU1028,Semovita 2kg,Grains & Staples,1,2210,0,POS Card
RCPT-100436,TXN100436,2026-06-19,11:57:00,IKEJA,TILL-02,Fatima Bello,,SKU1026,Chivita Juice 1L,Beverages,2,,0,Card
RCPT-100596,TXN100596,2026-05-14,14:30:00,MiniMart Express - Ikeja,TILL-02,Fatima Bello,,SKU1018,Maltina 33cl,Beverages,1,420,0,POS
RCPT-100862,TXN100862,2026-06-19,18:53:00,Ikeja Branch,TILL-01,Amaka Eze,,SKU1023,Ariel Detergent 900g,Household,1,"1,640.00",0,pos
RCPT-100373,TXN100373,18-05-2026,18:14:00,SURULERE,TILL-01,Emeka Obi,,SKU1014,Dettol Soap 65g,Personal Care,1,390.00,0,pos
RCPT-101082,TXN101082,2026-04-19,16:02:00,Surulere Branch,TILL-01,Emeka Obi,0 7 7 6 8 2 5 4 4 4 6,SKU1028,Semovita 2kg,Grains & Staples,1,,0,POS
RCPT-100068,TXN100068,2026-04-16,07:38:00,MiniMart Express - Yaba,TILL-02,Blessing Nwosu,,SKU1026,Chivita Juice 1L,Beverages,1,1430,0,Transfer
RCPT-102542,TXN102542,2026-05-29,09:42 PM,MiniMart Express - Yaba,TILL-02,Emeka Obi,2348741389283,SKU1010,Mama Gold Rice5kg,Grains & Staples,2,6650,5,Cash
RCPT-102005,TXN102005,2026-05-23,19:27:00,YABA,TILL-02,Tunde Bakare,,SKU1014,Dettol Soap 65g,Personal Care,1,340,0,POS Card
RCPT-101927,TXN101927,2026-06-10,20:51:00,MiniMart Express - Ikeja,TILL-02,Fatima Bello,,SKU1007,Gala Sausage Roll,Snacks,1,260,0,POS
RCPT-100706,TXN100706,2026-04-27,15:59:00,minimart express-ikeja ,TILL-02,Emeka Obi,,SKU1006,Bigi Cola 50cl,Beverages,3,400,0,POS Card
RCPT-101969,TXN101969,07/09/2026,20:53:00,SURULERE,TILL-01,Blessing Nwosu,+ 2 3 4 8 8 9 2 9 0 4 8 0 4,SKU1024,"Pampers Diapers (pack, medium)",Baby Products,1,5050,0,POS Card
RCPT-100808,TXN100808,2026-03-05,18:56:00, Yaba,TILL-02,Segun Adeyemi,2348812516726,SKU1005,Coca-Cola 50cl,Beverages,1,420,0,Bank Transfer
RCPT-101685,TXN101685,04/17/2026,13:19:00,SURULERE,TILL-01,Emeka Obi,,SKU1001,Indomie Noodles 70g,Grains & Staples,1,,0,POS Card
RCPT-101649,TXN101649,2026-05-26,17:57:00,minimart express-ikeja ,TILL-01,Blessing Nwosu,,SKU1028,Semovita 2kg,Grains & Staples,1,"₦1,910.00",0,ATM Card
RCPT-100859,TXN100859,10/03/2026,15:14:00,MiniMart Express - Surulere,TILL-01,Emeka Obi,,SKU1010,MAMA GOLD RICE 5KG,Grains & Staples,2,,0,Cash
RCPT-100134,TXN100134,26-06-2026,11:08:00,Yaba Branch,TILL-03,Emeka Obi,2347783881270,SKU1028,Semovita 2kg,Grains & Staples,1,"2,170.00",0,POS Card
RCPT-102222,TXN102222,2026-04-21,15:28:00,SURULERE,TILL-01,Blessing Nwosu,,SKU1008,Milo 400g,Beverages,1,2350,0,Bank Transfer
RCPT-101205,TXN101205,2026-06-16,10:28:00,MiniMart Express - Yaba,TILL-02,Segun Adeyemi,,SKU1021,Bournvita 500g,Beverages,1,2690,0,CASH
RCPT-101150,TXN101150,03/10/2026,18:51:00,MiniMart Express - Yaba,TILL-01,Segun Adeyemi,+2347866670159,SKU1027,Amstel Malta 33cl,Beverages,2,430,0,Cash
RCPT-101722,TXN101722,2026-06-27,08:20:00,Yaba Branch,TILL-02,Ibrahim Musa,,SKU1007,Gala Sausage Roll,Snacks,1,,0,Cash
RCPT-100099,TXN100099,2026-04-23,10:06:00,Yaba Branch,TILL-03,Tunde Bakare,,SKU1002,Peak Milk Evaporated 170g,Dairy,3,690,0,USSD
RCPT-102165,TXN102165,06/20/2026,18:00:00,MiniMart Express - Surulere,TILL-01,Emeka Obi,,SKU1004,Dangote Sugar 1kg,Grains & Staples,2,"1,310.00",0,transfer
RCPT-100820,TXN100820,2026-06-17,13:06:00,Ikeja Branch,TILL-02,Chidinma Okafor,,SKU1016,Eva Water 75cl,Beverages,1,190,0,POS Card
RCPT-101377,TXN101377,06/15/2026,10:33:00, Yaba,TILL-01,Segun Adeyemi,,SKU1010,Mama Gold Rice 5kg,Grains & Staples,1,6450,0,pos
RCPT-100269,TXN100269,2026-07-23,19:33:00,SURULERE,TILL-01,Amaka Eze,,SKU1017,La Casera 50cl,Beverages,4,₦340.00,0,pos
RCPT-101866,TXN101866,2026-07-18,16:51:00,MiniMart Express - Yaba,TILL-03,Emeka Obi,,SKU1016,Eva Water 75cl,Beverages,1,210.00,0,Cash
RCPT-102015,TXN102015,2026-06-13,16:07:00,YABA,TILL-02,Blessing Nwosu,,SKU1026,Chivita Juice 1L,Beverages,1,1250,0,POS Card
RCPT-100287,TXN100287,2026-04-13,12:16:00, Yaba,TILL-01,Fatima Bello,,SKU1001,Indomie Noodle 70g,Grains & Staples,2,150,0,CASH
RCPT-100278,TXN100278,2026-07-06,10:09:00,SURULERE,TILL-01,Tunde Bakare,7868628047,SKU1008,Milo 400g,Beverages,1,2290,0,USSD
RCPT-101237,TXN101237,05-05-2026,08:37:00,SURULERE,TILL-01,Ibrahim Musa,+2348781331076,SKU1010,MAMA GOLD RICE 5KG,Grains & Staples,3,6160,0,USSD
RCPT-100417,TXN100417,2026-05-24,13:06:00,Ikeja Branch,TILL-01,Amaka Eze,,SKU1008,Milo 400g,Beverages,1,2130,10,Transfer
RCPT-100406,TXN100406,2026-03-13,20:15:00,YABA,TILL-01,Segun Adeyemi,0 8 6 2 9 0 3 2 7 3 7,SKU1009,Cowbell Milk Powder 360g,,2,,0,ATM Card
RCPT-100185,TXN100185,2026-04-18,07:40:00,SURULERE,TILL-01,Fatima Bello,+2349086405343,SKU1008,Milo 400g,Beverages,5,1940,0,Transfer
RCPT-100264,TXN100264,2026-07-17,12:04 PM,Surulere Branch,TILL-01,Amaka Eze,,SKU1007,Gala Sausage Roll,Snacks,1,250.00,0,POS Card
RCPT-100272,TXN100272,2026-03-11,12:50:00,Surulere Branch,TILL-01,Fatima Bello,,SKU1002,Peak Milk Evaporated 170g,Dairy,2,690,0,POS Card
RCPT-102464,TXN102464,2026-06-27,15:02:00,Surulere Branch,TILL-01,Fatima Bello,,SKU1017,La Casera 50cl,Beverages,1,340,0,ussd
RCPT-101026,TXN101026,18/07/2026,08:30:00, Yaba,TILL-03,Ibrahim Musa,,SKU1003,Golden Morn 500g,Grains & Staples,1,"1,490.00",10,POS Card
RCPT-101058,TXN101058,2026-07-03,09:48:00,minimart express-ikeja ,TILL-01,Ibrahim Musa,,SKU1029,Dano Milk Powder 400g,Dairy,2,2920,0,ussd
RCPT-100478,TXN100478,2026-06-18,18:50:00,MiniMart Express - Ikeja,TILL-02,Segun Adeyemi,,SKU1015,Close Up Toothpaste 140ml,Personal Care,3,860,0,transfer
RCPT-100485,TXN100485,04/03/2026,20:18:00,Surulere Branch,TILL-01,Chidinma Okafor,,SKU1002,Peak Milk Evaporated 170g,Dairy,4,620,0,POS Card
RCPT-102238,TXN102238,2026-05-23,08:47:00,SURULERE,TILL-01,Blessing Nwosu,+2348425396932,SKU1003,Golden Morn 500g,Grains & Staples,2,"1,500.00",0,Transfer
RCPT-100304,TXN100304,2026-04-19,17:59:00, Yaba,TILL-02,Chidinma Okafor,,SKU1005,Coke 50cl,Beverages,1,390,0,POS Card
RCPT-102478,TXN102478,06-07-2026,08:53:00,YABA,TILL-01,Fatima Bello,,SKU1029,Dano Milk Powder 400g,Dairy,2,,0,cash
RCPT-101077,TXN101077,2026-06-07,10:04:00,minimart express-ikeja ,TILL-01,Segun Adeyemi,2348439151183,SKU1002,Peak Milk Evaporated 170g,Dairy,1,630,0,POS Card
RCPT-101031,TXN101031,2026-05-19,17:53:00,Yaba Branch,TILL-01,Chidinma Okafor,,SKU1012,Kings Vegetable Oil 1L,Grains & Staples,3,2850,0,Bank Transfer
RCPT-100922,TXN100922,2026-06-15,13:58:00, Yaba,TILL-02,Segun Adeyemi,,SKU1022,Knorr Chicken Cubes (pack),Grains & Staples,2,280.00,0,POS Card
RCPT-100899,TXN100899,15-04-2026,13:16:00,IKEJA,TILL-02,Fatima Bello,2348131721426,SKU1004,Dangote Sugar 1kg,Grains & Staples,1,1080,0,Cash
RCPT-101531,TXN101531,2026-03-07,10:49:00,MiniMart Express - Surulere,TILL-01,Amaka Eze,,SKU1023,Ariel Detergent 900g,Household,1,"1,770.00",0,Cash
RCPT-101381,TXN101381,2026-03-16,21:37:00,MiniMart Express - Surulere,TILL-01,Ibrahim Musa,7 8 2 3 2 1 8 4 2 7,SKU1022,Knorr Chicken Cubes (pack),Grains & Staples,2,₦270.00,0,CASH
RCPT-101817,TXN101817,2026-07-20,09:56:00, Yaba,TILL-01,Fatima Bello,7896581262,SKU1030,Nasco Cornflakes 500g,Grains & Staples,3,"2,160.00",0,ATM Card
RCPT-100301,TXN100301,2026-07-12,09:00:00,MiniMart Express - Yaba,TILL-01,Chidinma Okafor,,SKU1022,Knorr Chicken Cubes (pack),Grains & Staples,1,330,10,POS
RCPT-101462,TXN101462,2026-05-24,15:41:00, Yaba,TILL-02,Fatima Bello,,SKU1013,Omo Detergent 900g,Household,1,,0,transfer
RCPT-102388,TXN102388,05/10/2026,19:07:00, Yaba,TILL-02,Emeka Obi,7455404412,SKU1003,Golden Morn 500g,Grains & Staples,5,1520,5,Card
RCPT-101378,TXN101378,2026-07-16,18:25:00,IKEJA,TILL-02,Amaka Eze,,SKU1005,COCA COLA 50CL,Beverages,1,450,0,pos
RCPT-101344,TXN101344,26-07-2026,09:38:00,Surulere Branch,TILL-01,Amaka Eze,,SKU1015,Close Up Toothpaste 140ml,Personal Care,1,940,0,Bank Transfer
RCPT-101513,TXN101513,03/27/2026,07:46 PM,Ikeja Branch,TILL-01,Ibrahim Musa,,SKU1025,Tom Tom Sweet (pack),Snacks,2,300,0,POS Card
RCPT-101438,TXN101438,2026-03-17,17:53:00,Ikeja Branch,TILL-01,Segun Adeyemi,7038640227,SKU1014,Dettol Soap 65g,Personal Care,2,390,0,POS
RCPT-100905,TXN100905,2026-05-06,17:02:00,Surulere Branch,TILL-01,Emeka Obi,+2348887269340,SKU1025,Tom Tom Sweet (pack),Snacks,1,290.00,0,Card
RCPT-100592,TXN100592,2026-06-02,16:49:00,SURULERE,TILL-01,Tunde Bakare,,SKU1019,Titus Sardine 125g,Canned Foods,1,780,0,POS
RCPT-101947,TXN101947,2026-03-24,14:49:00,MiniMart Express - Yaba,TILL-02,Tunde Bakare,,SKU1018,Maltina 33cl,BEVERAGES,1,480.00,15,Bank Transfer
RCPT-101865,TXN101865,04/16/2026,14:33:00,MiniMart Express - Yaba,TILL-03,Segun Adeyemi,+2347565901529,SKU1012,Kings Vegetable Oil 1L,Grains & Staples,2,2590,0,Transfer
RCPT-100810,TXN100810,2026-06-09,11:38:00,SURULERE,TILL-01,Tunde Bakare,,SKU1016,Eva Water 75cl,Beverages,1,220,0,USSD
RCPT-102525,TXN102525,2026-06-16,17:38:00,Surulere Branch,TILL-01,Blessing Nwosu,08759244184,SKU1023,Ariel Detergent 900g,Household,1,"1,750.00",0,Bank Transfer
RCPT-100569,TXN100569,2026-05-15,21:45:00,YABA,TILL-03,,07783224727,SKU1023,Ariel Detergent 900g,Household,1,1590,0,Bank Transfer
RCPT-100677,TXN100677,2026-06-01,17:05:00, Yaba,TILL-02,Fatima Bello,+2348303687033,SKU1019,Titus Sardine 125g,Canned Foods,1,660.00,0,Card
RCPT-101416,TXN101416,2026-03-07,20:40:00,MiniMart Express - Yaba,TILL-01,Amaka Eze,+2347331538075,SKU1005,COCA COLA 50CL,Beverages,1,380,0,POS Card
RCPT-100096,TXN100096,16/04/2026,21:58:00,Surulere Branch,TILL-01,Emeka Obi,,SKU1005,COCA COLA 50CL,Beverages,3,380,0,POS Card
RCPT-100785,TXN100785,2026-03-19,16:21:00,Yaba Branch,TILL-02,Fatima Bello,,SKU1002,peak milk evaporated170g,Dairy,2,660.00,0,POS
RCPT-101385,TXN101385,05-07-2026,15:33:00, Yaba,TILL-01,Fatima Bello,,SKU1009,Cowbell Milk Powder 360g,Dairy,1,1860,0,Cash
RCPT-100153,TXN100153,2026-05-07,16:48:00,MiniMart Express - Yaba,TILL-02,Blessing Nwosu,8326251441,SKU1018,Maltina 33cl,Beverages,1,420,0,POS Card
RCPT-100464,TXN100464,2026-04-23,18:58:00,minimart express-ikeja ,TILL-01,Segun Adeyemi,,SKU1020,Cerelac Infant Cereal 400g,Baby Products,1,"₦3,420.00",0,POS Card
RCPT-101548,TXN101548,2026-07-22,16:05:00,MiniMart Express - Surulere,TILL-01,Segun Adeyemi,08305881592,SKU1029,Dano Milk Powder 400g,Dairy,3,2720,0,CASH
RCPT-102516,TXN102516,2026-07-24,19:59:00,YABA,TILL-01,Chidinma Okafor,,SKU1021,Bournvita 500g,Beverages,1,2630,0,POS Card
RCPT-102367,TXN102367,2026-07-09,08:41:00,YABA,TILL-02,Amaka Eze,2347851821866,SKU1008,Milo 400g,Beverages,1,2130,0,transfer
RCPT-100282,TXN100282,05/22/2026,12:09:00,Surulere Branch,TILL-01,Amaka Eze,+2348754920197,SKU1019,Titus Sardine 125g,Canned Foods,2,710,0,POS
RCPT-101587,TXN101587,2026-04-02,09:57:00,IKEJA,TILL-02,Emeka Obi,2348852425100,SKU1012,Kings Vegetable Oil 1L,Grains & Staples,5,"₦2,990.00",0,ussd
RCPT-101682,TXN101682,2026-04-13,09:06:00,MiniMart Express - Ikeja,TILL-01,Tunde Bakare,7906166118,SKU1017,La Casera 50cl,Beverages,3,330,0,cash
RCPT-100330,TXN100330,06/03/2026,10:18:00,MiniMart Express - Yaba,TILL-03,Ibrahim Musa,,SKU1004,DANGOTE SUGAR 1KG ,Grains & Staples,3,"₦1,270.00",0,pos
RCPT-101895,TXN101895,2026-05-22,16:05:00,MiniMart Express - Surulere,TILL-01,Emeka Obi,,SKU1004,Dangote Sugar 1kg,Grains & Staples,1,"₦1,340.00",0,POS Card
RCPT-100487,TXN100487,07/06/2026,11:47:00,minimart express-ikeja ,TILL-02,Segun Adeyemi,2348783272177,SKU1017,La Casera 50cl,Beverages,2,360.00,0,POS Card
RCPT-100660,TXN100660,2026-04-12,15:29:00,IKEJA,TILL-02,Emeka Obi,,SKU1014,Dettol Soap 65g,Personal Care,2,400,5,POS Card
RCPT-101547,TXN101547,2026-07-09,16:24:00,Ikeja Branch,TILL-02,Fatima Bello,,SKU1008,Milo 400g,Beverages,3,2410,0,POS Card
RCPT-100532,TXN100532,2026-06-02,12:32:00,SURULERE,TILL-01,Ibrahim Musa,,SKU1005,Coke 50cl,BEVERAGES,4,450,0,Cash
RCPT-101453,TXN101453,2026-06-17,15:11:00,YABA,TILL-01,Fatima Bello,2347945495093,SKU1024,"Pampers Diapers (pack, medium)",Baby Products,4,4960,0,ussd
RCPT-100673,TXN100673,2026-07-02,10:34:00,Ikeja Branch,TILL-01,Ibrahim Musa,8827026376,SKU1022,Knorr Chicken Cubes (pack),Grains & Staples,1,₦320.00,0,POS
RCPT-102176,TXN102176,2026-07-15,19:53:00,MiniMart Express - Yaba,TILL-02,Amaka Eze,2348632820307,SKU1024,"Pampers Diapers (pack, medium)",Baby Products,3,4140,0,Cash
RCPT-100535,TXN100535,2026-03-03,15:43:00, Yaba,TILL-01,Segun Adeyemi,,SKU1017,La Casera 50cl,Beverages,2,₦390.00,0,Bank Transfer
RCPT-102360,TXN102360,2026-07-10,14:20:00,SURULERE,TILL-01,Emeka Obi,2348388050796,SKU1023,Ariel Detergent 900g,Household,1,1950,0,USSD
RCPT-101287,TXN101287,15-03-2026,11:19:00, Yaba,TILL-01,Fatima Bello,,SKU1006,Bigi Cola 50cl,Beverages,1,₦380.00,0,Transfer
RCPT-101013,TXN101013,05/15/2026,13:42:00,MiniMart Express - Yaba,TILL-01,Ibrahim Musa,,SKU1025,Tom Tom Sweet (pack),Snacks,2,340,0,Cash
RCPT-101410,TXN101410,30-06-2026,17:25:00,YABA,TILL-01,Ibrahim Musa,07814322491,SKU1019,Titus Sardine 125g,Canned Foods,2,790,0,POS
RCPT-102288,TXN102288,2026-06-10,09:38 AM,Yaba Branch,TILL-03,Tunde Bakare,,SKU1017,La Casera 50cl,Beverages,1,350,0,Cash
RCPT-100545,TXN100545,27-03-2026,13:06:00,Surulere Branch,TILL-01,Emeka Obi,,SKU1017,La Casera 50cl,Beverages,1,₦370.00,0,USSD
RCPT-102433,TXN102433,2026-06-20,17:29:00,Surulere Branch,TILL-01,Emeka Obi,2347443772536,SKU1026,Chivita Juice 1L,BEVERAGES,1,"1,270.00",0,USSD
RCPT-101021,TXN101021,2026-03-07,13:30:00,MiniMart Express - Surulere,TILL-01,Emeka Obi,+2348704312137,SKU1028,Semovita 2kg,Grains & Staples,1,,0,transfer
RCPT-101633,TXN101633,21/07/2026,16:13:00,YABA,TILL-01,Tunde Bakare,,SKU1004,DANGOTE SUGAR 1KG ,Grains & Staples,360,,0,pos
RCPT-102017,TXN102017,24/05/2026,19:49:00,MiniMart Express - Surulere,TILL-01,Ibrahim Musa,9043802385,SKU1003,Golden Morn 500g,Grains & Staples,2,1540,0,Card
RCPT-101110,TXN101110,2026-07-31,17:07:00,Yaba Branch,TILL-01,Fatima Bello,08322180657,SKU1028,Semovita 2kg,Grains & Staples,1,2350,0,Transfer
RCPT-100532,TXN100532,02-06-2026,12:32:00,MiniMart Express - Surulere,TILL-01,Ibrahim Musa,,SKU1030,Nasco Cornflakes 500g,Grains & Staples,1,1890,0,Cash
RCPT-100351,TXN100351,2026-03-05,16:48:00, Yaba,TILL-03,,,SKU1010,Mama Gold Rice 5kg,Grains & Staples,1,6760,0,Bank Transfer
RCPT-102093,TXN102093,2026-05-13,12:27 PM,IKEJA,TILL-01,Emeka Obi,8033991023,SKU1016,Eva Water 75cl,Beverages,1,190,0,pos
RCPT-101713,TXN101713,2026-06-18,11:41:00, Yaba,TILL-01,Tunde Bakare,,SKU1007,Gala Sausage Roll,Snacks,5,270,0,Cash
RCPT-100424,TXN100424,14-07-2026,12:35:00,Ikeja Branch,TILL-01,Tunde Bakare,,SKU1005,COCA COLA 50CL,Beverages,1,370,0,POS Card
RCPT-101743,TXN101743,2026-04-29,11:23:00,SURULERE,TILL-01,Emeka Obi,2348337450128,SKU1029,Dano Milk Powder 400g,Dairy,1,3150,0,POS
RCPT-102104,TXN102104,2026-05-02,13:25:00,Ikeja Branch,TILL-01,Fatima Bello,,SKU1001,Indomie Noodles 70g,Grains & Staples,1,150,0,POS Card
RCPT-101312,TXN101312,23-04-2026,18:55:00,MiniMart Express - Surulere,TILL-01,Segun Adeyemi,2347416384438,SKU1024,"Pampers Diapers (pack, medium)",Baby Products,2,5100,0,transfer
RCPT-100930,TXN100930,03/31/2026,14:57:00,MiniMart Express - Surulere,TILL-01,Ibrahim Musa,,SKU1008,Milo 400g,Beverages,1,1910,0,POS Card
RCPT-101450,TXN101450,2026-03-13,17:45:00,SURULERE,TILL-01,Chidinma Okafor,,SKU1016,Eva Water 75cl,Beverages,1,210,0,POS Card
RCPT-100287,TXN100287,2026-04-13,12:16:00, Yaba,TILL-01,Fatima Bello,,SKU1030,Nasco Cornflakes 500g,Grains & Staples,2,2180,0,CASH
RCPT-101840,TXN101840,2026-06-26,18:00:00,minimart express-ikeja ,TILL-02,Segun Adeyemi,,SKU1019,Titus Sardine 125g,Canned Foods,1,,0,transfer
RCPT-101949,TXN101949,07/13/2026,12:07:00,Yaba Branch,TILL-03,Blessing Nwosu,7682058136,SKU1026,Chivita Juice 1L,Beverages,3,,0,POS Card
RCPT-101871,TXN101871,03/23/2026,18:47:00,MiniMart Express - Surulere,TILL-01,Segun Adeyemi,+2347429977814,SKU1024,"Pampers Diapers (pack, medium)",Baby Products,2,5010,0,POS Card
RCPT-100327,TXN100327,2026-03-31,21:41:00,MiniMart Express - Yaba,TILL-01,Fatima Bello,+2348154507854,SKU1026,Chivita Juice 1L,Beverages,1,1350,0,cash
RCPT-100206,TXN100206,2026-06-16,02:34 PM,minimart express-ikeja ,TILL-01,Segun Adeyemi,2347418328019,SKU1026,Chivita Juice 1L,BEVERAGES,1,1320,0,POS
RCPT-100223,TXN100223,21-06-2026,09:39:00,Surulere Branch,TILL-01,Tunde Bakare,07946902041,SKU1003,Golden Morn 500g,GRAINS & STAPLES,2,1570,5,USSD
RCPT-100052,TXN100052,2026-04-29,19:21:00,MiniMart Express - Ikeja,TILL-01,Fatima Bello,2 3 4 8 5 7 7 6 5 5 5 7 2,SKU1014,Dettol Soap 65g,Personal Care,1,370,0,CASH
RCPT-101968,TXN101968,04/23/2026,17:53:00,IKEJA,TILL-02,Segun Adeyemi,07963556044,SKU1025,Tom Tom Sweet (pack),Snacks,3,330,0,ussd
RCPT-101350,TXN101350,2026-03-02,14:44:00,SURULERE,TILL-01,Ibrahim Musa,2347848626441,SKU1026,Chivita Juice 1L,Beverages,1,1270,0,ATM Card
RCPT-102467,TXN102467,2026-07-18,21:04:00,Yaba Branch,TILL-02,Fatima Bello,+2349083228545,SKU1009,Cowbell Milk Powder 360g,Dairy,1,"1,910.00",0,ATM Card
RCPT-101025,TXN101025,2026-07-17,17:50:00,YABA,TILL-03,Blessing Nwosu,,SKU1003,Golden Morn 500g,Grains & Staples,4,"₦1,520.00",0,USSD
RCPT-102522,TXN102522,2026-04-30,12:32:00,Surulere Branch,TILL-01,Chidinma Okafor,07827032177,SKU1015,Close Up Toothpaste 140ml,Personal Care,3,970,0,POS Card
RCPT-101092,TXN101092,13-06-2026,11:14:00,Surulere Branch,TILL-01,Ibrahim Musa,2348893053624,SKU1027,Amstel Malta 33cl,Beverages,4,440,0,Cash
RCPT-100945,TXN100945,2026-03-27,18:40:00,Surulere Branch,TILL-01,Chidinma Okafor,,SKU1023,Ariel Detergent 900g,Household,1,1960,10,transfer
RCPT-100768,TXN100768,16-06-2026,14:50:00,Surulere Branch,TILL-01,Segun Adeyemi,,SKU1004,Dangote sugar 1Kg,Grains & Staples,3,1300,0,POS Card
RCPT-101404,TXN101404,2026-03-03,11:07:00,YABA,TILL-01,Emeka Obi,+2347445500248,SKU1015,Close Up Toothpaste 140ml,Personal Care,1,870,0,Bank Transfer
RCPT-102396,TXN102396,2026-03-31,20:21:00,Ikeja Branch,TILL-02,Tunde Bakare,,SKU1019,Titus Sardine 125g,Canned Foods,1,740,0,Bank Transfer
RCPT-100307,TXN100307,2026-07-13,12:01:00,minimart express-ikeja ,TILL-02,Fatima Bello,,SKU1007,Gala Sausage Roll,Snacks,2,250,0,Card
RCPT-101698,TXN101698,2026-04-13,09:34:00,SURULERE,TILL-01,Fatima Bello,2 3 4 8 9 6 3 7 1 2 1 6 6,SKU1007,Gala Sausage Roll,Snacks,1,,0,cash
RCPT-101985,TXN101985,04/19/2026,15:07:00, Yaba,TILL-03,Segun Adeyemi,,SKU1030,Nasco Cornflakes 500g,Grains & Staples,3,1890,0,USSD
RCPT-100926,TXN100926,2026-05-15,18:25:00,Surulere Branch,TILL-01,Amaka Eze,,SKU1004,Dangote sugar 1Kg,Grains & Staples,3,1180,0,Card
RCPT-101622,TXN101622,2026-05-08,16:16:00, Yaba,TILL-03,Emeka Obi,2347009762186,SKU1003,Golden Morn 500g,Grains & Staples,2,1490,0,transfer
RCPT-102350,TXN102350,2026-07-30,11:07:00,SURULERE,TILL-01,Tunde Bakare,2349098049388,SKU1020,Cerelac Infant Cereal 400g,Baby Products,1,,0,ussd
RCPT-102391,TXN102391,2026-05-04,11:06:00,YABA,TILL-02,Segun Adeyemi,2348485030059,SKU1028,Semovita 2kg,Grains & Staples,3,1930,0,Cash
RCPT-101812,TXN101812,21-07-2026,07:57:00,MiniMart Express - Surulere,TILL-01,Amaka Eze,,SKU1025,Tom Tom Sweet (pack),Snacks,4,310,0,transfer
RCPT-100302,TXN100302,2026-03-22,11:53:00,YABA,TILL-03,Tunde Bakare,7248628368,SKU1025,Tom Tom Sweet (pack),Snacks,1,₦300.00,0,cash
RCPT-101780,TXN101780,08-03-2026,20:44:00,YABA,TILL-01,Emeka Obi,,SKU1008,Milo 400g,Beverages,4,2160,0,POS Card
RCPT-101294,TXN101294,2026-06-07,19:55:00,minimart express-ikeja ,TILL-01,Tunde Bakare,,SKU1030,Nasco Cornflakes 500g,Grains & Staples,1,1930,0,Card
RCPT-102245,TXN102245,2026-05-21,17:11:00,SURULERE,TILL-01,Fatima Bello,07304379254,SKU1002,Peak Milk Evaporated 170g,Dairy,1,630,0,Cash
RCPT-102268,TXN102268,2026-03-23,09:31:00,MiniMart Express - Yaba,TILL-02,Fatima Bello,8072941686,SKU1023,Ariel Detergent 900g,Household,5,1780,0,POS Card
RCPT-101846,TXN101846,03/13/2026,19:42:00,IKEJA,TILL-01,Blessing Nwosu,8 1 1 8 2 9 5 1 7 5,SKU1009,Cowbell Milk Powder 360g,Dairy,1,"₦1,930.00",0,Transfer
RCPT-100432,TXN100432,04/17/2026,20:11:00,YABA,TILL-02,Amaka Eze,,SKU1030,Nasco Cornflakes 500g,Grains & Staples,2,2140,0,Cash
RCPT-101015,TXN101015,2026-05-20,13:45:00,Surulere Branch,TILL-01,Amaka Eze,,SKU1006,Bigi Cola 50cl,Beverages,3,340,0,CASH
RCPT-101322,TXN101322,2026-05-10,18:43:00, Yaba,TILL-02,Emeka Obi,,SKU1021,Bournvita 500g,,5,2400,0,transfer
RCPT-101575,TXN101575,06/05/2026,19:38:00,Yaba Branch,TILL-02,Blessing Nwosu,07806700985,SKU1011,Honeywell Semolina 2kg,Grains & Staples,2,2200,0,pos
RCPT-100837,TXN100837,2026-04-24,11:56:00,Yaba Branch,TILL-01,Segun Adeyemi,+ 2 3 4 7 7 2 5 1 3 9 0 8 0,SKU1004,DANGOTE SUGAR 1KG ,Grains & Staples,3,1300,0,Cash
RCPT-100843,TXN100843,2026-03-03,14:35:00,MiniMart Express - Yaba,TILL-01,Segun Adeyemi,8911929242,SKU1026,Chivita Juice 1L,Beverages,1,1240,10,Bank Transfer
RCPT-102394,TXN102394,03/02/2026,09:18:00,SURULERE,TILL-01,Fatima Bello,8313629904,SKU1014,Dettol Soap 65g,Personal Care,2,390,0,Cash
RCPT-100646,TXN100646,2026-06-03,12:51:00,Surulere Branch,TILL-01,Blessing Nwosu,+2348486586260,SKU1001,indomie noodles 70g,Grains & Staples,1,160,0,POS Card
RCPT-100319,TXN100319,2026-04-01,15:53:00,minimart express-ikeja ,TILL-02,Segun Adeyemi,+2348199569459,SKU1026,Chivita Juice 1L,Beverages,2,"1,430.00",0,Card
RCPT-102408,TXN102408,2026-07-22,09:21:00, Yaba,TILL-01,Ibrahim Musa,,SKU1006,Bigi Cola 50cl,Beverages,1,₦360.00,0,POS
RCPT-100241,TXN100241,2026-07-26,18:37:00,Surulere Branch,TILL-01,Segun Adeyemi,09068942448,SKU1027,Amstel Malta 33cl,Beverages,2,₦420.00,0,Bank Transfer
RCPT-102524,TXN102524,19/06/2026,16:52:00,SURULERE,TILL-01,Chidinma Okafor,0 7 5 7 6 8 0 2 8 7 7,SKU1027,Amstel Malta 33cl,Beverages,2,370,0,Bank Transfer
RCPT-100548,TXN100548,11/04/2026,20:53:00,MiniMart Express - Surulere,TILL-01,Amaka Eze,,SKU1012,Kings Vegetable Oil 1L,Grains & Staples,1,2730,0,Cash
RCPT-100445,TXN100445,2026-06-08,15:11:00,minimart express-ikeja ,TILL-02,Tunde Bakare,,SKU1028,Semovita 2kg,Grains & Staples,4,1980,0,transfer
RCPT-101295,TXN101295,2026-03-04,08:39:00,Surulere Branch,TILL-01,Emeka Obi,2348394546586,SKU1013,Omo Detergent 900g,Household,-2,"1,570.00",10,CASH
RCPT-101424,TXN101424,2026-05-20,14:15:00, Yaba,TILL-03,Blessing Nwosu,,SKU1002,Peak Milk Evap 170g,Dairy,4,690,0,transfer
RCPT-100937,TXN100937,27-04-2026,13:40:00,IKEJA,TILL-02,Tunde Bakare,,SKU1022,Knorr Chicken Cubes (pack),,4,340,0,Cash
RCPT-101631,TXN101631,2026-07-22,21:37:00,MiniMart Express - Surulere,TILL-01,Ibrahim Musa,,SKU1003,Golden Morn 500g,Grains & Staples,1,1410,0,POS Card
RCPT-100214,TXN100214,2026-04-23,19:48:00, Yaba,TILL-01,Segun Adeyemi,,SKU1023,Ariel Detergent 900g,Household,2,"1,970.00",15,Transfer
RCPT-100913,TXN100913,2026-07-22,15:20:00,Yaba Branch,TILL-02,Segun Adeyemi,+2348894142286,SKU1011,Honeywell Semolina 2kg,Grains & Staples,1,2570,0,Cash
RCPT-100560,TXN100560,2026-07-30,15:58:00,MiniMart Express - Yaba,TILL-01,Segun Adeyemi,8738025845,SKU1026,Chivita Juice 1L,Beverages,4,1270,0,transfer
RCPT-101281,TXN101281,21/03/2026,13:07:00,MiniMart Express - Ikeja,TILL-02,,,SKU1018,Maltina 33cl,Beverages,1,500,0,transfer
RCPT-100804,TXN100804,08-06-2026,07:50:00,SURULERE,TILL-01,Ibrahim Musa,,SKU1014,Dettol Soap 65g,Personal Care,1,380.00,0,Cash
RCPT-100022,TXN100022,2026-03-12,12:30:00, Yaba,TILL-01,Fatima Bello,9077395997,SKU1016,Eva Water 75cl,Beverages,1,220,0,transfer
RCPT-100173,TXN100173,2026-07-06,15:11:00,IKEJA,TILL-02,Segun Adeyemi,,SKU1009,Cowbell Milk Powder 360g,Dairy,1,2000,0,POS Card
RCPT-100024,TXN100024,2026-04-12,11:52:00,MiniMart Express - Yaba,TILL-03,Blessing Nwosu,2349065951651,SKU1025,Tom Tom Sweet (pack),Snacks,5,300,15,POS Card
RCPT-100242,TXN100242,2026-03-25,19:17:00,MiniMart Express - Surulere,TILL-01,Segun Adeyemi,2347491279750,SKU1023,Ariel Detergent 900g,Household,1,1750,0,transfer
RCPT-102064,TXN102064,2026-04-18,21:38:00,YABA,TILL-03,Tunde Bakare,,SKU1030,Nasco Cornflakes 500g,Grains & Staples,2,1760,0,Cash
RCPT-100232,TXN100232,2026-06-19,09:45:00,SURULERE,TILL-01,Chidinma Okafor,+2347814194359,SKU1019,Titus Sardine 125g,Canned Foods,1,660,0,Card
RCPT-102495,TXN102495,2026-04-03,01:17 PM, Yaba,TILL-03,Tunde Bakare,,SKU1004,Dangote Sugar 1kg,Grains & Staples,-1,1080,0,transfer
RCPT-102112,TXN102112,2026-07-10,16:18:00,Surulere Branch,TILL-01,Segun Adeyemi,+2348007109811,SKU1019,Titus Sardine 125g,Canned Foods,2,₦710.00,0,Bank Transfer
RCPT-102037,TXN102037,2026-04-28,17:23:00,Yaba Branch,TILL-02,Ibrahim Musa,,SKU1023,Ariel Detergent 900g,Household,5,2010,0,POS Card
RCPT-100194,TXN100194,2026-05-17,09:42:00,MiniMart Express - Yaba,TILL-02,Segun Adeyemi,,SKU1011,Honeywell Semolina 2kg,Grains & Staples,1,"₦2,410.00",0,POS
RCPT-102197,TXN102197,2026-04-28,07:46:00,minimart express-ikeja ,TILL-02,Segun Adeyemi,,SKU1023,Ariel Detergent 900g,Household,1,1950,0,cash
RCPT-101805,TXN101805,2026-03-24,14:13:00,Yaba Branch,TILL-02,Segun Adeyemi,,SKU1008,Milo 400g,Beverages,5,2020,0,cash
RCPT-101846,TXN101846,03/13/2026,19:42:00,MiniMart Express - Ikeja,TILL-01,Blessing Nwosu,8 1 1 8 2 9 5 1 7 5,SKU1027,Amstel Malta 33cl,Beverages,2,450,0,Transfer
RCPT-100052,TXN100052,2026-04-29,19:21:00,Ikeja Branch,TILL-01,Fatima Bello,2 3 4 8 5 7 7 6 5 5 5 7 2,SKU1016,Eva Water 75cl,Beverages,1,180.00,0,CASH
RCPT-100116,TXN100116,05/24/2026,19:59:00,Ikeja Branch,TILL-01,Ibrahim Musa,08211596568,SKU1015,Close Up Toothpaste 140ml,Personal Care,2,990,0,Card
RCPT-101233,TXN101233,30-07-2026,14:25:00,Ikeja Branch,TILL-02,Tunde Bakare,07297307615,SKU1017,La Casera 50cl,,1,360,0,Card
RCPT-102168,TXN102168,2026-07-05,07:20:00,minimart express-ikeja ,TILL-02,Blessing Nwosu,,SKU1011,Honeywell Semolina 2kg,Grains & Staples,1,2550,0,Bank Transfer
RCPT-102576,TXN102576,2026-03-21,14:15:00, Yaba,TILL-02,Emeka Obi,,SKU1014,Dettol Soap 65g,Personal Care,1,350.00,0,cash
RCPT-102081,TXN102081,24/07/2026,11:23:00,MiniMart Express - Yaba,TILL-02,Segun Adeyemi,,SKU1015,Close Up Toothpaste 140ml,Personal Care,3,860,0,POS Card
RCPT-100725,TXN100725,2026-04-17,07:45 PM,MiniMart Express - Ikeja,TILL-02,Ibrahim Musa,8218102034,SKU1022,Knorr Chicken Cubes (pack),,3,270,0,Cash
RCPT-102577,TXN102577,2026-05-05,07:21:00,minimart express-ikeja ,TILL-02,Ibrahim Musa,,SKU1025,Tom Tom Sweet (pack),Snacks,1,290,0,POS Card
RCPT-100392,TXN100392,04/11/2026,11:48:00,minimart express-ikeja ,TILL-01,Segun Adeyemi,7464171650,SKU1020,Cerelac Infant Cereal 400g,Baby Products,1,3460,0,Cash
RCPT-101516,TXN101516,2026-05-26,16:54:00,IKEJA,TILL-01,Fatima Bello,,SKU1012,Kings Vegetable Oil 1L,Grains & Staples,1,2850,0,Cash
RCPT-102221,TXN102221,2026-04-20,10:58:00, Yaba,TILL-01,Fatima Bello,0 9 0 3 6 1 3 4 4 9 6,SKU1017,La Casera 50cl,Beverages,3,330,0,POS Card
RCPT-101787,TXN101787,2026-07-16,13:15:00,MiniMart Express - Surulere,TILL-01,Emeka Obi,7 6 9 7 5 4 8 5 8 3,SKU1012,Kings Vegetable Oil 1L,Grains & Staples,4,2880,0,POS Card
RCPT-102198,TXN102198,2026-05-08,19:37:00,YABA,TILL-02,Fatima Bello,07756903606,SKU1030,Nasco Cornflakes 500g,Grains & Staples,3,"₦1,980.00",0,ATM Card
RCPT-102421,TXN102421,2026-05-03,20:08:00,IKEJA,TILL-01,Chidinma Okafor,7238468728,SKU1003,Golden Morn 500g,Grains & Staples,5,1490,0,POS Card
RCPT-100787,TXN100787,19-04-2026,11:49:00,minimart express-ikeja ,TILL-02,Fatima Bello,,SKU1013,Omo Detergent 900g,Household,2,1560,0,cash
RCPT-102060,TXN102060,2026-06-06,19:25:00,MiniMart Express - Surulere,TILL-01,Ibrahim Musa,,SKU1017,La Casera 50cl,Beverages,4,350,0,POS
RCPT-101181,TXN101181,2026-07-22,19:32:00,SURULERE,TILL-01,Chidinma Okafor,,SKU1020,Cerelac Infant Cereal 400g,Baby Products,4,3540,0,Bank Transfer
RCPT-101616,TXN101616,2026-03-08,19:37:00,IKEJA,TILL-01,Segun Adeyemi,+2348695528846,SKU1021,Bournvita 500g,Beverages,5,2220,0,Bank Transfer
RCPT-101378,TXN101378,2026-07-16,18:25:00,IKEJA,TILL-02,Amaka Eze,,SKU1015,Close Up Toothpaste 140ml,Personal Care,2,₦930.00,0,pos
RCPT-100724,TXN100724,2026-04-24,21:58:00,MiniMart Express - Surulere,TILL-01,Blessing Nwosu,,SKU1009,Cowbell Milk Powder 360g,Dairy,1,1980,0,POS Card
RCPT-100470,TXN100470,06/09/2026,20:37:00,MiniMart Express - Ikeja,TILL-02,Ibrahim Musa,,SKU1012,Kings Vegetable Oil 1L,Grains & Staples,3,,0,Cash
RCPT-101003,TXN101003,03/03/2026,17:44:00,Ikeja Branch,TILL-02,Segun Adeyemi,2347476328392,SKU1007,Gala Sausage Roll,Snacks,2,260,0,transfer
RCPT-100082,TXN100082,07/11/2026,15:44:00,Surulere Branch,TILL-01,Segun Adeyemi,8105170429,SKU1018,Maltina 33cl,Beverages,2,410,0,Bank Transfer
RCPT-100781,TXN100781,2026-06-04,08:20 PM,MiniMart Express - Ikeja,TILL-02,Tunde Bakare,,SKU1015,Close Up Toothpaste 140ml,Personal Care,2,950.00,0,pos
RCPT-100547,TXN100547,2026-06-29,14:47:00,Ikeja Branch,TILL-02,Emeka Obi,2347293027871,SKU1021,Bournvita 500g,Beverages,358,"2,190.00",0,Cash
RCPT-100555,TXN100555,2026-05-23,15:50:00,MiniMart Express - Surulere,TILL-01,Chidinma Okafor,2349065648789,SKU1014,Dettol Soap 65g,Personal Care,4,330,0,ATM Card
RCPT-100486,TXN100486,2026-04-15,10:22:00, Yaba,TILL-03,Fatima Bello,,SKU1005,COCA COLA 50CL,Beverages,2,₦380.00,0,ussd
RCPT-101620,TXN101620,2026-07-21,20:52:00,MiniMart Express - Yaba,TILL-03,Tunde Bakare,,SKU1025,Tom Tom Sweet (pack),Snacks,5,,0,transfer
RCPT-101308,TXN101308,2026-05-03,18:53:00,SURULERE,TILL-01,Segun Adeyemi,,SKU1017,La Casera 50cl,Beverages,3,330,15,Cash
RCPT-102507,TXN102507,2026-05-05,10:12 AM,SURULERE,TILL-01,Blessing Nwosu,9017891331,SKU1026,Chivita Juice 1L,Beverages,1,1350,5,cash
RCPT-102164,TXN102164,07/11/2026,12:21:00,IKEJA,TILL-01,Segun Adeyemi,+2347466893329,SKU1011,Honeywell Semolina 2kg,Grains & Staples,4,2520,0,Cash
RCPT-100016,TXN100016,11-07-2026,20:05:00,Surulere Branch,TILL-01,Chidinma Okafor,,SKU1008,Milo 400g,Beverages,2,2250,0,POS Card
RCPT-101037,TXN101037,2026-05-09,17:08:00, Yaba,TILL-03,Blessing Nwosu,,SKU1003,Golden Morn 500g,Grains & Staples,1,1480,0,cash
RCPT-102092,TXN102092,2026-06-25,19:11:00, Yaba,TILL-02,Ibrahim Musa,2 3 4 8 8 1 6 3 4 5 9 1 0,SKU1006,Bigi Cola 50cl,Beverages,1,330.00,0,ATM Card
RCPT-102343,TXN102343,25-06-2026,09:35:00,YABA,TILL-02,Segun Adeyemi,,SKU1016,Eva Water 75cl,Beverages,1,190,0,USSD
RCPT-102515,TXN102515,2026-04-01,18:57:00,MiniMart Express - Ikeja,TILL-02,Blessing Nwosu,,SKU1020,Cerelac Infant Cereal 400g,Baby Products,1,3390,0,Card
RCPT-102156,TXN102156,2026-04-17,19:13:00,IKEJA,TILL-01,Chidinma Okafor,2348812152060,SKU1002,Peak Milk Evaporated 170g,Dairy,5,690,0,POS Card
RCPT-100230,TXN100230,2026-03-02,16:23:00,SURULERE,TILL-01,Amaka Eze,2348167364849,SKU1004,Dangote sugar 1Kg,Grains & Staples,1,1130,0,pos
RCPT-100110,TXN100110,2026-06-29,07:13:00,Ikeja Branch,TILL-02,Emeka Obi,2347544419219,SKU1013,Omo Detergent 900g,Household,2,1680,0,Card
RCPT-101511,TXN101511,2026-03-06,18:25:00,YABA,TILL-01,Tunde Bakare,2348163892638,SKU1024,"Pampers Diapers (pack, medium)",Baby Products,2,"4,960.00",0,CASH
RCPT-101206,TXN101206,2026-03-22,08:08:00,MiniMart Express - Yaba,TILL-01,Chidinma Okafor,,SKU1015,Close Up Toothpaste 140ml,Personal Care,1,810,0,Cash
RCPT-100705,TXN100705,2026-04-16,18:26:00,IKEJA,TILL-02,Blessing Nwosu,+2348273622008,SKU1001,Indomie Noodle 70g,Grains & Staples,4,140,0,Card
RCPT-101578,TXN101578,14-03-2026,08:31:00,MiniMart Express - Surulere,TILL-01,Fatima Bello,,SKU1007,Gala Sausage Roll,Snacks,1,₦240.00,0,Bank Transfer
RCPT-100157,TXN100157,2026-06-10,19:05:00,Yaba Branch,TILL-02,Segun Adeyemi,,SKU1001,Indomie Noodle 70g,Grains & Staples,2,150,0,Cash
RCPT-100106,TXN100106,23/04/2026,17:59:00,SURULERE,TILL-01,Chidinma Okafor,+2347208852729,SKU1012,Kings Vegetable Oil 1L,Grains & Staples,2,"₦2,620.00",0,Bank Transfer
RCPT-101409,TXN101409,2026-07-01,15:31:00,Surulere Branch,TILL-01,Tunde Bakare,,SKU1027,Amstel Malta 33cl,Beverages,1,,5,ussd
RCPT-101645,TXN101645,2026-04-03,20:05:00,SURULERE,TILL-01,Chidinma Okafor,,SKU1005,Coca Cola 50cl,Beverages,1,400.00,0,pos
RCPT-100849,TXN100849,2026-06-21,18:31:00,SURULERE,TILL-01,Tunde Bakare,7597524104,SKU1015,Close Up Toothpaste 140ml,Personal Care,1,830,0,Card
RCPT-102591,TXN102591,26-05-2026,19:00:00,IKEJA,TILL-01,Fatima Bello,,SKU1019,Titus Sardine 125g,Canned Foods,2,780,0,ATM Card
RCPT-101661,TXN101661,2026-03-04,13:07:00,Surulere Branch,TILL-01,Ibrahim Musa,,SKU1011,Honeywell Semolina 2kg,Grains & Staples,2,"₦2,500.00",0,POS Card
RCPT-101846,TXN101846,13/03/2026,19:42:00,Ikeja Branch,TILL-01,Blessing Nwosu,8 1 1 8 2 9 5 1 7 5,SKU1002,peak milk evaporated170g,Dairy,2,750,0,Transfer
RCPT-101819,TXN101819,20/05/2026,11:25:00,Ikeja Branch,TILL-02,Ibrahim Musa,,SKU1003,Golden Morn 500g,Grains & Staples,1,1400,0,Cash
RCPT-101083,TXN101083,2026-03-31,11:52:00,MiniMart Express - Yaba,TILL-02,Emeka Obi,2348152866642,SKU1007,Gala Sausage Roll,Snacks,3,₦240.00,0,Cash
RCPT-101182,TXN101182,04/15/2026,19:19:00,MiniMart Express - Yaba,TILL-01,Ibrahim Musa,,SKU1002,peak milk evaporated170g,Dairy,2,₦710.00,0,Cash
RCPT-102120,TXN102120,2026-03-13,20:51:00,MiniMart Express - Ikeja,TILL-01,Ibrahim Musa,,SKU1014,Dettol Soap 65g,Personal Care,2,₦390.00,0,POS Card
RCPT-101228,TXN101228,2026-03-20,18:16:00,YABA,TILL-02,Ibrahim Musa,,SKU1006,Bigi Cola 50cl,Beverages,1,400,0,Card
RCPT-101861,TXN101861,20-07-2026,14:51:00,IKEJA,TILL-02,Blessing Nwosu,,SKU1018,Maltina 33cl,Beverages,1,520,0,Transfer
RCPT-102502,TXN102502,15/03/2026,10:48:00,IKEJA,TILL-02,Blessing Nwosu,8458464188,SKU1001, Indomie Noodles 70g ,Grains & Staples,2,170,0,ussd
RCPT-102343,TXN102343,2026-06-25,09:35:00, Yaba,TILL-02,Segun Adeyemi,,SKU1019,Titus Sardine 125g,Canned Foods,2,790,10,USSD
RCPT-100349,TXN100349,2026-07-11,04:31 PM,IKEJA,TILL-01,Segun Adeyemi,2347099927838,SKU1022,Knorr Chicken Cubes (pack),Grains & Staples,1,330,0,Cash
RCPT-100985,TXN100985,2026-07-15,14:18:00, Yaba,TILL-01,Blessing Nwosu,,SKU1007,Gala Sausage Roll,Snacks,4,290,0,cash
RCPT-101829,TXN101829,2026-07-02,19:49:00,MiniMart Express - Ikeja,TILL-02,Tunde Bakare,7458353073,SKU1025,Tom Tom Sweet (pack),Snacks,1,290.00,0,USSD
RCPT-102495,TXN102495,03-04-2026,13:17:00, Yaba,TILL-03,Tunde Bakare,,SKU1011,Honeywell Semolina 2kg,,1,2240,0,transfer
RCPT-101709,TXN101709,2026-03-29,18:46:00,Surulere Branch,TILL-01,Segun Adeyemi,2348644556394,SKU1015,Close Up Toothpaste 140ml,Personal Care,2,900,0,pos
RCPT-102430,TXN102430,2026-04-15,07:02:00,MiniMart Express - Surulere,TILL-01,Segun Adeyemi,,SKU1022,Knorr Chicken Cubes (pack),Grains & Staples,-5,₦330.00,0,USSD
RCPT-102285,TXN102285,2026-06-01,07:13:00,YABA,TILL-02,Ibrahim Musa,,SKU1025,Tom Tom Sweet (pack),Snacks,1,290,0,USSD
RCPT-100692,TXN100692,06/18/2026,12:43:00,Surulere Branch,TILL-01,Tunde Bakare,,SKU1027,Amstel Malta 33cl,Beverages,1,370,0,Cash
RCPT-102514,TXN102514,2026-05-16,19:49:00,YABA,TILL-01,Blessing Nwosu,,SKU1019,Titus Sardine 125g,Canned Foods,1,650,0,Transfer
RCPT-101213,TXN101213,2026-07-26,19:22:00,MiniMart Express - Ikeja,TILL-02,Chidinma Okafor,,SKU1015,Close Up Toothpaste 140ml,Personal Care,1,820,0,cash
RCPT-101843,TXN101843,06/30/2026,21:29:00,minimart express-ikeja ,TILL-01,Ibrahim Musa,2348643510869,SKU1006,Bigi Cola 50cl,Beverages,1,₦340.00,0,Card
RCPT-102328,TXN102328,2026-03-17,18:24:00,MiniMart Express - Yaba,TILL-01,Amaka Eze,7704960797,SKU1012,Kings Vegetable Oil 1L,Grains & Staples,3,"₦2,500.00",0,USSD
RCPT-100460,TXN100460,2026-06-12,18:15:00, Yaba,TILL-03,Blessing Nwosu,,SKU1008,Milo 400g,Beverages,5,"2,340.00",0,Transfer
RCPT-100793,TXN100793,2026-06-07,13:00:00,YABA,TILL-03,Fatima Bello,2348074548029,SKU1011,Honeywell Semolina 2kg,Grains & Staples,3,2610,0,POS Card
RCPT-100937,TXN100937,2026-04-27,13:40:00,minimart express-ikeja ,TILL-02,Tunde Bakare,,SKU1003,Golden Morn 500g,Grains & Staples,1,1330,0,Cash
RCPT-100766,TXN100766,21-03-2026,20:57:00,YABA,TILL-02,Amaka Eze,,SKU1001, Indomie Noodles 70g ,Grains & Staples,3,140,0,pos
RCPT-100367,TXN100367,2026-07-22,20:09:00, Yaba,TILL-01,Fatima Bello,,SKU1022,Knorr Chicken Cubes (pack),Grains & Staples,3,280,0,Bank Transfer
RCPT-102507,TXN102507,2026-05-05,10:12:00,Surulere Branch,TILL-01,Blessing Nwosu,9017891331,SKU1016,Eva Water 75cl,Beverages,1,,0,cash
RCPT-102009,TXN102009,2026-07-12,10:09:00,SURULERE,TILL-01,Fatima Bello,,SKU1010,MAMA GOLD RICE 5KG,,1,7180,0,Bank Transfer
RCPT-101397,TXN101397,2026-07-03,16:01:00,YABA,TILL-03,Blessing Nwosu,,SKU1019,Titus Sardine 125g,Canned Foods,1,₦750.00,0,transfer
RCPT-101115,TXN101115,26-06-2026,13:31:00,minimart express-ikeja ,TILL-02,Segun Adeyemi,,SKU1008,Milo 400g,Beverages,1,2310,0,POS
RCPT-102285,TXN102285,01-06-2026,07:13:00,YABA,TILL-02,Ibrahim Musa,,SKU1008,Milo 400g,Beverages,1,2280,0,USSD
RCPT-101148,TXN101148,2026-03-08,06:58 PM,Yaba Branch,TILL-01,,2347604146276,SKU1009,Cowbell Milk Powder 360g,Dairy,2,"₦1,930.00",0,Card
RCPT-101896,TXN101896,28-03-2026,11:46:00,SURULERE,TILL-01,Chidinma Okafor,,SKU1008,Milo 400g,Beverages,2,"2,050.00",0,POS Card
RCPT-100906,TXN100906,2026-07-24,13:49:00,SURULERE,TILL-01,Tunde Bakare,,SKU1016,Eva Water 75cl,Beverages,1,210,0,Cash
RCPT-101709,TXN101709,29/03/2026,18:46:00,Surulere Branch,TILL-01,Segun Adeyemi,2348644556394,SKU1022,Knorr Chicken Cubes (pack),Grains & Staples,3,₦290.00,0,pos
RCPT-101779,TXN101779,19/03/2026,13:50:00,Surulere Branch,TILL-01,Blessing Nwosu,,SKU1003,Golden Morn 500g,Grains & Staples,2,1660,5,Transfer
RCPT-102367,TXN102367,2026-07-09,08:41:00,Yaba Branch,TILL-02,Amaka Eze,2347851821866,SKU1015,Close Up Toothpaste 140ml,Personal Care,3,870,0,transfer
RCPT-102362,TXN102362,2026-04-20,12:38:00,minimart express-ikeja ,TILL-02,Emeka Obi,2347761582073,SKU1025,Tom Tom Sweet (pack),Snacks,4,330,15,transfer
RCPT-100212,TXN100212,2026-06-12,07:34:00,MiniMart Express - Yaba,TILL-02,Amaka Eze,+ 2 3 4 7 1 0 6 6 6 0 4 6 2,SKU1024,"Pampers Diapers (pack, medium)",Baby Products,1,4390,0,Cash
RCPT-102075,TXN102075,2026-04-10,17:02:00,IKEJA,TILL-02,Fatima Bello,,SKU1015,Close Up Toothpaste 140ml,Personal Care,2,,0,transfer
RCPT-102586,TXN102586,07/30/2026,18:38:00,MiniMart Express - Surulere,TILL-01,Segun Adeyemi,,SKU1026,Chivita Juice 1L,,4,"₦1,300.00",5,Cash
RCPT-101556,TXN101556,17-03-2026,11:56:00,IKEJA,TILL-02,Segun Adeyemi,08617579527,SKU1010,MAMA GOLD RICE 5KG,Grains & Staples,2,6930,0,Cash
RCPT-100625,TXN100625,2026-07-31,10:12:00,YABA,TILL-03,Blessing Nwosu,+2347098451620,SKU1019,Titus Sardine 125g,Canned Foods,3,650,0,Transfer
RCPT-101410,TXN101410,2026-06-30,17:25:00, Yaba,TILL-01,Ibrahim Musa,07814322491,SKU1004,Dangote Sugar 1kg,Grains & Staples,1,"₦1,090.00",0,POS
RCPT-102409,TXN102409,2026-07-10,18:44:00, Yaba,TILL-03,Emeka Obi,2348681417642,SKU1019,Titus Sardine 125g,Canned Foods,2,₦730.00,0,Cash
RCPT-102386,TXN102386,2026-06-29,01:27 PM,MiniMart Express - Yaba,TILL-01,Ibrahim Musa,8822452236,SKU1007,Gala Sausage Roll,Snacks,3,,0,POS Card
RCPT-100203,TXN100203,2026-07-23,21:30:00,Yaba Branch,TILL-01,Chidinma Okafor,,SKU1012,Kings Vegetable Oil 1L,Grains & Staples,2,"₦2,920.00",0,POS Card
RCPT-101585,TXN101585,03/03/2026,13:17:00,SURULERE,TILL-01,Blessing Nwosu,8907404907,SKU1024,"Pampers Diapers (pack, medium)",BABY PRODUCTS,3,"4,100.00",0,USSD
RCPT-102387,TXN102387,07/24/2026,16:09:00, Yaba,TILL-02,Blessing Nwosu,7829942225,SKU1005,Coke 50cl,Beverages,2,450,0,ussd
RCPT-101573,TXN101573,2026-07-09,21:33:00,Ikeja Branch,TILL-02,Tunde Bakare,,SKU1029,Dano Milk Powder 400g,Dairy,1,"₦3,310.00",0,Bank Transfer
RCPT-101801,TXN101801,2026-05-04,10:16:00,MiniMart Express - Surulere,TILL-01,Chidinma Okafor,2348033118783,SKU1019,Titus Sardine 125g,Canned Foods,3,750,0,Cash
RCPT-101009,TXN101009,2026-05-15,12:04:00, Yaba,TILL-02,Fatima Bello,+2348915830537,SKU1002,Peak Milk Evaporated 170g,Dairy,2,720,0,cash
RCPT-100574,TXN100574,23-04-2026,07:18:00,Surulere Branch,TILL-01,Tunde Bakare,08287188670,SKU1012,Kings Vegetable Oil 1L,Grains & Staples,1,2950,0,USSD
RCPT-100777,TXN100777,2026-05-21,10:32:00,YABA,TILL-02,Ibrahim Musa,,SKU1018,Maltina 33cl,Beverages,1,490,0,Card
RCPT-101212,TXN101212,2026-05-08,19:09:00,Surulere Branch,TILL-01,Emeka Obi,8921875987,SKU1008,Milo 400g,Beverages,5,2160,0,transfer
RCPT-102176,TXN102176,2026-07-15,19:53:00,Yaba Branch,TILL-02,Amaka Eze,2348632820307,SKU1010,Mama Gold Rice5kg,Grains & Staples,2,5900,0,Cash
RCPT-100143,TXN100143,2026-04-06,13:44:00,SURULERE,TILL-01,Tunde Bakare,+2347263830705,SKU1028,Semovita 2kg,Grains & Staples,5,,0,Cash
RCPT-102376,TXN102376,2026-07-21,12:43 PM,Surulere Branch,TILL-01,Chidinma Okafor,,SKU1020,Cerelac Infant Cereal 400g,,1,3280,5,Transfer
RCPT-101806,TXN101806,2026-05-20,20:17:00,YABA,TILL-02,Amaka Eze,,SKU1004,Dangote Sugar 1kg,Grains & Staples,1,1140,0,USSD
RCPT-101442,TXN101442,2026-03-20,10:32:00,MiniMart Express - Surulere,TILL-01,Fatima Bello,,SKU1020,Cerelac Infant Cereal 400g,Baby Products,1,"3,470.00",0,Transfer
RCPT-101104,TXN101104,2026-03-24,11:30:00,MiniMart Express - Yaba,TILL-01,Emeka Obi,,SKU1029,Dano Milk Powder 400g,,2,3240,0,POS Card
RCPT-100514,TXN100514,16/07/2026,21:07:00,minimart express-ikeja ,TILL-01,Fatima Bello,,SKU1020,Cerelac Infant Cereal 400g,Baby Products,1,2980,0,Bank Transfer
RCPT-102218,TXN102218,2026-05-01,10:35:00,SURULERE,TILL-01,Ibrahim Musa,,SKU1021,Bournvita 500g,Beverages,1,2340,0,Cash
RCPT-100183,TXN100183,2026-07-04,12:37 PM,MiniMart Express - Surulere,TILL-01,Fatima Bello,,SKU1006,Bigi Cola 50cl,Beverages,4,330,0,Transfer
RCPT-101737,TXN101737,2026-04-27,09:13:00,Yaba Branch,TILL-03,Emeka Obi,,SKU1027,Amstel Malta 33cl,Beverages,5,370,0,Transfer
RCPT-101743,TXN101743,2026-04-29,11:23:00,SURULERE,TILL-01,Emeka Obi,2348337450128,SKU1024,"Pampers Diapers (pack, medium)",Baby Products,2,4950,5,POS
RCPT-100552,TXN100552,2026-03-07,08:41:00,Ikeja Branch,TILL-02,Segun Adeyemi,,SKU1030,Nasco Cornflakes 500g,Grains & Staples,1,1820,0,Bank Transfer
RCPT-102057,TXN102057,15/06/2026,09:31:00,Ikeja Branch,TILL-02,Tunde Bakare,2347332316031,SKU1028,Semovita 2kg,Grains & Staples,1,"₦1,990.00",0,POS Card
RCPT-101172,TXN101172,2026-06-05,13:43:00,Surulere Branch,TILL-01,Amaka Eze,07307459816,SKU1017,La Casera 50cl,,2,380,0,ussd
RCPT-101160,TXN101160,16-07-2026,10:39:00,Ikeja Branch,TILL-02,Segun Adeyemi,,SKU1014,Dettol Soap 65g,Personal Care,1,₦350.00,0,Bank Transfer
RCPT-100813,TXN100813,05/21/2026,14:18:00,Surulere Branch,TILL-01,Tunde Bakare,2 3 4 8 2 6 1 6 2 2 0 5 2,SKU1007,Gala Sausage Roll,Snacks,1,270,0,POS Card
RCPT-101962,TXN101962,09/05/2026,18:01:00,Ikeja Branch,TILL-02,Emeka Obi,,SKU1018,Maltina 33cl,Beverages,2,510,0,ussd
RCPT-102294,TXN102294,2026-07-01,11:34:00,Surulere Branch,TILL-01,Emeka Obi,2347048760684,SKU1010,Mama Gold Rice 5kg,Grains & Staples,3,5880,0,POS Card
RCPT-100805,TXN100805,30/03/2026,16:44:00,YABA,TILL-02,Tunde Bakare,+2347035074092,SKU1019,Titus Sardine 125g,Canned Foods,1,740,0,POS Card
RCPT-100750,TXN100750,2026-06-13,14:33:00,MiniMart Express - Ikeja,TILL-02,Fatima Bello,,SKU1014,Dettol Soap 65g,Personal Care,1,360,0,USSD
RCPT-102191,TXN102191,2026-06-05,14:48:00,Ikeja Branch,TILL-01,Emeka Obi,,SKU1029,Dano Milk Powder 400g,Dairy,1,2940,0,Cash
RCPT-101806,TXN101806,2026-05-20,20:17:00, Yaba,TILL-02,Amaka Eze,,SKU1021,Bournvita 500g,Beverages,2,"2,510.00",0,USSD
RCPT-101039,TXN101039,2026-06-18,17:41:00,MiniMart Express - Ikeja,TILL-01,Amaka Eze,2 3 4 7 9 3 5 4 2 1 4 2 8,SKU1016,Eva Water 75cl,Beverages,1,190,0,Bank Transfer
RCPT-102576,TXN102576,03/21/2026,14:15:00,YABA,TILL-02,Emeka Obi,,SKU1024,"Pampers Diapers (pack, medium)",Baby Products,2,4800,0,cash
RCPT-100706,TXN100706,2026-04-27,15:59:00,MiniMart Express - Ikeja,TILL-02,Emeka Obi,,SKU1022,Knorr Chicken Cubes (pack),Grains & Staples,2,330,0,POS Card
RCPT-100228,TXN100228,2026-05-30,16:04:00,Yaba Branch,TILL-02,Tunde Bakare,08679122764,SKU1027,Amstel Malta 33cl,Beverages,4,₦390.00,0,POS Card
RCPT-100260,TXN100260,2026-03-25,20:28:00, Yaba,TILL-03,Blessing Nwosu,,SKU1004,Dangote sugar 1Kg,Grains & Staples,3,1210,0,Bank Transfer
RCPT-100526,TXN100526,2026-06-09,13:20:00, Yaba,TILL-02,Blessing Nwosu,7864496008,SKU1011,Honeywell Semolina 2kg,Grains & Staples,2,2200,0,ATM Card
RCPT-101282,TXN101282,2026-07-25,08:15:00,SURULERE,TILL-01,,2348408970099,SKU1028,Semovita 2kg,Grains & Staples,1,2180,0,transfer
RCPT-101434,TXN101434,2026-04-28,16:55:00,Surulere Branch,TILL-01,Segun Adeyemi,2347623800518,SKU1019,Titus Sardine 125g,Canned Foods,1,750,0,ATM Card
RCPT-100328,TXN100328,2026-07-07,16:59:00,Yaba Branch,TILL-01,Tunde Bakare,2347008165644,SKU1006,Bigi Cola 50cl,Beverages,3,₦340.00,0,Bank Transfer
RCPT-100072,TXN100072,31-03-2026,21:28:00,SURULERE,TILL-01,Amaka Eze,,SKU1026,Chivita Juice 1L,Beverages,5,1470,10,ussd
RCPT-102434,TXN102434,2026-05-15,03:18 PM,SURULERE,TILL-01,Blessing Nwosu,+2348807897678,SKU1017,La Casera 50cl,Beverages,1,320,0,Bank Transfer
RCPT-102175,TXN102175,04/05/2026,08:27:00,minimart express-ikeja ,TILL-01,Emeka Obi,2347121814676,SKU1013,Omo Detergent 900g,Household,4,1560,0,POS Card
RCPT-102373,TXN102373,2026-05-17,15:50:00,YABA,TILL-03,Segun Adeyemi,+2348526139778,SKU1004,Dangote sugar 1Kg,Grains & Staples,2,1220,0,POS Card
RCPT-102054,TXN102054,2026-04-20,09:57:00,IKEJA,TILL-01,Ibrahim Musa,,SKU1025,Tom Tom Sweet (pack),Snacks,1,310,0,Bank Transfer
RCPT-101572,TXN101572,05/02/2026,18:21:00,Surulere Branch,TILL-01,Ibrahim Musa,,SKU1026,Chivita Juice 1L,Beverages,1,1180,0,POS Card
RCPT-102053,TXN102053,2026-06-23,21:29:00,MiniMart Express - Ikeja,TILL-01,Emeka Obi,7546199760,SKU1005,Coca-Cola 50cl,Beverages,1,380,0,CASH
RCPT-101130,,2026-07-23,18:05:00,minimart express-ikeja ,TILL-01,Fatima Bello,,SKU1003,Golden Morn 500g,Grains & Staples,2,1350,0,Transfer
RCPT-102499,TXN102499,07/20/2026,09:49:00,Yaba Branch,TILL-03,Emeka Obi,7965155017,SKU1028,Semovita 2kg,,1,2300,0,POS Card
RCPT-102029,TXN102029,2026-07-07,19:18:00,SURULERE,TILL-01,Blessing Nwosu,,SKU1010,Mama Gold Rice 5kg,Grains & Staples,1,"7,320.00",10,POS Card
RCPT-101456,TXN101456,2026-06-17,20:05:00,SURULERE,TILL-01,Chidinma Okafor,,SKU1022,Knorr Chicken Cubes (pack),Grains & Staples,4,310,0,Cash
RCPT-100011,TXN100011,2026-04-15,19:44:00,minimart express-ikeja ,TILL-02,Ibrahim Musa,,SKU1028,Semovita 2kg,Grains & Staples,1,2210,0,Cash
RCPT-100028,TXN100028,2026-05-20,13:42:00,YABA,TILL-02,Tunde Bakare,,SKU1027,Amstel Malta 33cl,Beverages,1,₦430.00,0,USSD
RCPT-100239,TXN100239,2026-05-08,17:48:00,Surulere Branch,TILL-01,Chidinma Okafor,2348259385512,SKU1017,La Casera 50cl,Beverages,1,₦350.00,0,cash
RCPT-101983,TXN101983,2026-03-13,09:07:00, Yaba,TILL-03,Chidinma Okafor,,SKU1008,Milo 400g,Beverages,5,2000,0,POS Card
RCPT-102200,TXN102200,13-04-2026,15:29:00,MiniMart Express - Ikeja,TILL-01,Tunde Bakare,,SKU1025,Tom Tom Sweet (pack),Snacks,1,310,0,Cash
RCPT-102593,TXN102593,2026-06-14,10:05:00,MiniMart Express - Surulere,TILL-01,Chidinma Okafor,,SKU1021,Bournvita 500g,Beverages,2,2350,0,ATM Card
RCPT-100733,TXN100733,2026-07-21,10:20:00,Ikeja Branch,TILL-01,Emeka Obi,8353224737,SKU1006,Bigi Cola 50cl,Beverages,1,320,0,cash
RCPT-102578,TXN102578,2026-06-28,12:40:00,MiniMart Express - Surulere,TILL-01,Chidinma Okafor,,SKU1016,Eva Water 75cl,,2,190,0,Cash
RCPT-101588,TXN101588,18-03-2026,14:46:00,MiniMart Express - Ikeja,TILL-02,Fatima Bello,07603515171,SKU1012,Kings Vegetable Oil 1L,Grains & Staples,2,"2,540.00",0,Cash
RCPT-102123,TXN102123,2026-03-05,19:30:00,MiniMart Express - Surulere,TILL-01,Chidinma Okafor,,SKU1014,Dettol Soap 65g,Personal Care,5,400,0,POS Card
RCPT-101630,TXN101630,2026-03-08,19:24:00,minimart express-ikeja ,TILL-02,Amaka Eze,,SKU1021,Bournvita 500g,BEVERAGES,2,2300,0,transfer
RCPT-100858,TXN100858,30-03-2026,13:00:00,YABA,TILL-03,Ibrahim Musa,,SKU1027,Amstel Malta 33cl,Beverages,1,,0,Cash
RCPT-100146,TXN100146,2026-06-02,12:47:00,Ikeja Branch,TILL-01,Amaka Eze,8 9 5 6 7 2 5 3 3 4,SKU1002,Peak Milk Evap 170g,Dairy,1,680,0,POS Card
RCPT-101122,,2026-07-15,18:34:00,Surulere Branch,TILL-01,,,SKU1015,Close Up Toothpaste 140ml,PERSONAL CARE,2,880,0,Cash
RCPT-101030,TXN101030,2026-03-16,07:04:00,MiniMart Express - Surulere,TILL-01,Tunde Bakare,,SKU1013,Omo Detergent 900g,HOUSEHOLD,2,"₦1,500.00",0,Cash
RCPT-101297,TXN101297,2026-05-19,12:51 PM,MiniMart Express - Surulere,TILL-01,Ibrahim Musa,,SKU1014,Dettol Soap 65g,Personal Care,1,₦360.00,0,ussd
RCPT-100391,TXN100391,2026-06-16,19:02:00,Surulere Branch,TILL-01,Chidinma Okafor,,SKU1030,Nasco Cornflakes 500g,Grains & Staples,2,1750,0,Cash
RCPT-101793,TXN101793,2026-03-05,08:10:00,Ikeja Branch,TILL-01,Tunde Bakare,+ 2 3 4 7 1 2 4 1 0 4 4 9 0,SKU1008,Milo 400g,,-118,2400,0,POS
RCPT-102117,TXN102117,06-05-2026,10:19:00,IKEJA,TILL-01,Tunde Bakare,,SKU1014,Dettol Soap 65g,Personal Care,2,360,0,Bank Transfer
RCPT-101960,TXN101960,2026-05-31,10:59:00,minimart express-ikeja ,TILL-01,Tunde Bakare,2347021362563,SKU1005,Coca-Cola 50cl,Beverages,4,,10,POS Card
RCPT-100499,TXN100499,2026-06-05,16:37:00,MiniMart Express - Ikeja,TILL-02,Emeka Obi,7663773909,SKU1018,Maltina 33cl,Beverages,5,430,0,cash
RCPT-102000,TXN102000,2026-06-15,12:47:00,MiniMart Express - Surulere,TILL-01,Blessing Nwosu,,SKU1006,Bigi Cola 50cl,Beverages,1,320,0,POS Card
RCPT-101760,TXN101760,22-07-2026,14:04:00,YABA,TILL-02,Emeka Obi,2349099002247,SKU1027,Amstel Malta 33cl,Beverages,4,430,0,Transfer
RCPT-102517,TXN102517,03/10/2026,10:52:00,Ikeja Branch,TILL-01,Emeka Obi,,SKU1018,Maltina 33cl,Beverages,1,420,0,Cash
RCPT-100451,TXN100451,06/19/2026,14:45:00,Surulere Branch,TILL-01,Fatima Bello,,SKU1029,Dano Milk Powder 400g,Dairy,2,,0,Cash
RCPT-101605,TXN101605,2026-03-28,20:11:00,minimart express-ikeja ,TILL-02,Blessing Nwosu,07041412187,SKU1022,Knorr Chicken Cubes (pack),Grains & Staples,3,280,0,POS Card
RCPT-100175,TXN100175,2026-04-09,21:21:00,SURULERE,TILL-01,Amaka Eze,9047557976,SKU1016,Eva Water 75cl,Beverages,2,200.00,0,POS Card
RCPT-100490,TXN100490,15-07-2026,15:09:00,Surulere Branch,TILL-01,Emeka Obi,,SKU1013,Omo Detergent 900g,Household,2,1520,0,Cash
RCPT-101873,TXN101873,16-07-2026,16:14:00,Ikeja Branch,TILL-02,Emeka Obi,,SKU1028,Semovita 2kg,Grains & Staples,1,2190,0,Cash
RCPT-102546,TXN102546,2026-05-02,21:41:00,IKEJA,TILL-02,Blessing Nwosu,,SKU1010,Mama Gold Rice5kg,Grains & Staples,1,"₦6,680.00",0,POS
RCPT-101359,TXN101359,2026-07-25,17:27:00,minimart express-ikeja ,TILL-01,Amaka Eze,,SKU1012,Kings Vegetable Oil 1L,,3,2720,0,ussd
RCPT-102171,TXN102171,12/04/2026,19:57:00,YABA,TILL-02,Ibrahim Musa,+2347251839207,SKU1002,peak milk evaporated170g,Dairy,1,660.00,0,Bank Transfer
RCPT-100231,TXN100231,2026-03-11,21:34:00,MiniMart Express - Ikeja,TILL-01,Chidinma Okafor,,SKU1027,Amstel Malta 33cl,Beverages,1,440,0,Cash
RCPT-101058,TXN101058,03-07-2026,09:48:00,Ikeja Branch,TILL-01,Ibrahim Musa,,SKU1020,Cerelac Infant Cereal 400g,Baby Products,1,3220,0,ussd
RCPT-100028,TXN100028,2026-05-20,13:42:00,MiniMart Express - Yaba,TILL-02,Tunde Bakare,,SKU1016,Eva Water 75cl,Beverages,1,210,0,USSD
RCPT-102338,TXN102338,2026-03-02,15:57:00,MiniMart Express - Ikeja,TILL-02,Emeka Obi,,SKU1019,Titus Sardine 125g,Canned Foods,2,,0,USSD
RCPT-102245,TXN102245,2026-05-21,17:11:00,MiniMart Express - Surulere,TILL-01,Fatima Bello,07304379254,SKU1021,Bournvita 500g,Beverages,1,2720,0,Cash
RCPT-101928,TXN101928,24-06-2026,11:07:00,minimart express-ikeja ,TILL-01,Tunde Bakare,08919471151,SKU1004,Dangote Sugar 1kg,,1,1380,0,POS Card
RCPT-100523,TXN100523,04-04-2026,19:17:00,MiniMart Express - Ikeja,TILL-01,Amaka Eze,,SKU1019,Titus Sardine 125g,CANNED FOODS,1,800,0,ussd
RCPT-100521,TXN100521,2026-07-05,17:27:00,MiniMart Express - Yaba,TILL-01,Emeka Obi,,SKU1026,Chivita Juice 1L,Beverages,1,"₦1,240.00",0,Cash
RCPT-101140,TXN101140,2026-06-12,08:49:00,MiniMart Express - Surulere,TILL-01,Segun Adeyemi,,SKU1003,Golden Morn 500g,Grains & Staples,1,"₦1,470.00",0,Cash
RCPT-100793,TXN100793,2026-06-07,13:00:00,Yaba Branch,TILL-03,Fatima Bello,2348074548029,SKU1030,Nasco Cornflakes 500g,Grains & Staples,1,1820,0,POS Card
RCPT-101023,TXN101023,2026-06-23,18:36:00,IKEJA,TILL-01,Fatima Bello,,SKU1009,Cowbell Milk Powder 360g,Dairy,2,2050,0,Cash
RCPT-101407,TXN101407,2026-03-03,13:16:00,minimart express-ikeja ,TILL-02,Tunde Bakare,,SKU1012,Kings Vegetable Oil 1L,Grains & Staples,1,2630,0,transfer
RCPT-101505,TXN101505,04/08/2026,12:02:00,MiniMart Express - Yaba,TILL-01,Chidinma Okafor,,SKU1023,Ariel Detergent 900g,Household,1,"1,640.00",0,Cash
RCPT-101428,TXN101428,2026-04-05,20:21:00,MiniMart Express - Ikeja,TILL-02,Amaka Eze,+2348146111076,SKU1021,Bournvita 500g,BEVERAGES,5,,0,cash
RCPT-101304,TXN101304,2026-03-30,21:33:00,MiniMart Express - Ikeja,TILL-02,Amaka Eze,2349029058734,SKU1003,Golden Morn 500g,Grains & Staples,1,"₦1,650.00",0,CASH
RCPT-100693,TXN100693,2026-07-28,17:40:00,MiniMart Express - Surulere,TILL-01,Chidinma Okafor,,SKU1010,MAMA GOLD RICE 5KG,Grains & Staples,3,"₦6,660.00",15,Bank Transfer
RCPT-101526,TXN101526,2026-03-17,16:51:00,SURULERE,TILL-01,Amaka Eze,,SKU1025,Tom Tom Sweet (pack),Snacks,1,280,0,ATM Card
RCPT-102319,TXN102319,2026-07-30,08:13:00, Yaba,TILL-03,Emeka Obi,,SKU1016,Eva Water 75cl,Beverages,2,₦200.00,0,POS Card
RCPT-102058,TXN102058,2026-04-11,13:34:00,Surulere Branch,TILL-01,Fatima Bello,,SKU1008,Milo 400g,Beverages,1,1910,0,transfer
RCPT-101596,TXN101596,2026-06-30,11:47:00,YABA,TILL-01,Emeka Obi,,SKU1020,Cerelac Infant Cereal 400g,Baby Products,1,"₦3,090.00",0,transfer
RCPT-101175,TXN101175,2026-05-07,10:22:00,Yaba Branch,TILL-01,Chidinma Okafor,2 3 4 7 1 9 9 7 3 6 5 1 0,SKU1005,COCA COLA 50CL,Beverages,1,430,0,Transfer
RCPT-100562,TXN100562,2026-03-12,08:15:00,Ikeja Branch,TILL-02,Tunde Bakare,8703217318,SKU1004,Dangote Sugar 1kg,,1,1150,0,Cash
RCPT-102480,TXN102480,2026-05-28,21:36:00,Surulere Branch,TILL-01,Emeka Obi,7073920792,SKU1003,Golden Morn 500g,,1,"1,370.00",0,ATM Card
RCPT-102334,TXN102334,2026-03-15,18:23:00,MiniMart Express - Yaba,TILL-01,Ibrahim Musa,,SKU1002,peak milk evaporated170g,Dairy,1,680.00,0,ATM Card
RCPT-101071,TXN101071,2026-03-24,20:36:00,minimart express-ikeja ,TILL-01,Tunde Bakare,,SKU1014,Dettol Soap 65g,Personal Care,1,400,0,pos
RCPT-100365,TXN100365,2026-03-23,13:53:00,SURULERE,TILL-01,Tunde Bakare,,SKU1026,Chivita Juice 1L,Beverages,2,1410,0,ATM Card
RCPT-101880,TXN101880,2026-03-14,11:43:00,MiniMart Express - Yaba,TILL-01,Ibrahim Musa,2349012832228,SKU1016,Eva Water 75cl,Beverages,1,190,0,POS Card
RCPT-100339,TXN100339,25-06-2026,08:47:00,Ikeja Branch,TILL-02,Amaka Eze,,SKU1029,Dano Milk Powder 400g,Dairy,5,3180,0,USSD
RCPT-102264,TXN102264,2026-07-17,21:04:00,MiniMart Express - Surulere,TILL-01,Segun Adeyemi,,SKU1015,Close Up Toothpaste 140ml,Personal Care,1,₦990.00,0,USSD
RCPT-100336,TXN100336,2026-04-17,10:01:00,MiniMart Express - Surulere,TILL-01,Chidinma Okafor,2347072790897,SKU1020,Cerelac Infant Cereal 400g,Baby Products,2,3090,0,Cash
RCPT-102322,TXN102322,2026-05-24,16:53:00,MiniMart Express - Ikeja,TILL-01,Segun Adeyemi,,SKU1010,Mama Gold Rice5kg,Grains & Staples,2,6850,0,cash
RCPT-102122,TXN102122,2026-05-11,18:56:00,MiniMart Express - Yaba,TILL-03,Emeka Obi,7425180854,SKU1016,Eva Water 75cl,Beverages,1,190,0,POS Card
RCPT-101037,TXN101037,2026-05-09,17:08:00,Yaba Branch,TILL-03,Blessing Nwosu,,SKU1029,Dano Milk Powder 400g,Dairy,4,"₦3,180.00",0,cash
RCPT-101651,TXN101651,2026-06-14,11:34:00,minimart express-ikeja ,TILL-02,Ibrahim Musa,+2347597294737,SKU1029,Dano Milk Powder 400g,Dairy,1,,0,POS Card
RCPT-101873,TXN101873,2026-07-16,16:14:00,Ikeja Branch,TILL-02,Emeka Obi,,SKU1013,Omo Detergent 900g,Household,4,1830,0,Cash
RCPT-101571,TXN101571,09-06-2026,08:18:00,IKEJA,TILL-01,Blessing Nwosu,+2347187595100,SKU1026,Chivita Juice 1L,Beverages,2,1420,5,POS Card
RCPT-100877,TXN100877,2026-07-02,11:23:00,minimart express-ikeja ,TILL-02,Ibrahim Musa,2348162099000,SKU1011,Honeywell Semolina 2kg,Grains & Staples,5,2280,0,Cash
RCPT-102592,TXN102592,2026-05-28,19:31:00,MiniMart Express - Ikeja,TILL-02,Segun Adeyemi,08537063550,SKU1022,Knorr Chicken Cubes (pack),Grains & Staples,1,320,0,cash
RCPT-101371,TXN101371,2026-07-25,14:38:00,MiniMart Express - Ikeja,TILL-02,Tunde Bakare,7229145548,SKU1024,"Pampers Diapers (pack, medium)",Baby Products,2,4800,0,ATM Card
RCPT-101762,TXN101762,17/07/2026,15:13:00,MiniMart Express - Surulere,TILL-01,Fatima Bello,,SKU1009,Cowbell Milk Powder 360g,Dairy,2,2020,0,ussd
RCPT-100106,TXN100106,23/04/2026,17:59:00,MiniMart Express - Surulere,TILL-01,Chidinma Okafor,+2347208852729,SKU1027,Amstel Malta 33cl,Beverages,1,380,0,Bank Transfer
RCPT-102174,TXN102174,2026-07-29,09:20:00,IKEJA,TILL-01,Fatima Bello,+2347355525443,SKU1029,Dano Milk Powder 400g,,2,3110,0,ATM Card
RCPT-100552,TXN100552,03/07/2026,08:41:00,minimart express-ikeja ,TILL-02,Segun Adeyemi,,SKU1015,Close Up Toothpaste 140ml,Personal Care,1,930,0,Bank Transfer
RCPT-100778,TXN100778,2026-07-27,13:50:00,YABA,TILL-02,Segun Adeyemi,,SKU1025,Tom Tom Sweet (pack),Snacks,2,310,0,Cash
RCPT-102417,TXN102417,2026-03-02,13:41:00,Yaba Branch,TILL-02,Amaka Eze,+2347201061467,SKU1025,Tom Tom Sweet (pack),Snacks,3,280,0,Card
RCPT-100535,TXN100535,03/03/2026,15:43:00,MiniMart Express - Yaba,TILL-01,Segun Adeyemi,,SKU1006,Bigi Cola 50cl,Beverages,1,340,0,Bank Transfer
RCPT-100605,TXN100605,2026-05-19,20:33:00,minimart express-ikeja ,TILL-02,Segun Adeyemi,7825153724,SKU1016,Eva Water 75cl,Beverages,2,200,0,ussd
RCPT-100646,TXN100646,2026-06-03,12:51:00,Surulere Branch,TILL-01,Blessing Nwosu,+2348486586260,SKU1016,Eva Water 75cl,Beverages,1,200,0,POS Card
RCPT-100929,TXN100929,07/08/2026,20:11:00,Surulere Branch,TILL-01,Segun Adeyemi,+ 2 3 4 7 1 9 1 6 3 5 8 3 5,SKU1007,Gala Sausage Roll,Snacks,1,230,5,Transfer
RCPT-100314,TXN100314,2026-07-17,13:57:00,Ikeja Branch,TILL-01,Amaka Eze,,SKU1021,Bournvita 500g,Beverages,1,2580,0,ussd
RCPT-100133,TXN100133,2026-06-18,18:44:00,MiniMart Express - Surulere,TILL-01,Blessing Nwosu,+2348384475340,SKU1022,Knorr Chicken Cubes (pack),Grains & Staples,2,340,0,POS Card
RCPT-100495,TXN100495,2026-04-01,15:31:00,Surulere Branch,TILL-01,Amaka Eze,,SKU1008,Milo 400g,Beverages,1,1900,0,Bank Transfer
RCPT-102566,TXN102566,2026-04-08,19:23:00,Ikeja Branch,TILL-02,Tunde Bakare,+2347385932602,SKU1011,Honeywell Semolina 2kg,Grains & Staples,4,2560,0,Cash
RCPT-101772,TXN101772,2026-07-28,15:27:00,Yaba Branch,TILL-03,Emeka Obi,,SKU1001,Indomie Noodle 70g,Grains & Staples,2,150,0,POS Card
RCPT-102509,TXN102509,2026-04-14,18:53:00,Surulere Branch,TILL-01,Blessing Nwosu,+2348501381572,SKU1004,DANGOTE SUGAR 1KG ,Grains & Staples,2,"₦1,220.00",0,Transfer
RCPT-102132,TXN102132,2026-03-14,15:14:00,SURULERE,TILL-01,Emeka Obi,,SKU1005,COCA COLA 50CL,Beverages,1,410,0,Cash
RCPT-101849,TXN101849,2026-03-18,17:41:00,MiniMart Express - Ikeja,TILL-02,Fatima Bello,,SKU1019,Titus Sardine 125g,Canned Foods,3,₦780.00,0,USSD
RCPT-101730,TXN101730,2026-07-03,11:06:00,minimart express-ikeja ,TILL-01,Fatima Bello,,SKU1025,Tom Tom Sweet (pack),Snacks,2,310,0,Cash
RCPT-102311,TXN102311,2026-04-08,13:41:00,Surulere Branch,TILL-01,Segun Adeyemi,2347777993162,SKU1004,DANGOTE SUGAR 1KG ,Grains & Staples,5,"1,380.00",0,cash
RCPT-102598,TXN102598,2026-04-06,19:19:00,MiniMart Express - Surulere,TILL-01,Tunde Bakare,,SKU1001,INDOMIE NOODLES 70G,Grains & Staples,2,160,0,Card
RCPT-102518,TXN102518,2026-07-07,12:04 PM,SURULERE,TILL-01,Blessing Nwosu,08771197155,SKU1019,Titus Sardine 125g,Canned Foods,1,740,0,cash
RCPT-101025,TXN101025,2026-07-17,17:50:00,YABA,TILL-03,Blessing Nwosu,,SKU1029,Dano Milk Powder 400g,Dairy,1,3060,0,USSD
RCPT-101504,TXN101504,2026-06-10,11:26:00,SURULERE,TILL-01,Amaka Eze,,SKU1005,Coke 50cl,Beverages,4,420,0,Cash
RCPT-100492,TXN100492,2026-03-21,14:04:00,IKEJA,TILL-01,Ibrahim Musa,,SKU1008,Milo 400g,Beverages,1,"2,230.00",0,Bank Transfer
RCPT-100277,TXN100277,16-04-2026,15:22:00,MiniMart Express - Ikeja,TILL-01,Emeka Obi,,SKU1012,Kings Vegetable Oil 1L,Grains & Staples,2,2630,0,Bank Transfer
RCPT-102197,TXN102197,2026-04-28,07:46:00,IKEJA,TILL-02,Segun Adeyemi,,SKU1029,Dano Milk Powder 400g,Dairy,3,3260,0,cash
RCPT-101816,TXN101816,2026-04-14,18:56:00,MiniMart Express - Surulere,TILL-01,Chidinma Okafor,,SKU1004,Dangote sugar 1Kg,Grains & Staples,1,"1,300.00",0,Cash
RCPT-100401,TXN100401,2026-06-03,18:37:00,YABA,TILL-01,Ibrahim Musa,7684046619,SKU1022,Knorr Chicken Cubes (pack),Grains & Staples,5,₦300.00,0,transfer
RCPT-102008,TXN102008,2026-07-22,11:31:00,YABA,TILL-01,Segun Adeyemi,7449124447,SKU1002,Peak Milk Evaporated 170g,Dairy,1,640,0,Cash
RCPT-102432,TXN102432,2026-03-18,08:08:00,Yaba Branch,TILL-01,Emeka Obi,,SKU1006,Bigi Cola 50cl,Beverages,3,,0,pos
RCPT-102179,TXN102179,2026-06-11,17:09:00,Yaba Branch,TILL-01,Segun Adeyemi,,SKU1006,Bigi Cola 50cl,Beverages,1,340,0,transfer
RCPT-101242,TXN101242,03/02/2026,14:54:00,MiniMart Express - Ikeja,TILL-02,Blessing Nwosu,,SKU1018,Maltina 33cl,Beverages,3,,0,Bank Transfer
RCPT-101109,TXN101109,2026-06-06,19:39:00,Yaba Branch,TILL-02,Ibrahim Musa,7252031775,SKU1005,Coca Cola 50cl,Beverages,3,420,0,USSD
RCPT-101998,TXN101998,2026-06-12,12:11:00,Surulere Branch,TILL-01,Blessing Nwosu,,SKU1006,Bigi Cola 50cl,Beverages,4,₦400.00,0,CASH
RCPT-100827,TXN100827,2026-04-09,14:13:00,MiniMart Express - Surulere,TILL-01,Blessing Nwosu,07669144052,SKU1030,Nasco Cornflakes 500g,Grains & Staples,2,2040,0,POS Card
RCPT-100734,TXN100734,2026-06-24,17:26:00,IKEJA,TILL-02,Segun Adeyemi,,SKU1019,Titus Sardine 125g,Canned Foods,1,720,0,Card
RCPT-101886,TXN101886,2026-05-28,09:27:00,MiniMart Express - Surulere,TILL-01,Ibrahim Musa,7057225598,SKU1012,Kings Vegetable Oil 1L,Grains & Staples,2,"₦2,810.00",0,POS Card
RCPT-102086,TXN102086,26-03-2026,16:17:00,MiniMart Express - Yaba,TILL-02,Emeka Obi,7389928042,SKU1022,Knorr Chicken Cubes (pack),Grains & Staples,1,330,0,pos
RCPT-101474,TXN101474,2026-06-04,14:56:00,Yaba Branch,TILL-01,Segun Adeyemi,+2349073628387,SKU1023,Ariel Detergent 900g,Household,3,1670,0,Transfer
RCPT-101480,TXN101480,2026-03-13,14:39:00,Ikeja Branch,TILL-01,Tunde Bakare,2349024897763,SKU1019,Titus Sardine 125g,Canned Foods,2,780,0,POS Card
RCPT-101797,TXN101797,14/05/2026,07:15:00,MiniMart Express - Yaba,TILL-01,Amaka Eze,,SKU1008,Milo 400g,Beverages,2,2050,0,Cash
RCPT-101991,TXN101991,2026-07-05,19:41:00,SURULERE,TILL-01,Chidinma Okafor,,SKU1001, Indomie Noodles 70g ,Grains & Staples,2,140,0,Bank Transfer
RCPT-102071,TXN102071,07/07/2026,07:32:00,Ikeja Branch,TILL-02,Tunde Bakare,,SKU1016,Eva Water 75cl,Beverages,3,180,0,Bank Transfer
RCPT-102479,TXN102479,2026-06-27,19:31:00,Yaba Branch,TILL-01,Amaka Eze,,SKU1020,Cerelac Infant Cereal 400g,Baby Products,1,3550,0,POS Card
RCPT-100860,TXN100860,2026-06-02,08:24:00,Surulere Branch,TILL-01,Tunde Bakare,,SKU1012,Kings Vegetable Oil 1L,Grains & Staples,3,2380,0,cash
RCPT-101886,TXN101886,2026-05-28,09:27:00,MiniMart Express - Surulere,TILL-01,Ibrahim Musa,7057225598,SKU1017,La Casera 50cl,Beverages,2,400,15,POS Card
RCPT-100944,TXN100944,2026-06-12,16:57:00,SURULERE,TILL-01,Ibrahim Musa,,SKU1029,Dano Milk Powder 400g,Dairy,1,3220,0,Bank Transfer
RCPT-100044,TXN100044,2026-03-04,18:50:00,MiniMart Express - Surulere,TILL-01,,,SKU1020,Cerelac Infant Cereal 400g,Baby Products,4,"3,030.00",0,Bank Transfer
RCPT-102251,TXN102251,2026-03-25,21:24:00,Yaba Branch,TILL-02,Tunde Bakare,08201930306,SKU1017,La Casera 50cl,Beverages,2,400.00,10,POS Card
RCPT-102407,TXN102407,2026-07-03,18:38:00,minimart express-ikeja ,TILL-02,Segun Adeyemi,,SKU1029,Dano Milk Powder 400g,Dairy,1,3300,0,Cash
RCPT-100270,TXN100270,2026-04-06,14:10:00,Ikeja Branch,TILL-02,Amaka Eze,9065067855,SKU1008,Milo 400g,Beverages,1,2320,0,ATM Card
RCPT-102163,TXN102163,24-05-2026,02:00 PM,Surulere Branch,TILL-01,Segun Adeyemi,2348718480943,SKU1017,La Casera 50cl,Beverages,2,350,0,USSD
RCPT-102378,TXN102378,2026-03-30,14:02:00,MiniMart Express - Surulere,TILL-01,Chidinma Okafor,,SKU1009,Cowbell Milk Powder 360g,Dairy,3,2030,0,Bank Transfer
RCPT-100101,TXN100101,06/10/2026,11:45:00,Ikeja Branch,TILL-02,Fatima Bello,07997347794,SKU1025,Tom Tom Sweet (pack),Snacks,3,330,0,POS Card
RCPT-100865,TXN100865,2026-05-19,07:31 PM,MiniMart Express - Surulere,TILL-01,Amaka Eze,08543211698,SKU1026,Chivita Juice 1L,Beverages,2,,10,USSD
RCPT-101267,TXN101267,06-07-2026,21:34:00,Ikeja Branch,TILL-02,Blessing Nwosu,08642107057,SKU1014,Dettol Soap 65g,Personal Care,1,330,0,Cash
RCPT-100403,TXN100403,2026-06-27,14:36:00,MiniMart Express - Ikeja,TILL-01,Emeka Obi,,SKU1007,Gala Sausage Roll,Snacks,1,250.00,0,Bank Transfer
RCPT-102063,TXN102063,2026-05-06,09:37:00,SURULERE,TILL-01,Segun Adeyemi,,SKU1004,Dangote sugar 1Kg,Grains & Staples,3,1190,0,Cash
RCPT-100183,TXN100183,2026-07-04,12:37:00,Surulere Branch,TILL-01,Fatima Bello,,SKU1025,Tom Tom Sweet (pack),Snacks,1,280,5,Transfer
RCPT-102234,TXN102234,2026-05-29,12:42:00,IKEJA,TILL-02,Emeka Obi,7969074923,SKU1019,Titus Sardine 125g,Canned Foods,2,780,0,Cash
RCPT-100405,TXN100405,2026-03-23,21:31:00,MiniMart Express - Surulere,TILL-01,Amaka Eze,2348618293757,SKU1007,Gala Sausage Roll,Snacks,1,230.00,0,cash
RCPT-101128,TXN101128,2026-06-25,08:05:00,MiniMart Express - Yaba,TILL-02,Segun Adeyemi,07203812733,SKU1017,La Casera 50cl,Beverages,1,370,0,cash
RCPT-101699,TXN101699,2026-07-17,07:17:00,minimart express-ikeja ,TILL-01,Ibrahim Musa,,SKU1015,Close Up Toothpaste 140ml,Personal Care,1,970,0,USSD
RCPT-100065,TXN100065,2026-07-17,12:53:00, Yaba,TILL-01,Ibrahim Musa,+2347026620658,SKU1007,Gala Sausage Roll,Snacks,2,230.00,0,POS Card
RCPT-100260,TXN100260,2026-03-25,20:28:00, Yaba,TILL-03,Blessing Nwosu,,SKU1025,Tom Tom Sweet (pack),Snacks,2,,0,Bank Transfer
RCPT-101662,TXN101662,2026-06-16,19:27:00,Ikeja Branch,TILL-01,Ibrahim Musa,07028282893,SKU1018,Maltina 33cl,Beverages,1,420,0,Bank Transfer
RCPT-101950,TXN101950,2026-06-04,20:36:00,minimart express-ikeja ,TILL-02,Blessing Nwosu,8608212837,SKU1021,Bournvita 500g,Beverages,2,2190,0,POS Card
RCPT-100397,TXN100397,2026-06-20,20:07:00,MiniMart Express - Ikeja,TILL-02,Amaka Eze,,SKU1026,Chivita Juice 1L,Beverages,1,1270,0,ussd
RCPT-100798,TXN100798,2026-06-09,17:18:00,Surulere Branch,TILL-01,Segun Adeyemi,2348105218148,SKU1009,Cowbell Milk Powder 360g,Dairy,1,1950,0,transfer
RCPT-100737,TXN100737,07/23/2026,08:21:00,MiniMart Express - Surulere,TILL-01,Amaka Eze,,SKU1003,Golden Morn 500g,Grains & Staples,1,1370,5,transfer
RCPT-101301,TXN101301,2026-05-17,18:40:00,Ikeja Branch,TILL-01,Tunde Bakare,,SKU1029,Dano Milk Powder 400g,Dairy,2,3270,5,POS
RCPT-101644,TXN101644,2026-04-26,13:52:00,MiniMart Express - Yaba,TILL-03,Chidinma Okafor,7715022913,SKU1021,Bournvita 500g,Beverages,5,"2,730.00",5,Cash
RCPT-102008,TXN102008,2026-07-22,11:31:00,MiniMart Express - Yaba,TILL-01,Segun Adeyemi,7449124447,SKU1019,Titus Sardine 125g,Canned Foods,3,720,0,Cash
RCPT-101768,TXN101768,05/07/2026,13:57:00,MiniMart Express - Ikeja,TILL-02,Fatima Bello,2348331216265,SKU1030,Nasco Cornflakes 500g,Grains & Staples,5,,0,Cash
RCPT-101972,TXN101972,2026-07-16,03:08 PM,MiniMart Express - Ikeja,TILL-01,Segun Adeyemi,+2348425615859,SKU1019,Titus Sardine 125g,Canned Foods,2,,0,CASH
RCPT-102150,TXN102150,2026-07-13,14:57:00,Surulere Branch,TILL-01,Tunde Bakare,2347673550193,SKU1026,Chivita Juice 1L,Beverages,1,1350,0,transfer
RCPT-101507,TXN101507,2026-05-28,09:51:00,SURULERE,TILL-01,Blessing Nwosu,,SKU1030,Nasco Cornflakes 500g,Grains & Staples,1,2100,0,Transfer
RCPT-101774,TXN101774,2026-03-10,08:17:00, Yaba,TILL-01,Segun Adeyemi,,SKU1024,"Pampers Diapers (pack, medium)",BABY PRODUCTS,1,4870,0,POS Card
RCPT-101538,TXN101538,2026-04-06,17:35:00,SURULERE,TILL-01,Segun Adeyemi,,SKU1022,Knorr Chicken Cubes (pack),Grains & Staples,3,320,0,POS Card
RCPT-102325,TXN102325,07-04-2026,11:16:00,Ikeja Branch,TILL-02,Chidinma Okafor,7942616838,SKU1012,Kings Vegetable Oil 1L,Grains & Staples,3,2460,0,USSD
RCPT-100968,TXN100968,08/03/2026,14:36:00,MiniMart Express - Yaba,TILL-02,Tunde Bakare,,SKU1012,Kings Vegetable Oil 1L,Grains & Staples,1,2920,5,Cash
RCPT-102435,TXN102435,2026-05-24,08:27 PM,YABA,TILL-02,Chidinma Okafor,,SKU1013,Omo Detergent 900g,Household,2,1500,0,POS Card
RCPT-100120,TXN100120,04/22/2026,17:20:00,MiniMart Express - Surulere,TILL-01,Ibrahim Musa,,SKU1014,Dettol Soap 65g,Personal Care,1,350,0,transfer
RCPT-100780,TXN100780,2026-07-12,17:30:00,MiniMart Express - Yaba,TILL-01,Fatima Bello,2348573842237,SKU1029,Dano Milk Powder 400g,Dairy,2,,0,Card
RCPT-102200,TXN102200,2026-04-13,03:29 PM,minimart express-ikeja ,TILL-01,Tunde Bakare,,SKU1015,Close Up Toothpaste 140ml,Personal Care,3,₦860.00,0,Cash
RCPT-101970,TXN101970,2026-03-12,09:43 PM,Ikeja Branch,TILL-02,Segun Adeyemi,,SKU1025,Tom Tom Sweet (pack),Snacks,1,290,0,cash
RCPT-101885,TXN101885,2026-05-30,12:28:00,SURULERE,TILL-01,Segun Adeyemi,7016536636,SKU1028,Semovita 2kg,Grains & Staples,5,2400,0,Card
RCPT-101743,TXN101743,04/29/2026,11:23:00,SURULERE,TILL-01,Emeka Obi,2348337450128,SKU1027,Amstel Malta 33cl,Beverages,2,430,0,POS
RCPT-102099,TXN102099,2026-07-23,15:34:00,IKEJA,TILL-01,Emeka Obi,07192763574,SKU1029,Dano Milk Powder 400g,Dairy,1,2670,0,POS Card
RCPT-100341,TXN100341,08-03-2026,15:54:00,Ikeja Branch,TILL-02,Segun Adeyemi,08037018359,SKU1013,Omo Detergent 900g,Household,1,1480,0,cash
RCPT-100898,TXN100898,20-06-2026,13:54:00,YABA,TILL-02,Emeka Obi,,SKU1005,COCA COLA 50CL,Beverages,2,380,0,USSD
RCPT-101938,TXN101938,2026-04-12,09:38:00,MiniMart Express - Yaba,TILL-01,Fatima Bello,,SKU1004,Dangote sugar 1Kg,Grains & Staples,2,"₦1,290.00",0,Bank Transfer
RCPT-100139,TXN100139,21-05-2026,14:44:00,MiniMart Express - Surulere,TILL-01,Amaka Eze,,SKU1014,Dettol Soap 65g,Personal Care,2,360,0,Cash
RCPT-101253,TXN101253,2026-03-20,19:36:00,Ikeja Branch,TILL-01,Fatima Bello,+2347327343003,SKU1024,"Pampers Diapers (pack, medium)",Baby Products,3,4990,0,POS
RCPT-102163,TXN102163,24-05-2026,14:00:00,SURULERE,TILL-01,Segun Adeyemi,2348718480943,SKU1007,Gala Sausage Roll,Snacks,3,250,0,USSD
RCPT-102011,TXN102011,2026-03-21,13:23:00,SURULERE,TILL-01,Fatima Bello,0 8 5 3 4 7 6 8 1 4 0,SKU1020,Cerelac Infant Cereal 400g,Baby Products,1,3670,0,Cash
RCPT-102116,TXN102116,2026-05-27,19:40:00,MiniMart Express - Surulere,TILL-01,Amaka Eze,8873572380,SKU1026,Chivita Juice 1L,Beverages,2,1400,0,Cash
RCPT-100208,TXN100208,2026-03-07,18:08:00,MiniMart Express - Ikeja,TILL-01,Fatima Bello,08627008279,SKU1018,Maltina 33cl,Beverages,3,440,0,Transfer
RCPT-101569,TXN101569,2026-07-30,15:31:00,Surulere Branch,TILL-01,Fatima Bello,,SKU1027,Amstel Malta 33cl,Beverages,2,370.00,0,CASH
RCPT-100550,TXN100550,2026-07-18,13:03:00,MiniMart Express - Surulere,TILL-01,Chidinma Okafor,,SKU1011,Honeywell Semolina 2kg,Grains & Staples,1,"2,550.00",5,ATM Card
RCPT-100571,TXN100571,2026-05-05,18:32:00,MiniMart Express - Surulere,TILL-01,Fatima Bello,,SKU1024,"Pampers Diapers (pack, medium)",Baby Products,1,4700,0,transfer
RCPT-102420,TXN102420,23-07-2026,08:38:00,MiniMart Express - Surulere,TILL-01,Amaka Eze,08511748966,SKU1023,Ariel Detergent 900g,Household,1,1770,0,Card
RCPT-101243,TXN101243,2026-06-17,18:55:00,Ikeja Branch,TILL-01,Chidinma Okafor,,SKU1025,Tom Tom Sweet (pack),Snacks,1,280,0,POS Card
RCPT-101629,TXN101629,03/21/2026,01:48 PM,MiniMart Express - Surulere,TILL-01,Emeka Obi,8774748438,SKU1013,Omo Detergent 900g,Household,2,1490,0,Cash
RCPT-100477,TXN100477,2026-07-03,17:20:00,Surulere Branch,TILL-01,Emeka Obi,,SKU1016,Eva Water 75cl,Beverages,1,180.00,0,POS Card
RCPT-100814,TXN100814,2026-04-23,17:22:00,Ikeja Branch,TILL-02,Chidinma Okafor,7718878309,SKU1004,DANGOTE SUGAR 1KG ,Grains & Staples,5,"₦1,370.00",0,Bank Transfer
RCPT-101432,TXN101432,2026-04-05,16:28:00,Ikeja Branch,TILL-01,Emeka Obi,,SKU1006,Bigi Cola 50cl,Beverages,2,400,0,Cash
RCPT-101245,TXN101245,06/05/2026,17:40:00,MiniMart Express - Ikeja,TILL-02,Emeka Obi,2347494859689,SKU1029,Dano Milk Powder 400g,Dairy,4,3230,0,Cash
RCPT-101211,TXN101211,24-04-2026,17:12:00,MiniMart Express - Surulere,TILL-01,Amaka Eze,,SKU1014,Dettol Soap 65g,Personal Care,5,320,0,pos
RCPT-101703,TXN101703,22-03-2026,12:29:00, Yaba,TILL-02,Blessing Nwosu,,SKU1001,Indomie Noodles 70g,Grains & Staples,1,160,0,Card
RCPT-102284,TXN102284,2026-05-05,11:42:00,minimart express-ikeja ,TILL-01,Fatima Bello,07662668309,SKU1013,Omo Detergent 900g,Household,1,1800,0,Bank Transfer
RCPT-100880,TXN100880,2026-07-09,07:35:00,Surulere Branch,TILL-01,Tunde Bakare,2 3 4 8 4 4 4 8 9 8 0 5 0,SKU1018,Maltina 33cl,Beverages,2,₦430.00,0,USSD
RCPT-100674,TXN100674,2026-07-28,19:15:00,Surulere Branch,TILL-01,Tunde Bakare,,SKU1006,Bigi Cola 50cl,Beverages,5,360,0,POS
RCPT-101603,TXN101603,2026-06-17,03:31 PM,YABA,TILL-03,Tunde Bakare,,SKU1004,Dangote Sugar 1kg,Grains & Staples,1,"₦1,270.00",0,CASH
RCPT-100196,TXN100196,29/04/2026,18:27:00, Yaba,TILL-01,Emeka Obi,,SKU1006,Bigi Cola 50cl,Beverages,2,340,0,USSD
RCPT-101190,TXN101190,11-06-2026,14:44:00,MiniMart Express - Yaba,TILL-02,Fatima Bello,,SKU1001,INDOMIE NOODLES 70G,Grains & Staples,5,140,0,cash
RCPT-101356,TXN101356,2026-03-25,14:03:00,SURULERE,TILL-01,Blessing Nwosu,,SKU1009,Cowbell Milk Powder 360g,Dairy,4,1980,15,Cash
RCPT-100406,TXN100406,2026-03-13,20:15:00, Yaba,TILL-01,Segun Adeyemi,0 8 6 2 9 0 3 2 7 3 7,SKU1013,Omo Detergent 900g,Household,2,1550,0,ATM Card
RCPT-100704,TXN100704,2026-04-15,14:29:00,MiniMart Express - Yaba,TILL-03,Emeka Obi,,SKU1019,Titus Sardine 125g,Canned Foods,1,730,0,pos
RCPT-100255,TXN100255,2026-05-14,19:53:00, Yaba,TILL-02,Chidinma Okafor,2348961669519,SKU1015,Close Up Toothpaste 140ml,Personal Care,3,960.00,0,USSD
RCPT-101065,TXN101065,07/20/2026,12:18:00,MiniMart Express - Surulere,TILL-01,Fatima Bello,,SKU1001,Indomie Noodles 70g,Grains & Staples,1,₦160.00,0,Cash
RCPT-100755,TXN100755,2026-06-01,11:50:00,SURULERE,TILL-01,Ibrahim Musa,07337008399,SKU1009,Cowbell Milk Powder 360g,Dairy,1,1710,0,Bank Transfer
RCPT-100369,TXN100369,2026-07-15,13:44:00,SURULERE,TILL-01,Blessing Nwosu,,SKU1013,Omo Detergent 900g,Household,1,1740,0,Card
RCPT-101985,TXN101985,2026-04-19,15:07:00,Yaba Branch,TILL-03,Segun Adeyemi,,SKU1003,Golden Morn 500g,Grains & Staples,3,1490,0,USSD
RCPT-102569,TXN102569,2026-04-08,11:59:00,IKEJA,TILL-01,Blessing Nwosu,07238062247,SKU1020,Cerelac Infant Cereal 400g,Baby Products,1,3220,0,POS
RCPT-100583,TXN100583,2026-04-01,09:22:00,MiniMart Express - Yaba,TILL-01,Emeka Obi,,SKU1022,Knorr Chicken Cubes (pack),Grains & Staples,5,300.00,0,POS Card
RCPT-102058,TXN102058,2026-04-11,13:34:00,MiniMart Express - Surulere,TILL-01,Fatima Bello,,SKU1015,Close Up Toothpaste 140ml,Personal Care,4,880,0,transfer
RCPT-100251,TXN100251,2026-03-22,10:33:00,minimart express-ikeja ,TILL-02,Segun Adeyemi,,SKU1022,Knorr Chicken Cubes (pack),Grains & Staples,2,330,0,CASH
RCPT-102599,TXN102599,30/05/2026,19:23:00,MiniMart Express - Ikeja,TILL-02,Emeka Obi,2347392849612,SKU1008,Milo 400g,Beverages,1,2220,0,POS
RCPT-101292,TXN101292,2026-05-18,17:23:00, Yaba,TILL-01,Fatima Bello,,SKU1025,Tom Tom Sweet (pack),Snacks,1,₦290.00,0,pos
RCPT-101863,TXN101863,2026-03-29,17:24:00, Yaba,TILL-01,Fatima Bello,2348695492678,SKU1001,INDOMIE NOODLES 70G,Grains & Staples,1,160.00,0,pos
RCPT-100437,TXN100437,2026-07-12,09:33:00, Yaba,TILL-02,Segun Adeyemi,08511861378,SKU1024,"Pampers Diapers (pack, medium)",Baby Products,2,4660,0,POS Card
RCPT-102530,TXN102530,2026-06-28,18:15:00,SURULERE,TILL-01,Segun Adeyemi,,SKU1026,Chivita Juice 1L,Beverages,1,"1,490.00",0,POS Card
RCPT-101175,TXN101175,07/05/2026,10:22:00,Yaba Branch,TILL-01,,2 3 4 7 1 9 9 7 3 6 5 1 0,SKU1009,Cowbell Milk Powder 360g,Dairy,1,"1,950.00",0,Transfer
RCPT-100339,TXN100339,2026-06-25,08:47:00,Ikeja Branch,TILL-02,Amaka Eze,,SKU1009,Cowbell Milk Powder 360g,Dairy,1,1900,0,USSD
RCPT-101833,TXN101833,2026-05-31,10:19:00,YABA,TILL-03,Amaka Eze,,SKU1030,Nasco Cornflakes 500g,Grains & Staples,1,,0,POS Card
RCPT-102342,TXN102342,07/07/2026,17:58:00,MiniMart Express - Yaba,TILL-01,Chidinma Okafor,,SKU1011,Honeywell Semolina 2kg,Grains & Staples,1,2160,0,Cash
RCPT-101238,TXN101238,2026-05-29,10:46:00,MiniMart Express - Ikeja,TILL-02,Segun Adeyemi,,SKU1021,Bournvita 500g,Beverages,2,2590,0,ATM Card
RCPT-101050,TXN101050,2026-07-26,09:21:00,Ikeja Branch,TILL-02,Fatima Bello,08785525937,SKU1006,Bigi Cola 50cl,Beverages,2,370,0,POS Card
RCPT-101424,TXN101424,2026-05-20,14:15:00, Yaba,TILL-03,Blessing Nwosu,,SKU1004,DANGOTE SUGAR 1KG ,Grains & Staples,4,"1,160.00",0,transfer
RCPT-102094,TXN102094,06/02/2026,14:12:00,YABA,TILL-03,Tunde Bakare,7 6 0 7 0 2 2 1 0 1,SKU1005,Coca-Cola 50cl,Beverages,1,420,0,Transfer
RCPT-101866,TXN101866,2026-07-18,16:51:00,MiniMart Express - Yaba,TILL-03,Emeka Obi,,SKU1028,Semovita 2kg,Grains & Staples,2,2130,0,Cash
RCPT-101680,TXN101680,2026-05-30,17:15:00,YABA,TILL-03,Emeka Obi,,SKU1008,Milo 400g,Beverages,1,1900,0,Cash
RCPT-102376,TXN102376,2026-07-21,12:43:00,SURULERE,TILL-01,Chidinma Okafor,,SKU1023,Ariel Detergent 900g,Household,1,1750,0,Transfer
RCPT-101772,TXN101772,2026-07-28,15:27:00,Yaba Branch,TILL-03,Emeka Obi,,SKU1022,Knorr Chicken Cubes (pack),Grains & Staples,2,320,0,POS Card
RCPT-101541,TXN101541,2026-07-04,09:33:00,IKEJA,TILL-01,Tunde Bakare,2348844071221,SKU1003,Golden Morn 500g,Grains & Staples,1,1550,0,ussd
RCPT-102445,TXN102445,2026-06-02,16:43:00,MiniMart Express - Surulere,TILL-01,Tunde Bakare,,SKU1006,Bigi Cola 50cl,,1,390,0,POS Card
RCPT-102596,TXN102596,2026-07-20,20:43:00,IKEJA,TILL-02,Amaka Eze,07833997818,SKU1018,Maltina 33cl,Beverages,3,440.00,0,Cash
RCPT-101883,TXN101883,2026-03-07,13:56:00,SURULERE,TILL-01,Tunde Bakare,,SKU1022,Knorr Chicken Cubes (pack),Grains & Staples,1,₦330.00,0,pos
RCPT-100738,TXN100738,2026-06-20,16:32:00,MiniMart Express - Ikeja,TILL-02,Blessing Nwosu,,SKU1010,Mama Gold Rice5kg,Grains & Staples,1,6030,0,pos
RCPT-101822,TXN101822,06/11/2026,18:59:00,minimart express-ikeja ,TILL-01,Blessing Nwosu,9033078483,SKU1027,Amstel Malta 33cl,Beverages,2,420,0,Cash
RCPT-100482,,2026-05-23,11:40:00,Ikeja Branch,TILL-01,Ibrahim Musa,2347042895065,SKU1013,Omo Detergent 900g,Household,2,1540,0,POS
RCPT-101047,TXN101047,06/23/2026,17:44:00,minimart express-ikeja ,TILL-02,Blessing Nwosu,,SKU1029,Dano Milk Powder 400g,Dairy,4,2990,0,cash
RCPT-100548,TXN100548,2026-04-11,08:53 PM,SURULERE,TILL-01,Amaka Eze,,SKU1023,Ariel Detergent 900g,Household,1,1590,10,Cash
RCPT-100717,TXN100717,07/08/2026,12:55:00,IKEJA,TILL-02,Tunde Bakare,,SKU1025,Tom Tom Sweet (pack),Snacks,2,340.00,0,ATM Card
RCPT-101129,TXN101129,2026-06-29,09:22:00,Surulere Branch,TILL-01,Blessing Nwosu,,SKU1018,Maltina 33cl,Beverages,1,420,0,POS Card
RCPT-100684,TXN100684,06-04-2026,16:22:00,MiniMart Express - Surulere,TILL-01,Ibrahim Musa,07221016268,SKU1016,Eva Water 75cl,Beverages,1,190,0,Cash
RCPT-101888,TXN101888,2026-05-01,11:37:00,Surulere Branch,TILL-01,Blessing Nwosu,,SKU1010,Mama Gold Rice5kg,Grains & Staples,1,"₦7,400.00",0,Cash
RCPT-100012,,2026-05-01,11:04:00,MiniMart Express - Ikeja,TILL-02,Emeka Obi,2347605558623,SKU1008,Milo 400g,Beverages,1,"2,110.00",0,POS
RCPT-102015,TXN102015,06/13/2026,16:07:00,YABA,TILL-02,Blessing Nwosu,,SKU1027,Amstel Malta 33cl,Beverages,1,₦450.00,15,POS Card
RCPT-100324,TXN100324,2026-05-23,21:24:00,MiniMart Express - Surulere,TILL-01,Segun Adeyemi,8745614818,SKU1013,Omo Detergent 900g,Household,1,,0,Transfer
RCPT-100609,TXN100609,2026-07-25,08:51:00,SURULERE,TILL-01,Amaka Eze,,SKU1010,Mama Gold Rice 5kg,Grains & Staples,1,"₦6,100.00",0,USSD
RCPT-101903,TXN101903,04/25/2026,09:35:00,Yaba Branch,TILL-02,Emeka Obi,0 8 7 2 2 7 9 7 2 1 3,SKU1025,Tom Tom Sweet (pack),Snacks,1,340,0,cash
RCPT-101840,TXN101840,06/26/2026,18:00:00,IKEJA,TILL-02,Segun Adeyemi,,SKU1003,Golden Morn 500g,Grains & Staples,1,1530,0,transfer
RCPT-101290,TXN101290,2026-04-19,13:31:00,minimart express-ikeja ,TILL-01,Ibrahim Musa,08027227279,SKU1018,Maltina 33cl,Beverages,2,420,0,Cash
RCPT-100440,TXN100440,2026-05-27,08:18 PM,MiniMart Express - Yaba,TILL-02,Chidinma Okafor,,SKU1027,Amstel Malta 33cl,Beverages,2,420,0,Cash
RCPT-101762,TXN101762,2026-07-17,15:13:00,SURULERE,TILL-01,Fatima Bello,,SKU1027,Amstel Malta 33cl,Beverages,2,390,0,ussd
RCPT-100013,TXN100013,2026-06-16,15:47:00, Yaba,TILL-02,Fatima Bello,,SKU1008,Milo 400g,Beverages,1,2370,0,Card
RCPT-101354,TXN101354,2026-07-01,18:08:00,MiniMart Express - Yaba,TILL-02,Fatima Bello,7 6 9 7 5 8 2 3 9 5,SKU1001,Indomie Noodle 70g,Grains & Staples,2,140,0,transfer
RCPT-100988,TXN100988,2026-03-23,08:00:00,MiniMart Express - Surulere,TILL-01,Emeka Obi,8827332193,SKU1027,Amstel Malta 33cl,,1,390,0,POS Card
RCPT-100029,TXN100029,06/04/2026,18:01:00,SURULERE,TILL-01,Tunde Bakare,,SKU1011,Honeywell Semolina 2kg,Grains & Staples,3,2370,0,pos
RCPT-101145,TXN101145,02-03-2026,08:06:00,IKEJA,TILL-02,Segun Adeyemi,07222453735,SKU1028,Semovita 2kg,Grains & Staples,1,2190,0,Cash
RCPT-102131,TXN102131,2026-07-03,11:01:00,minimart express-ikeja ,TILL-01,Fatima Bello,2348618222847,SKU1009,Cowbell Milk Powder 360g,Dairy,2,1640,0,ATM Card
RCPT-101916,TXN101916,28-04-2026,11:45:00,MiniMart Express - Ikeja,TILL-01,Fatima Bello,,SKU1014,Dettol Soap 65g,Personal Care,4,320,0,Bank Transfer
RCPT-100747,TXN100747,2026-05-27,18:26:00,IKEJA,TILL-02,Segun Adeyemi,9062417579,SKU1018,Maltina 33cl,Beverages,4,410,0,cash
RCPT-101771,TXN101771,06/18/2026,08:58:00,IKEJA,TILL-01,Emeka Obi,07641155409,SKU1014,Dettol Soap 65g,Personal Care,1,330,0,cash
RCPT-100448,,16/07/2026,20:16:00,YABA,TILL-03,Blessing Nwosu,,SKU1005,Coke 50cl,Beverages,1,430,0,POS Card
RCPT-101011,TXN101011,2026-06-29,21:54:00,MiniMart Express - Yaba,TILL-02,Fatima Bello,,SKU1009,Cowbell Milk Powder 360g,Dairy,1,1770,0,transfer
RCPT-100180,TXN100180,2026-06-14,11:38:00,Ikeja Branch,TILL-01,Ibrahim Musa,,SKU1030,Nasco Cornflakes 500g,Grains & Staples,2,1820,0,ussd
RCPT-100003,TXN100003,15/03/2026,11:02:00,SURULERE,TILL-01,Segun Adeyemi,+2348025491946,SKU1011,Honeywell Semolina 2kg,Grains & Staples,1,2380,0,USSD
RCPT-101647,TXN101647,2026-06-28,10:56:00,minimart express-ikeja ,TILL-02,Amaka Eze,,SKU1001,Indomie Noodle 70g,Grains & Staples,3,170,0,pos
RCPT-100334,TXN100334,2026-07-18,17:18:00,MiniMart Express - Ikeja,TILL-02,Segun Adeyemi,,SKU1016,Eva Water 75cl,Beverages,3,190,0,Transfer
RCPT-102361,TXN102361,2026-05-01,09:05:00, Yaba,TILL-02,Amaka Eze,,SKU1012,Kings Vegetable Oil 1L,Grains & Staples,1,2590,0,Transfer
RCPT-102449,TXN102449,2026-04-05,21:47:00,MiniMart Express - Surulere,TILL-01,Ibrahim Musa,+2348257250502,SKU1013,Omo Detergent 900g,Household,1,1670,0,Card
RCPT-101856,TXN101856,2026-04-30,07:12 PM,MiniMart Express - Ikeja,TILL-02,Ibrahim Musa,2349032719624,SKU1026,Chivita Juice 1L,Beverages,1,"1,180.00",0,Cash
,,,,,,,,,,,,,,
RCPT-100250,TXN100250,2026-04-19,16:19:00,MiniMart Express - Ikeja,TILL-02,Tunde Bakare,+2348385089486,SKU1014,Dettol Soap 65g,Personal Care,2,,0,POS Card
RCPT-101498,TXN101498,10/06/2026,09:00:00,SURULERE,TILL-01,Chidinma Okafor,07208908446,SKU1023,Ariel Detergent 900g,Household,2,1920,0,ussd
RCPT-101011,TXN101011,2026-06-29,21:54:00,MiniMart Express - Yaba,TILL-02,Fatima Bello,,SKU1029,Dano Milk Powder 400g,Dairy,2,2730,15,transfer
RCPT-101369,TXN101369,2026-04-15,20:00:00,Yaba Branch,TILL-02,Tunde Bakare,,SKU1019,Titus Sardine 125g,,4,,0,Cash
RCPT-100923,TXN100923,2026-04-08,11:03:00, Yaba,TILL-03,Chidinma Okafor,07768150871,SKU1027,Amstel Malta 33cl,Beverages,2,₦390.00,0,Bank Transfer
RCPT-100290,TXN100290,2026-05-31,18:30:00,Surulere Branch,TILL-01,Emeka Obi,,SKU1018,Maltina 33cl,Beverages,1,440,0,POS Card
RCPT-102599,TXN102599,2026-05-30,07:23 PM,Ikeja Branch,TILL-02,Emeka Obi,2347392849612,SKU1018,Maltina 33cl,Beverages,1,460,0,POS
RCPT-101082,TXN101082,2026-04-19,16:02:00,SURULERE,TILL-01,Emeka Obi,0 7 7 6 8 2 5 4 4 4 6,SKU1013,Omo Detergent 900g,Household,1,1760,0,POS
RCPT-100049,TXN100049,03/05/2026,11:59:00,SURULERE,TILL-01,Amaka Eze,2348848005797,SKU1027,Amstel Malta 33cl,Beverages,2,430,0,POS Card
RCPT-101456,TXN101456,2026-06-17,20:05:00,SURULERE,TILL-01,Chidinma Okafor,,SKU1003,Golden Morn 500g,Grains & Staples,3,1540,0,Cash
RCPT-102354,TXN102354,26-06-2026,19:55:00, Yaba,TILL-03,Ibrahim Musa,,SKU1014,Dettol Soap 65g,Personal Care,1,320.00,10,USSD
RCPT-102351,TXN102351,2026-07-02,18:11:00,YABA,TILL-01,Chidinma Okafor,,SKU1019,Titus Sardine 125g,Canned Foods,2,720,0,Card
RCPT-100153,TXN100153,2026-05-07,16:48:00, Yaba,TILL-02,Blessing Nwosu,8326251441,SKU1025,Tom Tom Sweet (pack),Snacks,1,₦310.00,0,POS Card
RCPT-101685,TXN101685,17/04/2026,13:19:00,MiniMart Express - Surulere,TILL-01,,,SKU1022,Knorr Chicken Cubes (pack),Grains & Staples,2,290,0,POS Card
RCPT-100881,TXN100881,2026-07-03,16:41:00,YABA,TILL-01,Ibrahim Musa,,SKU1019,Titus Sardine 125g,Canned Foods,4,650.00,0,POS Card
RCPT-100925,TXN100925,2026-05-23,11:52:00,minimart express-ikeja ,TILL-02,Tunde Bakare,,SKU1026,Chivita Juice 1L,Beverages,5,"₦1,410.00",0,ussd
RCPT-101401,TXN101401,2026-04-28,17:46:00,minimart express-ikeja ,TILL-02,Amaka Eze,2 3 4 7 7 8 8 9 9 3 9 0 1,SKU1029,Dano Milk Powder 400g,,1,2760,0,Bank Transfer
RCPT-100955,TXN100955,2026-05-27,13:55:00,Surulere Branch,TILL-01,Chidinma Okafor,07809033685,SKU1013,Omo Detergent 900g,Household,1,"₦1,540.00",0,Card
RCPT-101305,TXN101305,11/04/2026,11:26:00,YABA,TILL-01,Segun Adeyemi,0 8 1 8 3 0 0 2 2 8 3,SKU1016,Eva Water 75cl,Beverages,2,220,0,Bank Transfer
RCPT-101404,TXN101404,2026-03-03,11:07:00,Yaba Branch,TILL-01,Emeka Obi,+2347445500248,SKU1016,Eva Water 75cl,Beverages,2,220,0,Bank Transfer
RCPT-101791,TXN101791,2026-07-23,15:32:00, Yaba,TILL-03,Amaka Eze,+2347578430106,SKU1002,peak milk evaporated170g,Dairy,1,610.00,0,Cash
RCPT-100977,TXN100977,2026-07-30,10:30:00,YABA,TILL-01,Fatima Bello,,SKU1023,Ariel Detergent 900g,HOUSEHOLD,2,1850,0,POS Card
RCPT-101804,TXN101804,04/05/2026,08:08:00, Yaba,TILL-01,Emeka Obi,2347916706466,SKU1003,Golden Morn 500g,Grains & Staples,1,"1,630.00",15,Bank Transfer
RCPT-101294,TXN101294,2026-06-07,19:55:00,Ikeja Branch,TILL-01,Tunde Bakare,,SKU1014,Dettol Soap 65g,Personal Care,2,330,0,Card
RCPT-102230,TXN102230,2026-03-27,20:45:00,MiniMart Express - Surulere,TILL-01,Fatima Bello,,SKU1006,Bigi Cola 50cl,Beverages,2,360,0,ussd
RCPT-101501,TXN101501,2026-07-08,12:50:00,MiniMart Express - Ikeja,TILL-01,Tunde Bakare,,SKU1011,Honeywell Semolina 2kg,Grains & Staples,4,2600,0,cash
RCPT-100897,TXN100897,2026-06-29,08:53:00,MiniMart Express - Surulere,TILL-01,Blessing Nwosu,2347071545988,SKU1008,Milo 400g,Beverages,4,2400,0,Cash
RCPT-100838,TXN100838,2026-05-13,14:57:00,Yaba Branch,TILL-01,Chidinma Okafor,2348775136994,SKU1025,Tom Tom Sweet (pack),Snacks,2,300.00,0,transfer
RCPT-100440,TXN100440,2026-05-27,20:18:00,YABA,TILL-02,Chidinma Okafor,,SKU1003,Golden Morn 500g,Grains & Staples,1,1310,0,Cash
RCPT-100677,TXN100677,2026-06-01,17:05:00,MiniMart Express - Yaba,TILL-02,Fatima Bello,+2348303687033,SKU1012,Kings Vegetable Oil 1L,Grains & Staples,3,,15,Card
RCPT-100623,TXN100623,07/22/2026,05:19 PM,minimart express-ikeja ,TILL-01,Tunde Bakare,,SKU1011,Honeywell Semolina 2kg,Grains & Staples,1,2630,0,ussd
RCPT-102265,TXN102265,03/19/2026,09:22:00,minimart express-ikeja ,TILL-01,Ibrahim Musa,9047986480,SKU1030,Nasco Cornflakes 500g,Grains & Staples,1,1710,0,POS Card
RCPT-101427,TXN101427,05/08/2026,20:41:00,MiniMart Express - Ikeja,TILL-02,Chidinma Okafor,,SKU1025,Tom Tom Sweet (pack),Snacks,1,₦320.00,0,Cash
RCPT-100525,TXN100525,05/03/2026,13:29:00,IKEJA,TILL-01,Segun Adeyemi,2348215068524,SKU1006,Bigi Cola 50cl,Beverages,2,350,0,POS
RCPT-102257,TXN102257,05/21/2026,05:14 PM,SURULERE,TILL-01,Segun Adeyemi,07034704454,SKU1011,Honeywell Semolina 2kg,Grains & Staples,3,2190,0,pos
RCPT-101033,TXN101033,2026-03-18,19:29:00,MiniMart Express - Surulere,TILL-01,Emeka Obi,+2348276811566,SKU1021,Bournvita 500g,Beverages,3,2400,0,Cash
RCPT-100160,TXN100160,05/07/2026,11:13:00,YABA,TILL-01,Fatima Bello,2347047019442,SKU1002,peak milk evaporated170g,Dairy,1,₦700.00,0,Cash
RCPT-100703,TXN100703,26-06-2026,07:25:00,Yaba Branch,TILL-02,Chidinma Okafor,,SKU1001,Indomie Noodle 70g,Grains & Staples,2,,0,Transfer
RCPT-100846,TXN100846,2026-03-27,12:57:00, Yaba,TILL-03,Emeka Obi,,SKU1014,Dettol Soap 65g,Personal Care,2,350,0,transfer
RCPT-101548,TXN101548,07/22/2026,04:05 PM,SURULERE,TILL-01,Segun Adeyemi,08305881592,SKU1016,Eva Water 75cl,Beverages,4,230.00,0,CASH
RCPT-101918,TXN101918,08/07/2026,20:09:00,SURULERE,TILL-01,Emeka Obi,,SKU1024,"Pampers Diapers (pack, medium)",,2,4510,0,USSD
RCPT-100278,TXN100278,2026-07-06,10:09:00,Surulere Branch,TILL-01,Tunde Bakare,7868628047,SKU1011,Honeywell Semolina 2kg,Grains & Staples,2,"2,230.00",0,USSD
RCPT-102511,TXN102511,2026-04-15,11:40:00,MiniMart Express - Surulere,TILL-01,Blessing Nwosu,,SKU1005,Coca Cola 50cl,Beverages,1,390.00,15,Card
RCPT-101716,TXN101716,2026-03-26,18:14:00,MiniMart Express - Ikeja,TILL-01,Tunde Bakare,,SKU1019,Titus Sardine 125g,Canned Foods,1,700,0,Cash
RCPT-102217,TXN102217,30-06-2026,09:12:00,Ikeja Branch,TILL-01,Ibrahim Musa,,SKU1022,Knorr Chicken Cubes (pack),Grains & Staples,1,330,0,POS
RCPT-102492,TXN102492,2026-07-17,15:48:00, Yaba,TILL-01,Segun Adeyemi,+2348098081069,SKU1002,peak milk evaporated170g,Dairy,5,730,0,Bank Transfer
RCPT-100244,TXN100244,28/07/2026,13:34:00,SURULERE,TILL-01,Chidinma Okafor,2348798278852,SKU1011,Honeywell Semolina 2kg,Grains & Staples,2,2220,5,Bank Transfer
RCPT-102267,TXN102267,2026-03-29,14:25:00,minimart express-ikeja ,TILL-02,Tunde Bakare,,SKU1021,Bournvita 500g,Beverages,4,2570,0,Cash
RCPT-100374,TXN100374,18-03-2026,13:06:00, Yaba,TILL-01,Segun Adeyemi,,SKU1018,Maltina 33cl,Beverages,3,₦500.00,0,CASH
RCPT-101735,TXN101735,2026-05-05,17:44:00,IKEJA,TILL-01,Tunde Bakare,,SKU1028,Semovita 2kg,Grains & Staples,5,2180,0,ussd
RCPT-102290,TXN102290,2026-04-09,12:40:00,IKEJA,TILL-01,Amaka Eze,,SKU1019,Titus Sardine 125g,Canned Foods,2,630,0,transfer
RCPT-100637,TXN100637,2026-06-24,09:15:00,Ikeja Branch,TILL-02,Chidinma Okafor,,SKU1008,Milo 400g,Beverages,4,2310,0,Cash
RCPT-101612,TXN101612,03/18/2026,21:06:00,SURULERE,TILL-01,Fatima Bello,7651363570,SKU1022,Knorr Chicken Cubes (pack),Grains & Staples,2,300,0,Cash
RCPT-101060,TXN101060,2026-06-19,16:14:00,SURULERE,TILL-01,Tunde Bakare,08956700018,SKU1005,Coca Cola 50cl,Beverages,1,390,0,Bank Transfer
RCPT-102137,TXN102137,09-04-2026,21:39:00,Surulere Branch,TILL-01,,7455764014,SKU1003,Golden Morn 500g,Grains & Staples,2,1550,0,Cash
RCPT-102577,TXN102577,05/05/2026,07:21:00,MiniMart Express - Ikeja,TILL-02,Ibrahim Musa,,SKU1027,Amstel Malta 33cl,Beverages,1,400,0,POS Card
RCPT-100776,TXN100776,2026-04-18,10:56:00,MiniMart Express - Yaba,TILL-02,Emeka Obi,+2347173207839,SKU1004,Dangote sugar 1Kg,Grains & Staples,1,1110,0,USSD
RCPT-100670,TXN100670,2026-06-07,20:55:00,Ikeja Branch,TILL-01,Blessing Nwosu,,SKU1020,Cerelac Infant Cereal 400g,Baby Products,1,3100,0,POS Card
RCPT-101942,TXN101942,2026-04-27,18:20:00,SURULERE,TILL-01,Segun Adeyemi,08882568969,SKU1022,Knorr Chicken Cubes (pack),Grains & Staples,-1,300,0,Cash
RCPT-102073,TXN102073,2026-04-03,19:02:00, Yaba,TILL-01,Blessing Nwosu,,SKU1001,indomie noodles 70g,Grains & Staples,1,150,0,transfer
RCPT-102459,TXN102459,2026-06-09,17:29:00,Surulere Branch,TILL-01,Emeka Obi,,SKU1027,Amstel Malta 33cl,Beverages,4,,0,CASH
RCPT-100246,TXN100246,2026-05-26,14:25:00,minimart express-ikeja ,TILL-02,Segun Adeyemi,,SKU1029,Dano Milk Powder 400g,,3,"₦2,730.00",0,ussd
RCPT-100428,TXN100428,04/04/2026,16:38:00, Yaba,TILL-03,Blessing Nwosu,,SKU1020,Cerelac Infant Cereal 400g,Baby Products,2,3370,0,cash
RCPT-100914,TXN100914,05/11/2026,11:49:00,SURULERE,TILL-01,Emeka Obi,,SKU1019,Titus Sardine 125g,Canned Foods,2,₦730.00,0,cash
RCPT-100988,TXN100988,2026-03-23,08:00:00,SURULERE,TILL-01,Emeka Obi,8827332193,SKU1013,Omo Detergent 900g,Household,3,1600,0,POS Card
RCPT-100459,TXN100459,2026-05-13,15:18:00,MiniMart Express - Surulere,TILL-01,Amaka Eze,,SKU1030,Nasco Cornflakes 500g,Grains & Staples,1,"1,820.00",0,cash
RCPT-100207,TXN100207,20/06/2026,17:44:00,Yaba Branch,TILL-02,Blessing Nwosu,+ 2 3 4 7 2 5 2 4 7 0 0 2 2,SKU1025,Tom Tom Sweet (pack),Snacks,1,280,0,Cash
RCPT-100571,TXN100571,05-05-2026,18:32:00,MiniMart Express - Surulere,TILL-01,Fatima Bello,,SKU1006,Bigi Cola 50cl,Beverages,2,350.00,0,transfer
RCPT-100525,TXN100525,2026-05-03,13:29:00,IKEJA,TILL-01,Segun Adeyemi,2348215068524,SKU1020,Cerelac Infant Cereal 400g,Baby Products,1,,0,POS
RCPT-100227,TXN100227,2026-03-30,17:11:00,MiniMart Express - Surulere,TILL-01,Ibrahim Musa,+2348126323988,SKU1022,Knorr Chicken Cubes (pack),Grains & Staples,2,310,0,cash
RCPT-101975,TXN101975,31/07/2026,11:11:00,MiniMart Express - Yaba,TILL-03,Ibrahim Musa,,SKU1027,Amstel Malta 33cl,Beverages,2,430,0,Bank Transfer
RCPT-100370,TXN100370,2026-06-27,19:09:00,Ikeja Branch,TILL-01,Fatima Bello,,SKU1017,La Casera 50cl,Beverages,3,370,0,Cash
RCPT-102467,TXN102467,2026-07-18,21:04:00,YABA,TILL-02,Fatima Bello,+2349083228545,SKU1024,"Pampers Diapers (pack, medium)",Baby Products,5,4990,0,ATM Card
RCPT-100833,TXN100833,2026-05-26,12:45:00,SURULERE,TILL-01,Chidinma Okafor,,SKU1022,Knorr Chicken Cubes (pack),Grains & Staples,4,₦280.00,0,USSD
RCPT-101405,TXN101405,07/29/2026,17:54:00,SURULERE,TILL-01,Blessing Nwosu,2347533003935,SKU1016,Eva Water 75cl,Beverages,1,220,0,Cash
RCPT-102396,TXN102396,2026-03-31,20:21:00,Ikeja Branch,TILL-02,,,SKU1011,Honeywell Semolina 2kg,Grains & Staples,5,2430,5,Bank Transfer
RCPT-101249,TXN101249,03/30/2026,12:46:00,MiniMart Express - Surulere,TILL-01,Chidinma Okafor,2348728756150,SKU1003,Golden Morn 500g,Grains & Staples,4,1350,0,Cash
RCPT-101226,TXN101226,2026-07-22,11:40:00,Surulere Branch,TILL-01,Blessing Nwosu,,SKU1008,Milo 400g,Beverages,3,2400,0,Cash
RCPT-101258,TXN101258,2026-04-17,16:26:00,Yaba Branch,TILL-02,Emeka Obi,,SKU1025,Tom Tom Sweet (pack),Snacks,2,340,5,Transfer
RCPT-100921,TXN100921,2026-05-20,09:36 PM,SURULERE,TILL-01,Blessing Nwosu,08947448559,SKU1001,Indomie Noodle 70g,Grains & Staples,4,170,0,ATM Card
RCPT-101001,TXN101001,08-03-2026,11:38:00,YABA,TILL-03,Amaka Eze,,SKU1002,Peak Milk Evaporated 170g,Dairy,1,₦740.00,0,Bank Transfer
RCPT-101791,TXN101791,07/23/2026,15:32:00,MiniMart Express - Yaba,TILL-03,Amaka Eze,+2347578430106,SKU1028,Semovita 2kg,Grains & Staples,1,2080,0,Cash
RCPT-100719,TXN100719,2026-04-03,10:36 AM,IKEJA,TILL-02,Fatima Bello,,SKU1012,Kings Vegetable Oil 1L,Grains & Staples,1,2610,0,POS Card
RCPT-102600,TXN102600,2026-07-17,11:57:00,Yaba Branch,TILL-01,Blessing Nwosu,,SKU1023,Ariel Detergent 900g,,2,1910,0,pos
RCPT-101250,TXN101250,06/11/2026,18:14:00,Surulere Branch,TILL-01,Amaka Eze,,SKU1001,indomie noodles 70g,Grains & Staples,1,160,0,POS Card
RCPT-100701,TXN100701,2026-04-28,19:56:00,MiniMart Express - Surulere,TILL-01,Ibrahim Musa,,SKU1014,Dettol Soap 65g,Personal Care,3,350,0,Card
RCPT-101454,TXN101454,2026-07-10,18:02:00,IKEJA,TILL-01,Fatima Bello,,SKU1022,Knorr Chicken Cubes (pack),Grains & Staples,1,280,0,Bank Transfer
RCPT-101198,TXN101198,10/03/2026,13:07:00, Yaba,TILL-01,Segun Adeyemi,,SKU1005,Coca Cola 50cl,Beverages,2,450,0,Bank Transfer
RCPT-101215,TXN101215,2026-03-05,21:12:00,MiniMart Express - Ikeja,TILL-02,Segun Adeyemi,07491918936,SKU1025,Tom Tom Sweet (pack),Snacks,1,280,0,Transfer
RCPT-100088,TXN100088,2026-07-15,10:47:00,minimart express-ikeja ,TILL-02,Amaka Eze,,SKU1021,Bournvita 500g,BEVERAGES,1,"2,680.00",15,transfer
RCPT-100052,TXN100052,2026-04-29,19:21:00,MiniMart Express - Ikeja,TILL-01,Fatima Bello,2 3 4 8 5 7 7 6 5 5 5 7 2,SKU1008,Milo 400g,Beverages,1,2180,10,CASH
RCPT-101584,TXN101584,2026-03-01,12:52 PM,MiniMart Express - Surulere,TILL-01,Amaka Eze,2347732069111,SKU1010,MAMA GOLD RICE 5KG,GRAINS & STAPLES,2,"6,620.00",0,Cash
RCPT-101354,TXN101354,07/01/2026,18:08:00,MiniMart Express - Yaba,TILL-02,Fatima Bello,7 6 9 7 5 8 2 3 9 5,SKU1006,Bigi Cola 50cl,Beverages,1,,0,transfer
RCPT-101343,TXN101343,2026-04-11,09:52:00,IKEJA,TILL-02,Tunde Bakare,2348226130509,SKU1011,Honeywell Semolina 2kg,Grains & Staples,2,2230,0,USSD
RCPT-102172,TXN102172,2026-04-15,17:29:00,Ikeja Branch,TILL-02,Amaka Eze,,SKU1016,Eva Water 75cl,Beverages,1,190,0,Bank Transfer
RCPT-101910,TXN101910,05/26/2026,10:26 AM,Ikeja Branch,TILL-02,Emeka Obi,2347806313328,SKU1023,Ariel Detergent 900g,Household,1,"₦1,880.00",0,Cash
RCPT-100834,TXN100834,2026-05-08,16:52:00,minimart express-ikeja ,TILL-01,Emeka Obi,+2347676386017,SKU1005,Coca Cola 50cl,Beverages,3,430,0,POS Card
RCPT-100334,TXN100334,18/07/2026,17:18:00,MiniMart Express - Ikeja,TILL-02,Segun Adeyemi,,SKU1003,Golden Morn 500g,Grains & Staples,5,1550,0,Transfer
RCPT-101523,TXN101523,2026-07-03,08:10:00,IKEJA,TILL-01,Amaka Eze,+2347435977174,SKU1015,Close Up Toothpaste 140ml,Personal Care,1,930,0,Cash
RCPT-100648,TXN100648,2026-03-14,12:39:00, Yaba,TILL-01,Emeka Obi,8259983324,SKU1006,Bigi Cola 50cl,BEVERAGES,1,330,0,Transfer
RCPT-100912,TXN100912,04/03/2026,12:43:00,MiniMart Express - Ikeja,TILL-02,Amaka Eze,,SKU1030,Nasco Cornflakes 500g,Grains & Staples,1,1830,0,pos
RCPT-101717,TXN101717,12/06/2026,07:31:00,IKEJA,TILL-02,Blessing Nwosu,07205236718,SKU1016,Eva Water 75cl,Beverages,5,230,0,Card
RCPT-100388,TXN100388,2026-04-29,17:53:00,MiniMart Express - Surulere,TILL-01,Chidinma Okafor,,SKU1022,Knorr Chicken Cubes (pack),Grains & Staples,1,270,0,Cash
RCPT-100428,TXN100428,2026-04-04,16:38:00, Yaba,TILL-03,Blessing Nwosu,,SKU1025,Tom Tom Sweet (pack),Snacks,1,₦300.00,15,cash
RCPT-101706,TXN101706,2026-03-09,11:02:00,SURULERE,TILL-01,Amaka Eze,,SKU1014,Dettol Soap 65g,Personal Care,4,370,0,Cash
RCPT-100890,TXN100890,06/16/2026,21:36:00, Yaba,TILL-02,Tunde Bakare,8502873952,SKU1028,Semovita 2kg,Grains & Staples,2,2050,5,Bank Transfer
RCPT-100059,TXN100059,2026-06-26,17:44:00,Surulere Branch,TILL-01,Tunde Bakare,,SKU1014,Dettol Soap 65g,Personal Care,1,330,0,Cash
RCPT-100548,TXN100548,11-04-2026,20:53:00,SURULERE,TILL-01,,,SKU1022,Knorr Chicken Cubes (pack),Grains & Staples,1,,0,Cash
RCPT-102454,TXN102454,08-03-2026,21:36:00, Yaba,TILL-02,Blessing Nwosu,+2347837860351,SKU1024,"Pampers Diapers (pack, medium)",Baby Products,4,"4,440.00",0,ussd
RCPT-100522,TXN100522,2026-05-25,21:44:00,Ikeja Branch,TILL-01,,2348781316533,SKU1004,Dangote sugar 1Kg,Grains & Staples,1,1100,0,Cash
RCPT-102122,TXN102122,11-05-2026,18:56:00,Yaba Branch,TILL-03,Emeka Obi,7425180854,SKU1003,Golden Morn 500g,Grains & Staples,1,1590,0,POS Card
RCPT-101131,TXN101131,2026-06-18,11:43:00,MiniMart Express - Ikeja,TILL-01,Segun Adeyemi,7039960279,SKU1012,Kings Vegetable Oil 1L,Grains & Staples,2,2480,0,ussd
RCPT-100778,TXN100778,27/07/2026,13:50:00,YABA,TILL-02,Segun Adeyemi,,SKU1008,Milo 400g,Beverages,3,"₦1,960.00",0,Cash
RCPT-101392,TXN101392,2026-07-18,08:35:00,Surulere Branch,TILL-01,Emeka Obi,,SKU1012,Kings Vegetable Oil 1L,Grains & Staples,3,2950,0,POS Card
RCPT-101990,TXN101990,2026-05-25,19:42:00,SURULERE,TILL-01,Fatima Bello,+2347197868932,SKU1007,Gala Sausage Roll,Snacks,1,250.00,0,Transfer
RCPT-102220,TXN102220,21-06-2026,17:23:00,SURULERE,TILL-01,Amaka Eze,2347724994729,SKU1012,Kings Vegetable Oil 1L,GRAINS & STAPLES,2,2700,0,Cash
RCPT-100059,TXN100059,06/26/2026,05:44 PM,SURULERE,TILL-01,Tunde Bakare,,SKU1007,Gala Sausage Roll,Snacks,3,260,0,Cash
RCPT-100063,TXN100063,2026-05-09,15:16:00,minimart express-ikeja ,TILL-02,Fatima Bello,8472293020,SKU1019,Titus Sardine 125g,Canned Foods,1,640,0,POS Card
RCPT-100785,TXN100785,2026-03-19,16:21:00,YABA,TILL-02,Fatima Bello,,SKU1016,Eva Water 75cl,Beverages,5,200.00,0,POS
RCPT-100340,TXN100340,2026-06-12,18:45:00,Yaba Branch,TILL-03,Amaka Eze,8608058810,SKU1021,Bournvita 500g,Beverages,3,2250,0,ATM Card
RCPT-101388,TXN101388,2026-07-31,13:13:00,MiniMart Express - Surulere,TILL-01,Tunde Bakare,08238029189,SKU1021,Bournvita 500g,Beverages,3,2610,0,USSD
RCPT-100951,TXN100951,2026-03-01,12:01:00,MiniMart Express - Surulere,TILL-01,Tunde Bakare,,SKU1003,Golden Morn 500g,Grains & Staples,2,1630,0,Cash
RCPT-100631,TXN100631,2026-07-01,09:43:00,MiniMart Express - Surulere,TILL-01,Fatima Bello,2347182029472,SKU1015,Close Up Toothpaste 140ml,Personal Care,1,950,0,pos
RCPT-100328,TXN100328,07/07/2026,04:59 PM,MiniMart Express - Yaba,TILL-01,Tunde Bakare,2347008165644,SKU1001,indomie noodles 70g,Grains & Staples,1,160,0,Bank Transfer
RCPT-102396,TXN102396,31-03-2026,20:21:00,minimart express-ikeja ,TILL-02,Tunde Bakare,,SKU1029,Dano Milk Powder 400g,Dairy,2,2730,15,Bank Transfer
RCPT-101332,TXN101332,26-04-2026,11:32:00,Yaba Branch,TILL-03,Tunde Bakare,,SKU1024,"Pampers Diapers (pack, medium)",Baby Products,1,4990,0,USSD
RCPT-102532,TXN102532,07/25/2026,19:43:00,SURULERE,TILL-01,Emeka Obi,7556978638,SKU1020,Cerelac Infant Cereal 400g,Baby Products,1,3650,0,POS Card
RCPT-100905,TXN100905,06-05-2026,17:02:00,SURULERE,TILL-01,Emeka Obi,+2348887269340,SKU1005,COCA COLA 50CL,Beverages,3,440,0,Card
RCPT-100861,TXN100861,2026-06-17,07:17:00,Yaba Branch,TILL-02,Tunde Bakare,,SKU1027,Amstel Malta 33cl,Beverages,3,440,0,USSD
RCPT-102345,TXN102345,20-03-2026,13:20:00,SURULERE,TILL-01,Tunde Bakare,+2348544879513,SKU1030,Nasco Cornflakes 500g,Grains & Staples,1,"1,820.00",0,Cash
RCPT-101192,TXN101192,03/01/2026,09:09:00,Surulere Branch,TILL-01,Emeka Obi,2347216610436,SKU1029,Dano Milk Powder 400g,Dairy,1,3160,0,ussd
RCPT-100906,TXN100906,24/07/2026,13:49:00,Surulere Branch,TILL-01,Tunde Bakare,,SKU1005,Coca Cola 50cl,Beverages,1,410,0,Cash
RCPT-101670,TXN101670,2026-03-07,06:00 PM,minimart express-ikeja ,TILL-02,Tunde Bakare,08484358093,SKU1027,Amstel Malta 33cl,Beverages,2,450,0,pos
RCPT-101103,TXN101103,07/26/2026,20:19:00,Ikeja Branch,TILL-01,Segun Adeyemi,,SKU1009,Cowbell Milk Powder 360g,Dairy,1,"1,720.00",0,Bank Transfer
RCPT-100106,TXN100106,23-04-2026,17:59:00,MiniMart Express - Surulere,TILL-01,Chidinma Okafor,+2347208852729,SKU1026,Chivita Juice 1L,Beverages,4,1380,0,Bank Transfer
RCPT-101173,TXN101173,07/22/2026,16:51:00,minimart express-ikeja ,TILL-02,Emeka Obi,08341252589,SKU1012,Kings Vegetable Oil 1L,Grains & Staples,3,2750,0,Bank Transfer
RCPT-102397,TXN102397,15-06-2026,10:27:00,MiniMart Express - Yaba,TILL-01,Emeka Obi,,SKU1030,Nasco Cornflakes 500g,Grains & Staples,1,"₦1,810.00",0,Cash
RCPT-100179,TXN100179,2026-04-25,18:57:00, Yaba,TILL-02,Amaka Eze,+2347558416504,SKU1029,Dano Milk Powder 400g,Dairy,1,2900,0,transfer
RCPT-100295,TXN100295,2026-06-20,17:25:00,MiniMart Express - Surulere,TILL-01,Chidinma Okafor,,SKU1011,Honeywell Semolina 2kg,Grains & Staples,4,"₦2,200.00",0,Card
RCPT-100002,TXN100002,2026-05-31,19:38:00,IKEJA,TILL-02,Tunde Bakare,,SKU1004,DANGOTE SUGAR 1KG ,Grains & Staples,1,"₦1,140.00",0,Cash
RCPT-101488,TXN101488,2026-05-02,09:23:00, Yaba,TILL-03,Amaka Eze,,SKU1005,Coca Cola 50cl,Beverages,1,430,0,Transfer
RCPT-100857,TXN100857,2026-07-17,20:51:00,MiniMart Express - Surulere,TILL-01,Chidinma Okafor,,SKU1016,Eva Water 75cl,BEVERAGES,2,₦190.00,0,POS Card
RCPT-100722,TXN100722,05/10/2026,19:16:00,IKEJA,TILL-02,Blessing Nwosu,,SKU1025,Tom Tom Sweet (pack),Snacks,2,310,0,POS
RCPT-100510,TXN100510,2026-06-12,19:13:00,SURULERE,TILL-01,Amaka Eze,,SKU1007,Gala Sausage Roll,Snacks,1,260,0,POS
RCPT-102497,TXN102497,17-04-2026,07:25:00,Yaba Branch,TILL-03,Blessing Nwosu,,SKU1013,Omo Detergent 900g,Household,4,,0,Card
RCPT-100784,TXN100784,2026-06-24,13:42:00,SURULERE,TILL-01,Chidinma Okafor,,SKU1008,Milo 400g,Beverages,1,2020,0,Cash
RCPT-102066,TXN102066,11/06/2026,09:02:00,MiniMart Express - Ikeja,TILL-02,Amaka Eze,+2348618094577,SKU1017,La Casera 50cl,Beverages,3,400.00,0,Transfer
RCPT-101478,TXN101478,2026-06-14,14:25:00,IKEJA,TILL-02,Segun Adeyemi,,SKU1014,Dettol Soap 65g,Personal Care,2,330,0,transfer
RCPT-101169,TXN101169,2026-04-20,09:16:00,MiniMart Express - Ikeja,TILL-01,Fatima Bello,7349415379,SKU1022,Knorr Chicken Cubes (pack),Grains & Staples,3,270,0,Cash
RCPT-100221,TXN100221,2026-03-10,19:04:00,minimart express-ikeja ,TILL-02,Tunde Bakare,,SKU1006,Bigi Cola 50cl,Beverages,2,390,0,POS Card
RCPT-101643,TXN101643,2026-03-06,13:00:00,Ikeja Branch,TILL-01,Fatima Bello,8819293596,SKU1005,Coca-Cola 50cl,Beverages,1,,0,cash
RCPT-100529,TXN100529,2026-03-07,08:19:00, Yaba,TILL-03,Tunde Bakare,07411648481,SKU1030,Nasco Cornflakes 500g,Grains & Staples,1,2040,0,transfer
RCPT-102129,TXN102129,03/31/2026,10:41:00,Yaba Branch,TILL-02,Tunde Bakare,,SKU1020,Cerelac Infant Cereal 400g,BABY PRODUCTS,5,3230,0,Card
RCPT-101867,TXN101867,2026-07-31,16:39:00,Yaba Branch,TILL-02,Chidinma Okafor,,SKU1009,Cowbell Milk Powder 360g,Dairy,3,"1,660.00",0,ussd
RCPT-100318,TXN100318,07/04/2026,12:42 PM,Surulere Branch,TILL-01,Ibrahim Musa,2348909472177,SKU1014,Dettol Soap 65g,Personal Care,3,380,0,Transfer
RCPT-102150,TXN102150,2026-07-13,14:57:00,SURULERE,TILL-01,Tunde Bakare,2347673550193,SKU1002,Peak Milk Evaporated 170g,Dairy,1,650.00,0,transfer
RCPT-100671,TXN100671,2026-06-24,08:17:00,MiniMart Express - Yaba,TILL-01,Emeka Obi,2347505866530,SKU1026,Chivita Juice 1L,Beverages,2,1330,0,POS Card
RCPT-101267,TXN101267,2026-07-06,21:34:00,MiniMart Express - Ikeja,TILL-02,Blessing Nwosu,08642107057,SKU1029,Dano Milk Powder 400g,Dairy,2,3070,0,Cash
RCPT-102303,TXN102303,2026-05-17,08:44:00,minimart express-ikeja ,TILL-01,Fatima Bello,,SKU1016,Eva Water 75cl,Beverages,5,220,0,Cash
RCPT-101964,TXN101964,2026-07-12,11:35:00,MiniMart Express - Yaba,TILL-02,Fatima Bello,,SKU1030,Nasco Cornflakes 500g,Grains & Staples,1,2020,0,POS Card
RCPT-100249,TXN100249,2026-05-28,21:44:00, Yaba,TILL-02,Blessing Nwosu,8 8 7 9 7 8 3 8 5 8,SKU1020,Cerelac Infant Cereal 400g,Baby Products,5,3150,0,POS Card
RCPT-101759,TXN101759,2026-05-11,19:11:00,Ikeja Branch,TILL-02,Chidinma Okafor,,SKU1005,Coca Cola 50cl,Beverages,2,360,0,POS Card
RCPT-101291,TXN101291,29-07-2026,17:06:00,MiniMart Express - Yaba,TILL-02,Fatima Bello,2348232852026,SKU1013,Omo Detergent 900g,Household,1,1760,0,Bank Transfer
RCPT-101852,TXN101852,2026-07-11,12:34:00,MiniMart Express - Surulere,TILL-01,Fatima Bello,,SKU1025,Tom Tom Sweet (pack),Snacks,2,340,0,Bank Transfer
RCPT-101863,TXN101863,2026-03-29,17:24:00,Yaba Branch,TILL-01,Fatima Bello,2348695492678,SKU1016,Eva Water 75cl,Beverages,2,₦210.00,0,pos
RCPT-100226,TXN100226,2026-07-20,13:46:00,Surulere Branch,TILL-01,Tunde Bakare,7739971807,SKU1009,Cowbell Milk Powder 360g,Dairy,2,1740,0,Bank Transfer
RCPT-102097,TXN102097,2026-03-29,15:26:00,Surulere Branch,TILL-01,Blessing Nwosu,,SKU1011,Honeywell Semolina 2kg,Grains & Staples,3,2430,10,Card
RCPT-100569,TXN100569,2026-05-15,21:45:00,Yaba Branch,TILL-03,Ibrahim Musa,07783224727,SKU1029,Dano Milk Powder 400g,Dairy,4,2800,0,Bank Transfer
RCPT-100582,TXN100582,2026-03-24,07:57:00,MiniMart Express - Surulere,TILL-01,Fatima Bello,08799832135,SKU1013,Omo Detergent 900g,Household,1,"₦1,470.00",0,cash
RCPT-101864,TXN101864,2026-05-24,13:27:00,MiniMart Express - Ikeja,TILL-01,Emeka Obi,07374464328,SKU1003,Golden Morn 500g,Grains & Staples,4,1380,0,Cash
RCPT-102102,TXN102102,24-06-2026,20:17:00,MiniMart Express - Yaba,TILL-03,Tunde Bakare,,SKU1025,Tom Tom Sweet (pack),Snacks,5,320,0,POS Card
RCPT-101927,TXN101927,2026-06-10,08:51 PM,IKEJA,TILL-02,Fatima Bello,,SKU1004,Dangote sugar 1Kg,Grains & Staples,2,1350,0,POS
RCPT-101014,TXN101014,2026-05-18,10:54:00,YABA,TILL-01,Emeka Obi,,SKU1027,Amstel Malta 33cl,Beverages,1,₦390.00,0,transfer
RCPT-102092,TXN102092,2026-06-25,19:11:00, Yaba,TILL-02,Ibrahim Musa,2 3 4 8 8 1 6 3 4 5 9 1 0,SKU1011,Honeywell Semolina 2kg,Grains & Staples,1,2560,0,ATM Card
RCPT-101321,TXN101321,2026-04-11,10:51 AM,SURULERE,TILL-01,Tunde Bakare,8439837903,SKU1006,Bigi Cola 50cl,Beverages,1,330,0,pos
RCPT-101019,TXN101019,06/17/2026,13:49:00,SURULERE,TILL-01,Fatima Bello,2348083845685,SKU1018,Maltina 33cl,Beverages,3,460.00,0,ATM Card
RCPT-100862,TXN100862,2026-06-19,18:53:00,minimart express-ikeja ,TILL-01,Amaka Eze,,SKU1012,Kings Vegetable Oil 1L,Grains & Staples,1,2630,0,pos
RCPT-100227,TXN100227,2026-03-30,17:11:00,MiniMart Express - Surulere,TILL-01,Ibrahim Musa,+2348126323988,SKU1028,Semovita 2kg,Grains & Staples,3,2220,0,cash
RCPT-101965,TXN101965,2026-04-19,08:18:00,SURULERE,TILL-01,Emeka Obi,,SKU1018,Maltina 33cl,Beverages,1,430,0,transfer
RCPT-102042,TXN102042,2026-06-19,19:18:00,minimart express-ikeja ,TILL-01,Segun Adeyemi,,SKU1026,Chivita Juice 1L,Beverages,1,"1,490.00",0,Transfer
RCPT-102354,TXN102354,2026-06-26,19:55:00,Yaba Branch,TILL-03,Ibrahim Musa,,SKU1002,Peak Milk Evap 170g,Dairy,1,,0,USSD
RCPT-102448,TXN102448,03/26/2026,20:57:00,Ikeja Branch,TILL-01,Amaka Eze,2348757700643,SKU1012,Kings Vegetable Oil 1L,Grains & Staples,4,2810,0,POS Card
RCPT-100266,TXN100266,2026-03-22,17:51:00,SURULERE,TILL-01,Ibrahim Musa,,SKU1021,Bournvita 500g,Beverages,3,2400,0,POS Card
RCPT-101991,TXN101991,05-07-2026,19:41:00,MiniMart Express - Surulere,TILL-01,Chidinma Okafor,,SKU1004,DANGOTE SUGAR 1KG ,Grains & Staples,2,"1,310.00",0,Bank Transfer
RCPT-100391,TXN100391,2026-06-16,19:02:00,Surulere Branch,TILL-01,Chidinma Okafor,,SKU1014,Dettol Soap 65g,Personal Care,1,350,10,Cash
RCPT-101872,TXN101872,29/07/2026,19:36:00,Yaba Branch,TILL-03,Emeka Obi,07543475068,SKU1011,Honeywell Semolina 2kg,Grains & Staples,1,"2,260.00",0,pos
RCPT-100707,TXN100707,29-05-2026,16:51:00, Yaba,TILL-03,Fatima Bello,7676616655,SKU1019,Titus Sardine 125g,CANNED FOODS,1,760,0,POS Card
RCPT-100577,TXN100577,06/13/2026,12:22 PM,MiniMart Express - Ikeja,TILL-02,Chidinma Okafor,2347385062907,SKU1026,Chivita Juice 1L,Beverages,2,1210,0,POS Card
RCPT-100686,TXN100686,2026-06-10,18:46:00,minimart express-ikeja ,TILL-02,Fatima Bello,,SKU1027,Amstel Malta 33cl,Beverages,1,440,0,POS Card
RCPT-102049,TXN102049,25-03-2026,08:34 AM,SURULERE,TILL-01,Ibrahim Musa,2347424225818,SKU1013,Omo Detergent 900g,Household,3,1730,0,Card
RCPT-100961,TXN100961,2026-06-15,19:45:00,YABA,TILL-02,Tunde Bakare,+2347447106894,SKU1003,Golden Morn 500g,Grains & Staples,2,1540,0,CASH
RCPT-101659,TXN101659,18-06-2026,16:26:00, Yaba,TILL-03,,,SKU1014,Dettol Soap 65g,Personal Care,4,330,0,Cash
RCPT-100358,TXN100358,2026-06-23,09:21:00,MiniMart Express - Ikeja,TILL-01,Chidinma Okafor,08358342329,SKU1002,Peak Milk Evaporated 170g,Dairy,1,730,0,Card
RCPT-101547,TXN101547,2026-07-09,16:24:00,MiniMart Express - Ikeja,TILL-02,Fatima Bello,,SKU1019,Titus Sardine 125g,Canned Foods,4,720,15,POS Card
RCPT-101529,TXN101529,29-05-2026,20:15:00,minimart express-ikeja ,TILL-02,Amaka Eze,,SKU1026,Chivita Juice 1L,Beverages,1,1210,0,cash
RCPT-101626,TXN101626,2026-06-16,20:44:00,Ikeja Branch,TILL-01,Amaka Eze,,SKU1020,Cerelac Infant Cereal 400g,Baby Products,2,3370,0,Cash
RCPT-101791,TXN101791,2026-07-23,15:32:00,YABA,TILL-03,Amaka Eze,+2347578430106,SKU1003,Golden Morn 500g,Grains & Staples,2,"1,650.00",0,Cash
RCPT-102323,TXN102323,2026-03-04,18:44:00,Surulere Branch,TILL-01,Segun Adeyemi,,SKU1014,Dettol Soap 65g,Personal Care,2,330,0,Cash
RCPT-100916,TXN100916,2026-07-10,18:26:00,MiniMart Express - Yaba,TILL-03,Chidinma Okafor,07552193122,SKU1011,Honeywell Semolina 2kg,Grains & Staples,4,"2,500.00",0,Card
RCPT-101056,TXN101056,07-06-2026,19:30:00,IKEJA,TILL-01,Chidinma Okafor,,SKU1013,Omo Detergent 900g,Household,-3,1800,0,Cash
RCPT-102447,TXN102447,2026-05-27,16:06:00,MiniMart Express - Ikeja,TILL-02,Segun Adeyemi,,SKU1029,Dano Milk Powder 400g,Dairy,2,2890,0,POS
RCPT-101826,TXN101826,2026-05-11,15:52:00, Yaba,TILL-03,Amaka Eze,,SKU1012,Kings Vegetable Oil 1L,Grains & Staples,1,2950,0,Cash
RCPT-101160,TXN101160,16/07/2026,10:39 AM,Ikeja Branch,TILL-02,Segun Adeyemi,,SKU1020,Cerelac Infant Cereal 400g,Baby Products,1,3000,0,Bank Transfer
RCPT-101104,TXN101104,24/03/2026,11:30:00, Yaba,TILL-01,Emeka Obi,,SKU1025,Tom Tom Sweet (pack),SNACKS,2,320.00,0,POS Card
RCPT-100061,TXN100061,04/05/2026,18:37:00,IKEJA,TILL-01,Tunde Bakare,2347898203947,SKU1018,Maltina 33cl,Beverages,2,420,0,cash
RCPT-100995,TXN100995,2026-06-14,10:17:00,Yaba Branch,TILL-01,Emeka Obi,2348789714850,SKU1029,Dano Milk Powder 400g,Dairy,1,2700,0,pos
RCPT-101932,TXN101932,2026-05-18,08:49:00,MiniMart Express - Surulere,TILL-01,Segun Adeyemi,+2348813834716,SKU1028,Semovita 2kg,Grains & Staples,1,1910,0,POS Card
RCPT-100546,TXN100546,2026-04-10,13:42:00,MiniMart Express - Ikeja,TILL-01,Blessing Nwosu,,SKU1016,Eva Water 75cl,Beverages,1,200,5,POS Card
RCPT-100233,TXN100233,04/07/2026,16:13:00,IKEJA,TILL-02,Tunde Bakare,2347098015549,SKU1012,Kings Vegetable Oil 1L,Grains & Staples,2,2770,0,ATM Card
RCPT-101877,TXN101877,21/07/2026,21:25:00,MiniMart Express - Yaba,TILL-03,Amaka Eze,2347138977142,SKU1013,Omo Detergent 900g,Household,3,"1,640.00",0,transfer
RCPT-100651,TXN100651,2026-05-29,17:36:00,Yaba Branch,TILL-01,Amaka Eze,,SKU1022,Knorr Chicken Cubes (pack),Grains & Staples,1,280,0,Bank Transfer
RCPT-102266,TXN102266,2026-04-09,09:47:00,IKEJA,TILL-02,Fatima Bello,+2348016588168,SKU1016,Eva Water 75cl,Beverages,1,190,0,cash
RCPT-101564,TXN101564,15/04/2026,16:15:00,MiniMart Express - Yaba,TILL-01,Tunde Bakare,,SKU1005,Coke 50cl,Beverages,3,400,0,Cash
RCPT-101028,TXN101028,2026-04-12,12:56:00, Yaba,TILL-03,Segun Adeyemi,,SKU1027,Amstel Malta 33cl,Beverages,1,430,0,POS
RCPT-102044,TXN102044,2026-05-06,04:43 PM,MiniMart Express - Yaba,TILL-01,Emeka Obi,,SKU1012,Kings Vegetable Oil 1L,Grains & Staples,-3,2610,15,Transfer
RCPT-102414,TXN102414,2026-05-20,17:02:00, Yaba,TILL-03,,,SKU1023,Ariel Detergent 900g,Household,1,1930,15,Bank Transfer
RCPT-102448,TXN102448,2026-03-26,20:57:00,MiniMart Express - Ikeja,TILL-01,Amaka Eze,2348757700643,SKU1013,Omo Detergent 900g,Household,4,1700,0,POS Card
RCPT-102120,TXN102120,13/03/2026,20:51:00,MiniMart Express - Ikeja,TILL-01,Ibrahim Musa,,SKU1020,Cerelac Infant Cereal 400g,Baby Products,1,3090,10,POS Card
RCPT-101034,TXN101034,21/05/2026,01:20 PM,SURULERE,TILL-01,Tunde Bakare,2347304583996,SKU1011,Honeywell Semolina 2kg,Grains & Staples,2,2340,10,Bank Transfer
RCPT-101234,TXN101234,2026-04-18,16:29:00,Surulere Branch,TILL-01,Amaka Eze,7493192171,SKU1023,Ariel Detergent 900g,Household,3,1580,0,Cash
RCPT-101317,TXN101317,2026-05-02,03:18 PM,SURULERE,TILL-01,Emeka Obi,,SKU1016,Eva Water 75cl,Beverages,1,190,0,POS Card
RCPT-100371,TXN100371,2026-07-24,12:57:00,MiniMart Express - Yaba,TILL-03,Fatima Bello,2347836709034,SKU1004,Dangote Sugar 1kg,Grains & Staples,2,,0,transfer
RCPT-102049,TXN102049,2026-03-25,08:34:00,MiniMart Express - Surulere,TILL-01,Ibrahim Musa,2347424225818,SKU1010,MAMA GOLD RICE 5KG,Grains & Staples,2,"₦6,610.00",15,Card
RCPT-100127,TXN100127,2026-06-11,08:41:00,MiniMart Express - Yaba,TILL-02,Blessing Nwosu,,SKU1015,Close Up Toothpaste 140ml,Personal Care,1,930,0,pos
RCPT-102533,TXN102533,2026-06-10,09:56:00, Yaba,TILL-02,Chidinma Okafor,+2347663499679,SKU1004,Dangote Sugar 1kg,Grains & Staples,2,1310,0,POS Card
RCPT-100363,TXN100363,2026-03-18,18:03:00,YABA,TILL-02,Chidinma Okafor,,SKU1030,Nasco Cornflakes 500g,Grains & Staples,1,1740,0,pos
RCPT-101147,TXN101147,06/02/2026,05:05 PM,MiniMart Express - Yaba,TILL-02,Chidinma Okafor,9053666472,SKU1030,Nasco Cornflakes 500g,Grains & Staples,1,1930,0,ussd
RCPT-101938,TXN101938,2026-04-12,09:38:00,Yaba Branch,TILL-01,Fatima Bello,,SKU1021,Bournvita 500g,Beverages,1,2620,0,Bank Transfer
RCPT-100756,TXN100756,2026-04-01,07:54:00,IKEJA,TILL-01,Amaka Eze,,SKU1009,Cowbell Milk Powder 360g,Dairy,1,1900,0,POS Card
RCPT-100155,TXN100155,05/15/2026,04:35 PM, Yaba,TILL-01,Fatima Bello,,SKU1014,Dettol Soap 65g,Personal Care,1,₦380.00,0,Cash
RCPT-101774,TXN101774,2026-03-10,08:17:00,MiniMart Express - Yaba,TILL-01,Segun Adeyemi,,SKU1027,Amstel Malta 33cl,Beverages,2,400,0,POS Card
RCPT-101782,TXN101782,29-04-2026,17:26:00,YABA,TILL-01,Segun Adeyemi,,SKU1014,Dettol Soap 65g,Personal Care,1,360,0,Cash
RCPT-101289,TXN101289,2026-04-19,17:48:00,MiniMart Express - Yaba,TILL-02,Fatima Bello,9009983616,SKU1011,Honeywell Semolina 2kg,Grains & Staples,1,2580,0,Cash
RCPT-101329,TXN101329,2026-03-07,08:27:00,IKEJA,TILL-02,Segun Adeyemi,09072686460,SKU1023,Ariel Detergent 900g,Household,2,1710,10,CASH
RCPT-100851,TXN100851,2026-05-20,20:52:00,Yaba Branch,TILL-03,Emeka Obi,8381337833,SKU1023,Ariel Detergent 900g,Household,-1,1720,0,Cash
RCPT-100635,TXN100635,2026-04-30,14:07:00,MiniMart Express - Surulere,TILL-01,Fatima Bello,,SKU1005,Coke 50cl,Beverages,2,410,0,Transfer
RCPT-101011,TXN101011,2026-06-29,21:54:00, Yaba,TILL-02,Fatima Bello,,SKU1008,Milo 400g,Beverages,1,,0,transfer
RCPT-100763,TXN100763,07/15/2026,12:17:00,Surulere Branch,TILL-01,Segun Adeyemi,+2348922443563,SKU1005,Coke 50cl,Beverages,3,380,0,transfer
RCPT-100097,TXN100097,2026-04-04,21:54:00,minimart express-ikeja ,TILL-02,Emeka Obi,8366297024,SKU1004,DANGOTE SUGAR 1KG ,Grains & Staples,2,1190,0,POS
RCPT-100257,TXN100257,2026-06-05,19:31:00,Surulere Branch,TILL-01,Segun Adeyemi,08349087498,SKU1008,Milo 400g,Beverages,1,1980,0,POS Card
RCPT-101672,TXN101672,2026-06-13,12:35:00,IKEJA,TILL-01,Fatima Bello,+2348505268769,SKU1002,Peak Milk Evap 170g,Dairy,2,₦610.00,0,ATM Card
RCPT-101237,TXN101237,2026-05-05,08:37:00,SURULERE,TILL-01,Ibrahim Musa,+2348781331076,SKU1022,Knorr Chicken Cubes (pack),Grains & Staples,4,₦280.00,0,USSD
RCPT-101011,TXN101011,2026-06-29,21:54:00, Yaba,TILL-02,Fatima Bello,,SKU1022,Knorr Chicken Cubes (pack),Grains & Staples,2,320,0,transfer
RCPT-100686,TXN100686,10-06-2026,18:46:00,IKEJA,TILL-02,Fatima Bello,,SKU1025,Tom Tom Sweet (pack),Snacks,3,340.00,0,POS Card
RCPT-100513,TXN100513,2026-07-13,14:38:00,MiniMart Express - Yaba,TILL-01,Tunde Bakare,2348894735341,SKU1012,Kings Vegetable Oil 1L,Grains & Staples,5,"₦2,650.00",0,CASH
RCPT-100618,TXN100618,2026-05-17,11:48:00, Yaba,TILL-02,Ibrahim Musa,,SKU1007,Gala Sausage Roll,Snacks,2,₦280.00,0,Cash
RCPT-102285,TXN102285,01/06/2026,07:13:00,MiniMart Express - Yaba,TILL-02,Ibrahim Musa,,SKU1018,Maltina 33cl,Beverages,2,₦450.00,0,USSD
RCPT-100920,TXN100920,2026-06-10,20:43:00,YABA,TILL-01,Amaka Eze,+ 2 3 4 7 8 1 4 2 6 2 0 7 4,SKU1009,Cowbell Milk Powder 360g,Dairy,3,"₦1,710.00",0,Transfer
RCPT-101431,TXN101431,06-04-2026,12:26:00,YABA,TILL-02,Tunde Bakare,,SKU1003,Golden Morn 500g,Grains & Staples,3,1370,0,POS Card
RCPT-101254,TXN101254,2026-04-23,14:47:00,Ikeja Branch,TILL-01,Ibrahim Musa,,SKU1001,Indomie Noodle 70g,Grains & Staples,2,160,0,Transfer
RCPT-100710,TXN100710,16-05-2026,21:16:00,Yaba Branch,TILL-01,Fatima Bello,8188982206,SKU1027,Amstel Malta 33cl,Beverages,1,390,0,Cash
RCPT-100320,TXN100320,2026-06-15,18:00:00,Yaba Branch,TILL-03,Segun Adeyemi,08182429842,SKU1004,DANGOTE SUGAR 1KG ,Grains & Staples,1,1320,0,Card
RCPT-100072,TXN100072,03/31/2026,21:28:00,MiniMart Express - Surulere,TILL-01,Amaka Eze,,SKU1003,Golden Morn 500g,Grains & Staples,2,"₦1,620.00",0,ussd
RCPT-101522,TXN101522,2026-05-28,08:27:00,YABA,TILL-02,Emeka Obi,,SKU1001,indomie noodles 70g,Grains & Staples,4,170,0,POS Card
RCPT-100607,TXN100607,2026-03-19,16:02:00,SURULERE,TILL-01,Segun Adeyemi,,SKU1024,"Pampers Diapers (pack, medium)",Baby Products,1,4700,0,POS
RCPT-100914,TXN100914,2026-05-11,11:49:00,Surulere Branch,TILL-01,Emeka Obi,,SKU1023,Ariel Detergent 900g,Household,1,"1,630.00",0,cash
RCPT-101647,TXN101647,28/06/2026,10:56:00,IKEJA,TILL-02,Amaka Eze,,SKU1020,Cerelac Infant Cereal 400g,Baby Products,1,3410,0,pos
RCPT-102324,TXN102324,26-03-2026,10:16:00,SURULERE,TILL-01,Ibrahim Musa,,SKU1015,Close Up Toothpaste 140ml,Personal Care,1,830,0,Cash
RCPT-101487,TXN101487,2026-04-27,13:05:00,minimart express-ikeja ,TILL-01,Blessing Nwosu,,SKU1024,"Pampers Diapers (pack, medium)",Baby Products,-2,4090,0,Bank Transfer
RCPT-101034,TXN101034,2026-05-21,13:20:00,Surulere Branch,TILL-01,Tunde Bakare,2347304583996,SKU1015,Close Up Toothpaste 140ml,Personal Care,1,920,0,Bank Transfer
RCPT-102442,TXN102442,30-03-2026,08:39:00,MiniMart Express - Yaba,TILL-02,Blessing Nwosu,,SKU1003,Golden Morn 500g,Grains & Staples,3,1310,0,Cash
RCPT-101133,TXN101133,2026-05-24,16:02:00,Surulere Branch,TILL-01,Emeka Obi,8616547750,SKU1009,Cowbell Milk Powder 360g,Dairy,1,1900,0,Card
RCPT-100558,TXN100558,2026-07-20,13:43:00, Yaba,TILL-02,Amaka Eze,,SKU1004,DANGOTE SUGAR 1KG ,Grains & Staples,2,1170,0,Cash
RCPT-100692,TXN100692,2026-06-18,12:43:00,SURULERE,TILL-01,Tunde Bakare,,SKU1002,peak milk evaporated170g,Dairy,2,700,0,Cash
RCPT-102190,TXN102190,2026-03-17,11:54:00,YABA,TILL-03,Chidinma Okafor,,SKU1028,Semovita 2kg,GRAINS & STAPLES,2,2360,0,ussd
RCPT-101357,TXN101357,2026-04-07,09:53:00,Surulere Branch,TILL-01,Emeka Obi,8987568709,SKU1026,Chivita Juice 1L,BEVERAGES,2,1190,0,Card
RCPT-101367,TXN101367,2026-06-26,13:00:00,SURULERE,TILL-01,Segun Adeyemi,,SKU1022,Knorr Chicken Cubes (pack),Grains & Staples,4,340,0,POS
RCPT-101167,TXN101167,2026-05-02,15:45:00,minimart express-ikeja ,TILL-01,Tunde Bakare,+2348736005242,SKU1013,Omo Detergent 900g,Household,1,1530,0,POS Card
RCPT-100318,TXN100318,2026-04-07,12:42:00,Surulere Branch,TILL-01,Ibrahim Musa,2348909472177,SKU1025,Tom Tom Sweet (pack),Snacks,1,290,0,Transfer
RCPT-100478,TXN100478,2026-06-18,18:50:00,IKEJA,TILL-02,Segun Adeyemi,,SKU1019,Titus Sardine 125g,Canned Foods,3,780,0,transfer
RCPT-101037,TXN101037,2026-05-09,17:08:00,MiniMart Express - Yaba,TILL-03,Blessing Nwosu,,SKU1024,"Pampers Diapers (pack, medium)",Baby Products,2,4380,0,cash
RCPT-101680,TXN101680,2026-05-30,17:15:00,Yaba Branch,TILL-03,Emeka Obi,,SKU1027,Amstel Malta 33cl,Beverages,1,400,0,Cash
RCPT-102064,TXN102064,2026-04-18,21:38:00, Yaba,TILL-03,Tunde Bakare,,SKU1003,Golden Morn 500g,Grains & Staples,2,"₦1,570.00",0,Cash
RCPT-100394,TXN100394,2026-03-03,17:47:00,Yaba Branch,TILL-03,Ibrahim Musa,+2347033140448,SKU1023,Ariel Detergent 900g,Household,2,1630,0,ussd
RCPT-100181,TXN100181,07/03/2026,11:46:00,MiniMart Express - Ikeja,TILL-02,Blessing Nwosu,,SKU1030,Nasco Cornflakes 500g,Grains & Staples,5,1860,10,cash
RCPT-101995,TXN101995,2026-06-19,19:46:00,SURULERE,TILL-01,Fatima Bello,+2347168442132,SKU1025,Tom Tom Sweet (pack),Snacks,2,310,0,POS Card
RCPT-101283,TXN101283,02/04/2026,17:07:00,MiniMart Express - Ikeja,TILL-01,Tunde Bakare,,SKU1009,Cowbell Milk Powder 360g,Dairy,4,1770,0,transfer
RCPT-102330,TXN102330,2026-07-25,15:47:00,Ikeja Branch,TILL-01,Tunde Bakare,,SKU1024,"Pampers Diapers (pack, medium)",Baby Products,2,4640,15,USSD
RCPT-100492,TXN100492,2026-03-21,14:04:00,minimart express-ikeja ,TILL-01,Ibrahim Musa,,SKU1019,Titus Sardine 125g,Canned Foods,2,,0,Bank Transfer
RCPT-101250,TXN101250,2026-06-11,18:14:00,SURULERE,TILL-01,Amaka Eze,,SKU1018,Maltina 33cl,Beverages,2,460,0,POS Card
RCPT-100450,TXN100450,2026-06-25,18:37:00,IKEJA,TILL-02,Ibrahim Musa,+2348978714686,SKU1010,MAMA GOLD RICE 5KG,Grains & Staples,5,"₦6,480.00",15,POS
RCPT-102030,TXN102030,2026-04-28,12:13:00,YABA,TILL-01,Fatima Bello,,SKU1026,Chivita Juice 1L,,1,1390,0,ATM Card
RCPT-100776,TXN100776,2026-04-18,10:56:00,MiniMart Express - Yaba,TILL-02,Emeka Obi,+2347173207839,SKU1015,Close Up Toothpaste 140ml,Personal Care,1,850,0,USSD
RCPT-100304,TXN100304,2026-04-19,17:59:00,MiniMart Express - Yaba,TILL-02,Chidinma Okafor,,SKU1008,Milo 400g,Beverages,2,1970,0,POS Card
RCPT-100185,TXN100185,04/18/2026,07:40:00,SURULERE,TILL-01,Fatima Bello,+2349086405343,SKU1015,Close Up Toothpaste 140ml,Personal Care,2,1010,0,Transfer
RCPT-101799,TXN101799,2026-06-06,13:41:00,MiniMart Express - Surulere,TILL-01,Chidinma Okafor,,SKU1013,Omo Detergent 900g,Household,4,"1,790.00",0,Bank Transfer
RCPT-100492,TXN100492,2026-03-21,14:04:00,IKEJA,TILL-01,Ibrahim Musa,,SKU1024,"Pampers Diapers (pack, medium)",Baby Products,1,"₦5,050.00",0,Bank Transfer
RCPT-101359,TXN101359,2026-07-25,17:27:00,minimart express-ikeja ,TILL-01,Amaka Eze,,SKU1025,Tom Tom Sweet (pack),Snacks,1,330,0,ussd
RCPT-101279,TXN101279,2026-04-03,16:12:00, Yaba,TILL-01,Amaka Eze,,SKU1008,Milo 400g,Beverages,1,2230,0,Cash
RCPT-101282,TXN101282,2026-07-25,08:15:00,MiniMart Express - Surulere,TILL-01,Fatima Bello,2348408970099,SKU1009,Cowbell Milk Powder 360g,Dairy,3,1780,0,transfer
RCPT-101505,TXN101505,2026-04-08,12:02:00,MiniMart Express - Yaba,TILL-01,Chidinma Okafor,,SKU1017,La Casera 50cl,Beverages,3,320,0,Cash
RCPT-100147,TXN100147,06/20/2026,10:40:00,MiniMart Express - Surulere,TILL-01,Segun Adeyemi,09012263679,SKU1026,Chivita Juice 1L,Beverages,1,1460,0,Cash
RCPT-102366,TXN102366,2026-07-19,19:50:00,Ikeja Branch,TILL-01,Fatima Bello,,SKU1001,indomie noodles 70g,Grains & Staples,5,140,0,transfer
RCPT-100538,TXN100538,2026-04-22,12:08 PM,MiniMart Express - Surulere,TILL-01,Fatima Bello,,SKU1012,Kings Vegetable Oil 1L,Grains & Staples,2,2480,0,Bank Transfer
RCPT-102384,TXN102384,2026-04-01,07:58:00, Yaba,TILL-02,Emeka Obi,09051513986,SKU1026,Chivita Juice 1L,Beverages,3,1470,0,CASH
RCPT-102217,TXN102217,2026-06-30,09:12:00,MiniMart Express - Ikeja,TILL-01,Ibrahim Musa,,SKU1023,Ariel Detergent 900g,Household,2,"₦1,610.00",0,POS
RCPT-101479,TXN101479,2026-07-08,15:39:00,IKEJA,TILL-01,Ibrahim Musa,8902141084,SKU1026,Chivita Juice 1L,Beverages,2,,0,Cash
RCPT-100537,TXN100537,2026-06-07,17:29:00,IKEJA,TILL-01,Tunde Bakare,,SKU1010,Mama Gold Rice5kg,,1,7050,0,Bank Transfer
RCPT-100282,TXN100282,2026-05-22,12:09:00,Surulere Branch,TILL-01,Amaka Eze,+2348754920197,SKU1025,Tom Tom Sweet (pack),,1,330,0,POS
RCPT-101933,TXN101933,17/06/2026,17:01:00,Surulere Branch,TILL-01,Amaka Eze,,SKU1004,Dangote Sugar 1kg,Grains & Staples,3,1150,0,Card
RCPT-100187,TXN100187,2026-04-27,17:03:00,MiniMart Express - Yaba,TILL-01,Ibrahim Musa,8984003461,SKU1001,indomie noodles 70g,Grains & Staples,2,160.00,0,CASH
RCPT-100863,TXN100863,04/18/2026,08:07:00,MiniMart Express - Ikeja,TILL-01,Chidinma Okafor,+2348824462703,SKU1010,Mama Gold Rice 5kg,Grains & Staples,1,6370,0,Card
RCPT-100635,TXN100635,2026-04-30,14:07:00,SURULERE,TILL-01,Fatima Bello,,SKU1007,Gala Sausage Roll,Snacks,1,230,0,Transfer
RCPT-101791,TXN101791,2026-07-23,15:32:00,YABA,TILL-03,Amaka Eze,+2347578430106,SKU1029,Dano Milk Powder 400g,Dairy,1,"3,120.00",0,Cash
RCPT-101414,TXN101414,2026-07-08,19:44:00, Yaba,TILL-01,Chidinma Okafor,,SKU1024,"Pampers Diapers (pack, medium)",Baby Products,1,4730,0,transfer
RCPT-100109,TXN100109,2026-07-22,10:25:00,IKEJA,TILL-01,Emeka Obi,07509795418,SKU1022,Knorr Chicken Cubes (pack),Grains & Staples,2,₦310.00,0,cash
RCPT-100499,TXN100499,2026-06-05,16:37:00,Ikeja Branch,TILL-02,Emeka Obi,7663773909,SKU1006,Bigi Cola 50cl,,1,320,10,cash
RCPT-100659,TXN100659,16/06/2026,11:31:00,MiniMart Express - Surulere,TILL-01,Amaka Eze,,SKU1002,peak milk evaporated170g,Dairy,1,₦670.00,0,ATM Card
RCPT-101867,TXN101867,2026-07-31,16:39:00,MiniMart Express - Yaba,TILL-02,Chidinma Okafor,,SKU1018,Maltina 33cl,Beverages,2,410,15,ussd
RCPT-101863,TXN101863,03/29/2026,17:24:00, Yaba,TILL-01,Fatima Bello,2348695492678,SKU1009,Cowbell Milk Powder 360g,Dairy,4,1790,0,pos
RCPT-101566,TXN101566,2026-07-19,12:37:00, Yaba,TILL-03,Fatima Bello,,SKU1025,Tom Tom Sweet (pack),Snacks,2,290,0,Cash
RCPT-101305,TXN101305,2026-04-11,11:26:00,MiniMart Express - Yaba,TILL-01,Segun Adeyemi,0 8 1 8 3 0 0 2 2 8 3,SKU1027,Amstel Malta 33cl,Beverages,1,440,0,Bank Transfer
RCPT-101832,TXN101832,2026-05-09,02:57 PM, Yaba,TILL-02,Amaka Eze,,SKU1026,Chivita Juice 1L,Beverages,1,1410,0,Cash
RCPT-101475,TXN101475,07-04-2026,11:09:00,YABA,TILL-01,Fatima Bello,7913232819,SKU1021,Bournvita 500g,Beverages,1,2560,0,Bank Transfer
RCPT-102449,TXN102449,2026-04-05,21:47:00,MiniMart Express - Surulere,TILL-01,Ibrahim Musa,+2348257250502,SKU1016,Eva Water 75cl,Beverages,1,190,0,Card
RCPT-101891,TXN101891,2026-07-21,20:31:00,SURULERE,TILL-01,Fatima Bello,+2347295267006,SKU1023,Ariel Detergent 900g,Household,1,1850,0,Card
RCPT-100023,TXN100023,2026-07-23,17:11:00,IKEJA,TILL-01,Fatima Bello,,SKU1016,Eva Water 75cl,Beverages,2,210,0,Cash
RCPT-101372,TXN101372,2026-06-03,09:44:00,Yaba Branch,TILL-01,Fatima Bello,07528643891,SKU1024,"Pampers Diapers (pack, medium)",Baby Products,1,"4,410.00",0,ATM Card
RCPT-100943,TXN100943,08/04/2026,19:26:00,YABA,TILL-02,Chidinma Okafor,,SKU1014,Dettol Soap 65g,Personal Care,1,340,0,CASH
RCPT-100021,TXN100021,03/23/2026,12:20:00,MiniMart Express - Surulere,TILL-01,Emeka Obi,,SKU1022,Knorr Chicken Cubes (pack),Grains & Staples,2,300,0,Bank Transfer
RCPT-101866,TXN101866,2026-07-18,16:51:00, Yaba,TILL-03,Emeka Obi,,SKU1014,Dettol Soap 65g,Personal Care,1,370,10,Cash
RCPT-102105,TXN102105,2026-06-09,15:36:00, Yaba,TILL-03,Ibrahim Musa,7149230303,SKU1015,Close Up Toothpaste 140ml,Personal Care,4,"₦1,000.00",0,POS Card
RCPT-100455,TXN100455,07/19/2026,09:07:00,MiniMart Express - Yaba,TILL-03,Fatima Bello,,SKU1027,Amstel Malta 33cl,,3,400,0,POS Card
RCPT-101634,TXN101634,2026-06-16,17:42:00,IKEJA,TILL-01,Emeka Obi,,SKU1014,Dettol Soap 65g,Personal Care,3,350,0,Transfer
RCPT-100841,TXN100841,2026-07-29,12:16:00,Yaba Branch,TILL-02,Segun Adeyemi,8961717135,SKU1022,Knorr Chicken Cubes (pack),Grains & Staples,1,320,0,ATM Card
RCPT-100810,TXN100810,2026-06-09,11:38:00,Surulere Branch,TILL-01,Tunde Bakare,,SKU1018,Maltina 33cl,Beverages,3,460,0,USSD
RCPT-102140,TXN102140,2026-03-27,17:19:00,Surulere Branch,TILL-01,Segun Adeyemi,08856564373,SKU1010,Mama Gold Rice 5kg,Grains & Staples,5,"₦6,720.00",0,Cash
RCPT-102107,TXN102107,2026-05-12,21:19:00,Ikeja Branch,TILL-01,Fatima Bello,+2347003127474,SKU1010,Mama Gold Rice5kg,Grains & Staples,2,7120,0,POS Card
RCPT-101782,TXN101782,2026-04-29,17:26:00, Yaba,TILL-01,Segun Adeyemi,,SKU1020,Cerelac Infant Cereal 400g,Baby Products,1,"3,490.00",10,Cash
RCPT-100551,TXN100551,2026-07-12,09:00:00,Ikeja Branch,TILL-01,Emeka Obi,+2347799920353,SKU1018,Maltina 33cl,Beverages,2,420,0,ATM Card
RCPT-101402,TXN101402,21/06/2026,11:33:00,MiniMart Express - Yaba,TILL-02,Chidinma Okafor,,SKU1025,Tom Tom Sweet (pack),Snacks,2,330,0,CASH
RCPT-102568,TXN102568,2026-03-22,10:52:00,MiniMart Express - Ikeja,TILL-01,Fatima Bello,,SKU1022,Knorr Chicken Cubes (pack),Grains & Staples,1,310,0,Cash
RCPT-101331,TXN101331,2026-04-06,11:03:00,Surulere Branch,TILL-01,Blessing Nwosu,,SKU1027,Amstel Malta 33cl,Beverages,4,390,0,Transfer
RCPT-100418,TXN100418,2026-05-11,17:13:00,MiniMart Express - Ikeja,TILL-01,Amaka Eze,,SKU1008,Milo 400g,BEVERAGES,3,2030,0,USSD
RCPT-100360,TXN100360,05/27/2026,12:55 PM,Yaba Branch,TILL-03,Tunde Bakare,,SKU1008,Milo 400g,Beverages,1,,0,Transfer
RCPT-100841,TXN100841,2026-07-29,12:16:00,YABA,TILL-02,Segun Adeyemi,8961717135,SKU1026,Chivita Juice 1L,Beverages,185,"1,230.00",0,ATM Card
RCPT-101627,TXN101627,2026-06-11,12:02:00,IKEJA,TILL-02,Segun Adeyemi,7671559038,SKU1012,Kings Vegetable Oil 1L,Grains & Staples,3,2880,10,CASH
RCPT-100389,TXN100389,2026-03-12,12:04:00,MiniMart Express - Surulere,TILL-01,Amaka Eze,,SKU1019,Titus Sardine 125g,Canned Foods,2,,0,POS Card
RCPT-100424,TXN100424,2026-07-14,12:35:00,Ikeja Branch,TILL-01,Tunde Bakare,,SKU1022,Knorr Chicken Cubes (pack),Grains & Staples,-2,280,0,POS Card
RCPT-101865,TXN101865,2026-04-16,14:33:00,MiniMart Express - Yaba,TILL-03,Segun Adeyemi,+2347565901529,SKU1014,Dettol Soap 65g,Personal Care,1,330.00,0,Transfer
RCPT-102245,TXN102245,2026-05-21,05:11 PM,Surulere Branch,TILL-01,Fatima Bello,07304379254,SKU1023,Ariel Detergent 900g,,3,1860,0,Cash
RCPT-100393,TXN100393,2026-07-10,09:46:00,Yaba Branch,TILL-01,Tunde Bakare,+2347411020454,SKU1005,Coke 50cl,Beverages,2,390,0,Cash
RCPT-100436,TXN100436,2026-06-19,11:57:00,minimart express-ikeja ,TILL-02,Fatima Bello,,SKU1001,INDOMIE NOODLES 70G,Grains & Staples,2,150,0,Card
RCPT-101729,TXN101729,2026-03-11,12:13:00,MiniMart Express - Surulere,TILL-01,Segun Adeyemi,+2347935539600,SKU1003,Golden Morn 500g,Grains & Staples,3,1570,0,ATM Card
RCPT-100190,TXN100190,08-05-2026,21:44:00,MiniMart Express - Ikeja,TILL-01,Tunde Bakare,08827243511,SKU1008,Milo 400g,Beverages,1,"₦1,940.00",0,Cash
RCPT-100424,TXN100424,2026-07-14,12:35:00,Ikeja Branch,TILL-01,Tunde Bakare,,SKU1001,Indomie Noodles 70g,Grains & Staples,1,140,0,POS Card
RCPT-101252,TXN101252,2026-07-10,19:40:00,YABA,TILL-03,Ibrahim Musa,,SKU1026,Chivita Juice 1L,Beverages,1,1340,0,Bank Transfer
RCPT-100163,TXN100163,2026-07-11,16:52:00,IKEJA,TILL-01,Segun Adeyemi,08162643963,SKU1002,Peak Milk Evaporated 170g,Dairy,1,680,0,transfer
RCPT-100005,TXN100005,2026-03-25,09:27:00,Yaba Branch,TILL-02,Ibrahim Musa,,SKU1002,Peak Milk Evaporated 170g,Dairy,1,660,0,POS Card
RCPT-100721,TXN100721,05/12/2026,08:39:00,Ikeja Branch,TILL-01,Fatima Bello,08754982314,SKU1002,peak milk evaporated170g,Dairy,4,610,0,POS Card
RCPT-100761,TXN100761,2026-04-16,11:41:00,MiniMart Express - Ikeja,TILL-02,Segun Adeyemi,+2348457937827,SKU1030,Nasco Cornflakes 500g,GRAINS & STAPLES,3,1870,0,Cash
RCPT-102429,TXN102429,2026-05-11,12:21:00,MiniMart Express - Yaba,TILL-01,Fatima Bello,,SKU1027,Amstel Malta 33cl,Beverages,1,₦390.00,0,ATM Card
RCPT-101482,TXN101482,28/06/2026,20:00:00,minimart express-ikeja ,TILL-01,Blessing Nwosu,,SKU1010,MAMA GOLD RICE 5KG,Grains & Staples,1,"₦5,940.00",0,pos
RCPT-101610,TXN101610,01/05/2026,10:13:00,MiniMart Express - Ikeja,TILL-01,Ibrahim Musa,07092150056,SKU1015,Close Up Toothpaste 140ml,Personal Care,4,980,0,POS Card
RCPT-100631,TXN100631,2026-07-01,09:43 AM,SURULERE,TILL-01,Fatima Bello,2347182029472,SKU1029,Dano Milk Powder 400g,Dairy,4,"2,660.00",0,pos
RCPT-100935,TXN100935,15/06/2026,10:35:00,Surulere Branch,TILL-01,Emeka Obi,+2347572218976,SKU1029,Dano Milk Powder 400g,Dairy,1,2990,0,pos
RCPT-101584,TXN101584,2026-03-01,12:52:00,MiniMart Express - Surulere,TILL-01,Amaka Eze,2347732069111,SKU1014,Dettol Soap 65g,Personal Care,1,330,0,Cash
RCPT-101678,TXN101678,2026-07-28,15:34:00, Yaba,TILL-01,Fatima Bello,7152866047,SKU1022,Knorr Chicken Cubes (pack),Grains & Staples,1,310,0,Cash
RCPT-101516,TXN101516,05/26/2026,16:54:00,IKEJA,TILL-01,Fatima Bello,,SKU1027,Amstel Malta 33cl,Beverages,3,370,0,Cash
RCPT-101184,TXN101184,2026-07-03,08:37:00,YABA,TILL-03,Segun Adeyemi,,SKU1003,Golden Morn 500g,Grains & Staples,1,1350,0,Bank Transfer
RCPT-102464,TXN102464,2026-06-27,15:02:00,Surulere Branch,TILL-01,Fatima Bello,,SKU1003,Golden Morn 500g,Grains & Staples,2,,0,ussd
RCPT-101828,TXN101828,2026-04-06,07:12:00,SURULERE,TILL-01,Segun Adeyemi,,SKU1010,Mama Gold Rice5kg,Grains & Staples,2,7100,0,Cash
RCPT-100604,,2026-04-04,15:15:00,SURULERE,TILL-01,Tunde Bakare,,SKU1013,Omo Detergent 900g,Household,4,,0,transfer
RCPT-101059,TXN101059,2026-05-14,18:22:00,minimart express-ikeja ,TILL-02,Fatima Bello,,SKU1014,Dettol Soap 65g,Personal Care,-2,₦400.00,0,USSD
RCPT-100411,TXN100411,04/17/2026,21:28:00, Yaba,TILL-03,Fatima Bello,,SKU1005,COCA COLA 50CL,Beverages,1,420,0,Transfer
RCPT-101214,TXN101214,2026-05-15,14:23:00,MiniMart Express - Yaba,TILL-02,Emeka Obi,,SKU1028,Semovita 2kg,Grains & Staples,1,1960,0,Transfer
RCPT-100958,TXN100958,07/22/2026,20:01:00, Yaba,TILL-03,Amaka Eze,,SKU1023,Ariel Detergent 900g,Household,5,1870,0,POS Card
RCPT-100183,TXN100183,2026-07-04,12:37:00,MiniMart Express - Surulere,TILL-01,Fatima Bello,,SKU1007,Gala Sausage Roll,Snacks,2,270.00,0,Transfer
RCPT-100551,TXN100551,2026-07-12,09:00:00,minimart express-ikeja ,TILL-01,Emeka Obi,+2347799920353,SKU1003,Golden Morn 500g,Grains & Staples,2,"1,520.00",0,ATM Card
RCPT-100723,TXN100723,07/26/2026,18:09:00,minimart express-ikeja ,TILL-01,Amaka Eze,,SKU1029,Dano Milk Powder 400g,Dairy,1,2960,0,Bank Transfer
RCPT-100796,TXN100796,2026-03-05,17:58:00, Yaba,TILL-01,Amaka Eze,,SKU1018,Maltina 33cl,Beverages,4,510,0,cash
RCPT-100095,TXN100095,2026-03-18,20:35:00,MiniMart Express - Surulere,TILL-01,Chidinma Okafor,,SKU1008,Milo 400g,Beverages,4,"2,380.00",0,transfer
RCPT-101557,TXN101557,2026-07-20,16:00:00,minimart express-ikeja ,TILL-02,Blessing Nwosu,,SKU1028,Semovita 2kg,Grains & Staples,1,"2,310.00",0,Cash
RCPT-101548,TXN101548,2026-07-22,16:05:00,MiniMart Express - Surulere,TILL-01,Segun Adeyemi,08305881592,SKU1026,Chivita Juice 1L,Beverages,4,1350,0,CASH
RCPT-100959,TXN100959,15-07-2026,07:01 AM,MiniMart Express - Yaba,TILL-03,Amaka Eze,+2348503733001,SKU1010,Mama Gold Rice5kg,Grains & Staples,2,"5,980.00",0,Transfer
RCPT-100380,TXN100380,2026-06-17,11:04:00,YABA,TILL-03,Fatima Bello,,SKU1010,Mama Gold Rice 5kg,Grains & Staples,4,6010,0,ATM Card
RCPT-101618,TXN101618,2026-05-11,09:22:00,Yaba Branch,TILL-03,Ibrahim Musa,+2347383333028,SKU1003,Golden Morn 500g,Grains & Staples,1,1660,15,Transfer
RCPT-102538,TXN102538,2026-06-21,09:27:00,MiniMart Express - Yaba,TILL-01,Chidinma Okafor,+2347245637874,SKU1011,Honeywell Semolina 2kg,Grains & Staples,3,2590,0,USSD
RCPT-101232,TXN101232,2026-07-27,20:25:00,Yaba Branch,TILL-02,Blessing Nwosu,7369290990,SKU1024,"Pampers Diapers (pack, medium)",Baby Products,2,4200,0,POS Card
RCPT-101218,TXN101218,2026-04-16,14:58:00,minimart express-ikeja ,TILL-01,Emeka Obi,2347402923322,SKU1029,Dano Milk Powder 400g,Dairy,2,2970,0,Cash
RCPT-102498,TXN102498,06/08/2026,16:30:00,IKEJA,TILL-02,Chidinma Okafor,2348773272583,SKU1026,Chivita Juice 1L,Beverages,1,1280,0,Cash
RCPT-101030,TXN101030,2026-03-16,07:04:00,SURULERE,TILL-01,Tunde Bakare,,SKU1004,DANGOTE SUGAR 1KG ,Grains & Staples,4,1270,0,Cash
RCPT-101967,TXN101967,2026-06-14,20:58:00,MiniMart Express - Yaba,TILL-01,Amaka Eze,8 8 4 3 2 6 2 2 8 5,SKU1001, Indomie Noodles 70g ,Grains & Staples,3,160,0,pos
RCPT-102523,TXN102523,05/08/2026,16:42:00,Yaba Branch,TILL-03,Ibrahim Musa,,SKU1020,Cerelac Infant Cereal 400g,Baby Products,1,3080,0,Card
RCPT-100926,TXN100926,2026-05-15,18:25:00,MiniMart Express - Surulere,TILL-01,Amaka Eze,,SKU1026,Chivita Juice 1L,Beverages,1,1220,0,Card
RCPT-101910,TXN101910,2026-05-26,10:26:00,MiniMart Express - Ikeja,TILL-02,Emeka Obi,2347806313328,SKU1005,Coca-Cola 50cl,Beverages,1,400,0,Cash
RCPT-102163,TXN102163,05/24/2026,14:00:00,MiniMart Express - Surulere,TILL-01,Segun Adeyemi,2348718480943,SKU1018,Maltina 33cl,Beverages,5,480.00,15,USSD
RCPT-100722,TXN100722,2026-05-10,19:16:00,minimart express-ikeja ,TILL-02,Blessing Nwosu,,SKU1016,Eva Water 75cl,Beverages,1,,0,POS
RCPT-100658,TXN100658,2026-04-02,18:14:00,Yaba Branch,TILL-01,Chidinma Okafor,08713123388,SKU1030,Nasco Cornflakes 500g,Grains & Staples,1,2140,0,transfer
RCPT-102459,TXN102459,06/09/2026,17:29:00,Surulere Branch,TILL-01,Emeka Obi,,SKU1025,Tom Tom Sweet (pack),Snacks,3,330,0,CASH
RCPT-100353,TXN100353,2026-05-22,12:02:00,Ikeja Branch,TILL-01,Chidinma Okafor,,SKU1024,"Pampers Diapers (pack, medium)",Baby Products,2,"4,860.00",0,ATM Card
RCPT-101990,TXN101990,2026-05-25,19:42:00,MiniMart Express - Surulere,TILL-01,Fatima Bello,+2347197868932,SKU1023,Ariel Detergent 900g,Household,1,1780,0,Transfer
RCPT-100801,TXN100801,2026-07-22,18:31:00,SURULERE,TILL-01,Amaka Eze,+2348286678253,SKU1013,Omo Detergent 900g,Household,2,1580,0,Bank Transfer
RCPT-101194,TXN101194,2026-03-20,07:02:00,YABA,TILL-03,Ibrahim Musa,2347291518129,SKU1021,Bournvita 500g,Beverages,4,2400,15,Cash
RCPT-101640,TXN101640,2026-05-22,07:36:00,MiniMart Express - Ikeja,TILL-01,Emeka Obi,,SKU1029,Dano Milk Powder 400g,Dairy,1,2950,0,ATM Card
RCPT-102507,TXN102507,2026-05-05,10:12:00,SURULERE,TILL-01,Blessing Nwosu,9017891331,SKU1011,Honeywell Semolina 2kg,Grains & Staples,3,2620,0,cash
RCPT-100834,TXN100834,2026-05-08,16:52:00,IKEJA,TILL-01,Emeka Obi,+2347676386017,SKU1008,Milo 400g,Beverages,1,2290,5,POS Card
RCPT-101565,TXN101565,2026-04-09,14:27:00,Ikeja Branch,TILL-01,Amaka Eze,,SKU1012,Kings Vegetable Oil 1L,Grains & Staples,1,"2,440.00",0,POS
RCPT-101603,TXN101603,17-06-2026,15:31:00,YABA,TILL-03,Tunde Bakare,,SKU1013,Omo Detergent 900g,,2,,0,CASH
RCPT-100612,TXN100612,2026-05-27,11:57:00,Yaba Branch,TILL-01,Blessing Nwosu,07531846806,SKU1006,Bigi Cola 50cl,Beverages,1,330,0,POS Card
RCPT-100736,TXN100736,2026-03-14,17:55:00,MiniMart Express - Yaba,TILL-02,Fatima Bello,08055803188,SKU1011,Honeywell Semolina 2kg,Grains & Staples,1,2600,0,POS Card
RCPT-101534,TXN101534,2026-04-29,17:23:00,Surulere Branch,TILL-01,Amaka Eze,+2347023268265,SKU1014,Dettol Soap 65g,Personal Care,2,390.00,0,POS
RCPT-101533,TXN101533,2026-04-11,21:23:00,IKEJA,TILL-02,Blessing Nwosu,,SKU1015,Close Up Toothpaste 140ml,Personal Care,4,990,0,Bank Transfer
RCPT-100924,TXN100924,09/03/2026,04:39 PM,YABA,TILL-02,Emeka Obi,,SKU1014,Dettol Soap 65g,Personal Care,1,360,0,Cash
RCPT-100733,TXN100733,21-07-2026,10:20:00,Ikeja Branch,TILL-01,Emeka Obi,8353224737,SKU1023,Ariel Detergent 900g,Household,2,1790,10,cash
RCPT-101230,TXN101230,03/06/2026,09:51:00,MiniMart Express - Surulere,TILL-01,Chidinma Okafor,2347061756442,SKU1024,"Pampers Diapers (pack, medium)",Baby Products,3,4500,0,cash
RCPT-100351,TXN100351,2026-03-05,16:48:00,Yaba Branch,TILL-03,Segun Adeyemi,,SKU1001,Indomie Noodles 70g,Grains & Staples,1,140,0,Bank Transfer
RCPT-101457,TXN101457,19/04/2026,13:31:00,IKEJA,TILL-02,Segun Adeyemi,,SKU1003,Golden Morn 500g,Grains & Staples,1,"1,670.00",0,Bank Transfer
RCPT-102007,TXN102007,2026-07-18,16:22:00,YABA,TILL-01,Fatima Bello,,SKU1025,Tom Tom Sweet (pack),Snacks,1,270,0,Cash
RCPT-100635,TXN100635,2026-04-30,14:07:00,Surulere Branch,TILL-01,Fatima Bello,,SKU1013,Omo Detergent 900g,Household,1,1700,0,Transfer
RCPT-100481,TXN100481,2026-06-08,14:13:00,Yaba Branch,TILL-03,Chidinma Okafor,07526111680,SKU1025,Tom Tom Sweet (pack),Snacks,2,330,0,Bank Transfer
RCPT-101658,TXN101658,2026-03-12,11:15:00,Ikeja Branch,TILL-02,Emeka Obi,,SKU1007,Gala Sausage Roll,Snacks,3,260,0,CASH
RCPT-102287,TXN102287,2026-07-02,11:34:00,SURULERE,TILL-01,Chidinma Okafor,,SKU1018,Maltina 33cl,Beverages,3,520,0,ATM Card
RCPT-100679,TXN100679,2026-04-19,09:27:00,Yaba Branch,TILL-03,Ibrahim Musa,,SKU1018,Maltina 33cl,Beverages,4,500,0,ussd
RCPT-100189,TXN100189,26-03-2026,17:02:00,Yaba Branch,TILL-03,Ibrahim Musa,,SKU1027,Amstel Malta 33cl,Beverages,1,400,0,Cash
RCPT-100275,TXN100275,2026-05-08,16:03:00,SURULERE,TILL-01,Emeka Obi,,SKU1006,Bigi Cola 50cl,Beverages,2,360,0,POS Card
RCPT-100433,TXN100433,2026-03-02,14:05:00,MiniMart Express - Ikeja,TILL-01,Segun Adeyemi,2347736587097,SKU1002,Peak Milk Evap 170g,Dairy,1,600,15,Cash
RCPT-100167,TXN100167,2026-05-29,19:13:00,Surulere Branch,TILL-01,Fatima Bello,+2348305719620,SKU1003,Golden Morn 500g,Grains & Staples,1,1490,0,pos
RCPT-100385,TXN100385,05/05/2026,15:56:00,SURULERE,TILL-01,Emeka Obi,7863539800,SKU1018,Maltina 33cl,Beverages,1,510,0,POS Card
RCPT-100003,TXN100003,2026-03-15,11:02:00,Surulere Branch,TILL-01,Segun Adeyemi,+2348025491946,SKU1016,Eva Water 75cl,Beverages,1,190,0,USSD
RCPT-102210,TXN102210,2026-04-17,13:39:00,SURULERE,TILL-01,Segun Adeyemi,,SKU1022,Knorr Chicken Cubes (pack),Grains & Staples,1,320,0,ATM Card
RCPT-100907,TXN100907,2026-06-12,14:59:00,SURULERE,TILL-01,Ibrahim Musa,+2347449480654,SKU1013,Omo Detergent 900g,Household,1,1500,0,POS
RCPT-100504,TXN100504,2026-05-11,12:42:00,Yaba Branch,TILL-03,Fatima Bello,2348026410210,SKU1004,Dangote Sugar 1kg,Grains & Staples,-1,1240,0,POS Card
RCPT-102374,TXN102374,2026-03-20,21:48:00,Surulere Branch,TILL-01,Amaka Eze,7649091833,SKU1006,Bigi Cola 50cl,Beverages,4,340,0,ussd
RCPT-100584,TXN100584,2026-05-11,14:37:00,Surulere Branch,TILL-01,Chidinma Okafor,,SKU1003,Golden Morn 500g,Grains & Staples,1,1620,0,Bank Transfer
RCPT-101691,TXN101691,2026-03-31,20:02:00,Ikeja Branch,TILL-01,Chidinma Okafor,,SKU1007,Gala Sausage Roll,Snacks,1,260,0,transfer
RCPT-101463,TXN101463,2026-04-02,12:13:00,Yaba Branch,TILL-01,Fatima Bello,7107791323,SKU1026,Chivita Juice 1L,Beverages,1,,0,ussd
RCPT-100921,TXN100921,2026-05-20,21:36:00,SURULERE,TILL-01,Blessing Nwosu,08947448559,SKU1019,Titus Sardine 125g,Canned Foods,1,770,0,ATM Card
RCPT-102384,TXN102384,2026-04-01,07:58:00,YABA,TILL-02,Emeka Obi,09051513986,SKU1002,Peak Milk Evap 170g,Dairy,3,740,0,CASH
RCPT-100622,TXN100622,29-03-2026,20:02:00,IKEJA,TILL-01,Tunde Bakare,+2347977386221,SKU1022,Knorr Chicken Cubes (pack),Grains & Staples,3,300,0,Bank Transfer
RCPT-101646,TXN101646,2026-07-18,18:46:00,MiniMart Express - Yaba,TILL-01,Amaka Eze,8742199032,SKU1025,Tom Tom Sweet (pack),Snacks,1,320,0,transfer
RCPT-101242,TXN101242,2026-03-02,14:54:00,Ikeja Branch,TILL-02,Blessing Nwosu,,SKU1021,Bournvita 500g,Beverages,3,"₦2,230.00",0,Bank Transfer
RCPT-100202,TXN100202,2026-05-13,09:03:00,Yaba Branch,TILL-03,Chidinma Okafor,0 7 0 8 3 9 1 2 1 9 2,SKU1029,Dano Milk Powder 400g,Dairy,3,2720,0,transfer
RCPT-100457,TXN100457,03/27/2026,20:48:00,MiniMart Express - Surulere,TILL-01,Chidinma Okafor,,SKU1023,Ariel Detergent 900g,HOUSEHOLD,1,"₦1,880.00",0,USSD
RCPT-101948,TXN101948,2026-03-30,10:01:00,MiniMart Express - Surulere,TILL-01,Chidinma Okafor,,SKU1029,Dano Milk Powder 400g,Dairy,2,"2,910.00",0,pos
RCPT-101263,TXN101263,05/27/2026,07:02:00,MiniMart Express - Surulere,TILL-01,Ibrahim Musa,,SKU1009,Cowbell Milk Powder 360g,Dairy,2,1780,0,POS
RCPT-100435,TXN100435,2026-04-14,14:30:00,SURULERE,TILL-01,Segun Adeyemi,,SKU1006,Bigi Cola 50cl,Beverages,2,330,0,CASH
RCPT-101487,TXN101487,27/04/2026,13:05:00,minimart express-ikeja ,TILL-01,Blessing Nwosu,,SKU1006,Bigi Cola 50cl,Beverages,1,320,0,Bank Transfer
RCPT-101259,TXN101259,01/07/2026,13:10:00,Yaba Branch,TILL-01,Tunde Bakare,2347832994273,SKU1002,Peak Milk Evaporated 170g,Dairy,2,620,5,Transfer
RCPT-100243,TXN100243,2026-05-10,16:44:00,minimart express-ikeja ,TILL-02,Chidinma Okafor,,SKU1010,Mama Gold Rice5kg,Grains & Staples,2,6330,0,Cash
RCPT-101799,TXN101799,2026-06-06,13:41:00,Surulere Branch,TILL-01,Chidinma Okafor,,SKU1021,Bournvita 500g,Beverages,5,2660,0,Bank Transfer
RCPT-101305,TXN101305,2026-04-11,11:26:00,Yaba Branch,TILL-01,Segun Adeyemi,0 8 1 8 3 0 0 2 2 8 3,SKU1026,Chivita Juice 1L,Beverages,2,"1,350.00",0,Bank Transfer
RCPT-101818,TXN101818,2026-04-17,20:00:00,Surulere Branch,TILL-01,Ibrahim Musa,,SKU1026,Chivita Juice 1L,Beverages,1,1460,0,POS Card
RCPT-100647,TXN100647,2026-04-23,16:13:00,Ikeja Branch,TILL-01,Chidinma Okafor,,SKU1016,Eva Water 75cl,Beverages,1,200,0,Card
RCPT-101955,TXN101955,2026-05-18,07:15 PM,MiniMart Express - Surulere,TILL-01,Ibrahim Musa,8011759309,SKU1011,Honeywell Semolina 2kg,Grains & Staples,1,"₦2,230.00",0,ATM Card
RCPT-100703,TXN100703,2026-06-26,07:25:00,MiniMart Express - Yaba,TILL-02,Chidinma Okafor,,SKU1022,Knorr Chicken Cubes (pack),Grains & Staples,1,340,0,Transfer
RCPT-101450,TXN101450,2026-03-13,17:45:00,MiniMart Express - Surulere,TILL-01,Chidinma Okafor,,SKU1026,Chivita Juice 1L,Beverages,4,1300,0,POS Card
RCPT-102438,TXN102438,2026-03-12,10:30:00,MiniMart Express - Ikeja,TILL-02,Ibrahim Musa,,SKU1007,Gala Sausage Roll,Snacks,2,₦280.00,0,POS
RCPT-101327,TXN101327,2026-06-27,12:17:00,MiniMart Express - Ikeja,TILL-02,Fatima Bello,2348651250021,SKU1016,Eva Water 75cl,Beverages,2,200,0,pos
RCPT-100356,TXN100356,2026-07-25,12:55:00,YABA,TILL-01,Chidinma Okafor,,SKU1020,Cerelac Infant Cereal 400g,,1,3340,0,transfer
RCPT-101220,TXN101220,2026-04-14,11:51:00,MiniMart Express - Yaba,TILL-03,Emeka Obi,,SKU1030,Nasco Cornflakes 500g,Grains & Staples,2,"2,060.00",10,Bank Transfer
RCPT-100876,TXN100876,05/31/2026,10:01:00,Yaba Branch,TILL-03,Chidinma Okafor,,SKU1012,Kings Vegetable Oil 1L,Grains & Staples,5,2440,0,Bank Transfer
RCPT-101320,TXN101320,2026-06-10,21:08:00,YABA,TILL-01,Fatima Bello,,SKU1030,Nasco Cornflakes 500g,Grains & Staples,2,"2,040.00",0,Card
RCPT-100218,TXN100218,07/24/2026,20:29:00,Yaba Branch,TILL-01,Blessing Nwosu,,SKU1004,Dangote Sugar 1kg,Grains & Staples,1,"₦1,340.00",0,POS Card
RCPT-102176,TXN102176,2026-07-15,19:53:00, Yaba,TILL-02,Amaka Eze,2348632820307,SKU1007,Gala Sausage Roll,Snacks,2,₦230.00,0,Cash
RCPT-102598,TXN102598,06-04-2026,19:19:00,Surulere Branch,TILL-01,Tunde Bakare,,SKU1027,Amstel Malta 33cl,Beverages,3,420,0,Card
RCPT-102233,TXN102233,2026-03-23,21:13:00,Yaba Branch,TILL-02,Segun Adeyemi,,SKU1006,Bigi Cola 50cl,Beverages,1,360,0,transfer
RCPT-102420,TXN102420,2026-07-23,08:38:00,SURULERE,TILL-01,Amaka Eze,08511748966,SKU1030,Nasco Cornflakes 500g,Grains & Staples,1,1840,10,Card
RCPT-100063,TXN100063,2026-05-09,15:16:00,IKEJA,TILL-02,Fatima Bello,8472293020,SKU1006,Bigi Cola 50cl,Beverages,1,400,0,POS Card
RCPT-101186,TXN101186,05/23/2026,08:28:00,MiniMart Express - Surulere,TILL-01,Segun Adeyemi,07885781484,SKU1007,Gala Sausage Roll,Snacks,2,260,0,POS
RCPT-100888,TXN100888,2026-05-12,11:18:00,IKEJA,TILL-02,Segun Adeyemi,,SKU1020,Cerelac Infant Cereal 400g,Baby Products,2,3270,0,transfer
RCPT-100438,TXN100438,23/04/2026,15:21:00,SURULERE,TILL-01,Chidinma Okafor,+2348372913893,SKU1003,Golden Morn 500g,Grains & Staples,2,1610,0,Card
RCPT-101411,TXN101411,2026-05-02,15:00:00,MiniMart Express - Ikeja,TILL-01,Fatima Bello,+2348123819640,SKU1013,Omo Detergent 900g,Household,1,1830,0,Cash
RCPT-100978,TXN100978,2026-06-16,12:29:00,Ikeja Branch,TILL-02,Fatima Bello,,SKU1008,Milo 400g,Beverages,1,2170,0,Cash
RCPT-100032,TXN100032,2026-06-02,12:18:00,MiniMart Express - Yaba,TILL-03,Amaka Eze,,SKU1026,Chivita Juice 1L,Beverages,5,1430,0,Bank Transfer
RCPT-100273,TXN100273,2026-06-10,16:04:00,MiniMart Express - Surulere,TILL-01,Amaka Eze,,SKU1022,Knorr Chicken Cubes (pack),,3,290,0,Cash
RCPT-100624,TXN100624,2026-06-13,18:10:00,SURULERE,TILL-01,Blessing Nwosu,,SKU1010,Mama Gold Rice5kg,Grains & Staples,1,6760,0,POS Card
RCPT-100246,TXN100246,2026-05-26,14:25:00,Ikeja Branch,TILL-02,Segun Adeyemi,,SKU1025,Tom Tom Sweet (pack),Snacks,1,280,0,ussd
RCPT-101818,,2026-04-17,20:00:00,MiniMart Express - Surulere,TILL-01,Ibrahim Musa,,SKU1016,Eva Water 75cl,Beverages,5,200,0,POS Card
RCPT-100068,TXN100068,2026-04-16,07:38:00,MiniMart Express - Yaba,TILL-02,Blessing Nwosu,,SKU1002,Peak Milk Evaporated 170g,Dairy,2,630,0,Transfer
RCPT-101269,TXN101269,2026-03-01,16:48:00,Surulere Branch,TILL-01,Blessing Nwosu,2348494414674,SKU1013,Omo Detergent 900g,Household,3,1480,0,Card
RCPT-101889,TXN101889,06/28/2026,12:19:00,MiniMart Express - Ikeja,TILL-01,Chidinma Okafor,+2348864739055,SKU1030,Nasco Cornflakes 500g,Grains & Staples,3,"₦2,160.00",0,POS
RCPT-100767,TXN100767,2026-04-14,13:45:00,Yaba Branch,TILL-01,Emeka Obi,,SKU1006,Bigi Cola 50cl,Beverages,1,320,0,POS
RCPT-100036,TXN100036,2026-05-04,07:41:00, Yaba,TILL-03,Emeka Obi,,SKU1021,Bournvita 500g,Beverages,1,2210,0,POS Card
RCPT-100866,TXN100866,05/03/2026,13:45:00,Yaba Branch,TILL-03,Emeka Obi,+2348342078700,SKU1014,Dettol Soap 65g,Personal Care,2,340,0,Card
RCPT-101247,TXN101247,2026-04-16,20:27:00, Yaba,TILL-02,Tunde Bakare,,SKU1029,Dano Milk Powder 400g,Dairy,1,2800,0,ATM Card
RCPT-102263,TXN102263,04/22/2026,08:47:00,SURULERE,TILL-01,Blessing Nwosu,,SKU1016,Eva Water 75cl,Beverages,1,220,0,POS
RCPT-102042,TXN102042,2026-06-19,19:18:00,Ikeja Branch,TILL-01,Segun Adeyemi,,SKU1017,La Casera 50cl,Beverages,2,₦360.00,0,Transfer
RCPT-100531,TXN100531,2026-07-31,17:42:00,MiniMart Express - Yaba,TILL-01,Fatima Bello,,SKU1027,Amstel Malta 33cl,Beverages,1,360,0,Cash
RCPT-100563,TXN100563,2026-06-20,11:35:00,minimart express-ikeja ,TILL-02,Tunde Bakare,,SKU1027,Amstel Malta 33cl,Beverages,2,370,0,transfer
RCPT-100030,TXN100030,2026-03-02,15:27:00, Yaba,TILL-02,Tunde Bakare,,SKU1018,Maltina 33cl,Beverages,1,430,0,POS Card
RCPT-101336,TXN101336,2026-07-30,11:55:00,IKEJA,TILL-02,Ibrahim Musa,,SKU1027,Amstel Malta 33cl,,4,430,0,Bank Transfer
RCPT-101844,TXN101844,2026-03-31,18:09:00,minimart express-ikeja ,TILL-02,Amaka Eze,2348244823755,SKU1023,Ariel Detergent 900g,Household,1,1920,0,Cash
RCPT-101353,TXN101353,27/07/2026,10:21:00,minimart express-ikeja ,TILL-02,Segun Adeyemi,2347802917861,SKU1022,Knorr Chicken Cubes (pack),Grains & Staples,3,310,0,Card
RCPT-100779,TXN100779,2026-03-02,17:36:00,SURULERE,TILL-01,Fatima Bello,7539691277,SKU1001,Indomie Noodle 70g,Grains & Staples,2,150,0,Transfer
RCPT-100568,TXN100568,2026-05-09,08:38:00,Yaba Branch,TILL-01,Emeka Obi,+2347476413525,SKU1016,Eva Water 75cl,Beverages,2,220,0,transfer
RCPT-100450,TXN100450,2026-06-25,18:37:00,minimart express-ikeja ,TILL-02,Ibrahim Musa,+2348978714686,SKU1027,Amstel Malta 33cl,Beverages,1,,0,POS
RCPT-101263,TXN101263,2026-05-27,07:02:00,SURULERE,TILL-01,Ibrahim Musa,,SKU1017,La Casera 50cl,Beverages,4,₦340.00,0,POS
RCPT-101004,TXN101004,05/21/2026,18:14:00,SURULERE,TILL-01,Amaka Eze,+2348041653911,SKU1021,Bournvita 500g,Beverages,2,"₦2,320.00",0,USSD
RCPT-102114,TXN102114,24-04-2026,14:42:00,MiniMart Express - Yaba,TILL-01,Blessing Nwosu,,SKU1023,Ariel Detergent 900g,Household,2,1920,0,pos
RCPT-101151,TXN101151,04/13/2026,07:15:00,Surulere Branch,TILL-01,Blessing Nwosu,,SKU1010,MAMA GOLD RICE 5KG,Grains & Staples,5,7340,0,Card
RCPT-102267,TXN102267,2026-03-29,14:25:00,IKEJA,TILL-02,Tunde Bakare,,SKU1004,Dangote sugar 1Kg,Grains & Staples,2,1340,0,Cash
RCPT-100014,TXN100014,06-05-2026,13:13:00,MiniMart Express - Yaba,TILL-01,Chidinma Okafor,,SKU1025,Tom Tom Sweet (pack),Snacks,2,280,0,POS Card
RCPT-101013,TXN101013,2026-05-15,13:42:00,MiniMart Express - Yaba,TILL-01,Ibrahim Musa,,SKU1016,Eva Water 75cl,Beverages,1,190,0,Cash
RCPT-100616,TXN100616,05/02/2026,16:07:00,SURULERE,TILL-01,Fatima Bello,,SKU1024,"Pampers Diapers (pack, medium)",Baby Products,2,4790,0,pos
RCPT-102498,TXN102498,2026-06-08,16:30:00,minimart express-ikeja ,TILL-02,Chidinma Okafor,2348773272583,SKU1001, Indomie Noodles 70g ,Grains & Staples,2,,0,Cash
RCPT-102507,TXN102507,2026-05-05,10:12:00,MiniMart Express - Surulere,TILL-01,Blessing Nwosu,9017891331,SKU1030,Nasco Cornflakes 500g,Grains & Staples,3,1750,0,cash
RCPT-102575,TXN102575,2026-04-15,11:50 AM,MiniMart Express - Ikeja,TILL-01,Ibrahim Musa,07546474598,SKU1006,Bigi Cola 50cl,Beverages,2,330,0,Bank Transfer
RCPT-101907,TXN101907,2026-06-10,14:08:00,IKEJA,TILL-02,Chidinma Okafor,,SKU1026,Chivita Juice 1L,Beverages,2,1450,0,Bank Transfer
RCPT-101567,TXN101567,24-06-2026,14:37:00,SURULERE,TILL-01,Chidinma Okafor,,SKU1028,Semovita 2kg,Grains & Staples,4,2350,0,USSD
RCPT-101533,TXN101533,2026-04-11,21:23:00,IKEJA,TILL-02,Blessing Nwosu,,SKU1004,Dangote Sugar 1kg,Grains & Staples,1,1200,0,Bank Transfer
RCPT-101077,TXN101077,2026-06-07,10:04:00,minimart express-ikeja ,TILL-01,Segun Adeyemi,2348439151183,SKU1023,Ariel Detergent 900g,,4,1780,0,POS Card
RCPT-102133,TXN102133,2026-06-03,08:28:00,Ikeja Branch,TILL-02,Emeka Obi,,SKU1010,Mama Gold Rice 5kg,Grains & Staples,1,"₦6,780.00",0,CASH
RCPT-102241,TXN102241,04/11/2026,11:39:00,Ikeja Branch,TILL-01,Amaka Eze,+2348089484808,SKU1003,Golden Morn 500g,Grains & Staples,1,1360,0,Cash
RCPT-102092,TXN102092,06/25/2026,19:11:00,YABA,TILL-02,Ibrahim Musa,2 3 4 8 8 1 6 3 4 5 9 1 0,SKU1024,"Pampers Diapers (pack, medium)",Baby Products,-4,"₦4,640.00",0,ATM Card
RCPT-101068,TXN101068,05/06/2026,03:39 PM,MiniMart Express - Surulere,TILL-01,Segun Adeyemi,,SKU1024,"Pampers Diapers (pack, medium)",Baby Products,1,"₦5,080.00",0,pos
RCPT-100698,TXN100698,2026-06-13,12:29:00,minimart express-ikeja ,TILL-02,Amaka Eze,,SKU1007,Gala Sausage Roll,Snacks,5,260.00,0,Card
RCPT-101442,TXN101442,2026-03-20,10:32:00,SURULERE,TILL-01,Fatima Bello,,SKU1002,Peak Milk Evaporated 170g,Dairy,4,750,0,Transfer
RCPT-100671,TXN100671,2026-06-24,08:17:00,Yaba Branch,TILL-01,Emeka Obi,2347505866530,SKU1022,Knorr Chicken Cubes (pack),Grains & Staples,3,₦330.00,0,POS Card
RCPT-100760,TXN100760,2026-06-30,21:56:00,Ikeja Branch,TILL-01,Amaka Eze,2 3 4 7 2 1 6 2 2 3 4 3 3,SKU1023,Ariel Detergent 900g,Household,2,"₦1,890.00",5,ussd
RCPT-100308,TXN100308,2026-03-24,16:36:00,SURULERE,TILL-01,Ibrahim Musa,2349003951849,SKU1008,Milo 400g,Beverages,2,1960,0,USSD
RCPT-100774,TXN100774,2026-07-04,14:41:00,MiniMart Express - Surulere,TILL-01,Amaka Eze,,SKU1015,Close Up Toothpaste 140ml,Personal Care,1,880,0,POS Card
RCPT-101851,TXN101851,2026-05-18,12:46:00,Surulere Branch,TILL-01,Segun Adeyemi,2348603784695,SKU1014,Dettol Soap 65g,Personal Care,1,380,0,POS
RCPT-100183,TXN100183,2026-07-04,12:37:00,Surulere Branch,TILL-01,Fatima Bello,,SKU1004,DANGOTE SUGAR 1KG ,Grains & Staples,1,1270,10,Transfer
RCPT-102278,TXN102278,05/28/2026,13:16:00,minimart express-ikeja ,TILL-02,Fatima Bello,07464241235,SKU1030,Nasco Cornflakes 500g,Grains & Staples,2,"₦1,890.00",0,USSD
RCPT-101701,TXN101701,2026-07-06,12:24:00, Yaba,TILL-03,Amaka Eze,,SKU1025,Tom Tom Sweet (pack),Snacks,4,₦340.00,0,Card
RCPT-100485,TXN100485,2026-04-03,20:18:00,Surulere Branch,TILL-01,Chidinma Okafor,,SKU1029,Dano Milk Powder 400g,Dairy,1,3000,0,POS Card
RCPT-101754,TXN101754,2026-04-28,17:23:00,MiniMart Express - Yaba,TILL-03,Emeka Obi,,SKU1018,Maltina 33cl,Beverages,3,430,0,Transfer
RCPT-101138,TXN101138,2026-03-28,13:09:00,YABA,TILL-02,Chidinma Okafor,,SKU1009,Cowbell Milk Powder 360g,Dairy,2,"1,900.00",0,Cash
RCPT-100171,TXN100171,2026-06-05,10:11:00,Yaba Branch,TILL-03,Segun Adeyemi,+ 2 3 4 7 0 1 7 0 8 7 0 6 1,SKU1010,Mama Gold Rice5kg,GRAINS & STAPLES,1,"6,170.00",0,Cash
RCPT-100571,TXN100571,05-05-2026,18:32:00,MiniMart Express - Surulere,TILL-01,Fatima Bello,,SKU1006,Bigi Cola 50cl,Beverages,2,350.00,0,transfer
RCPT-100295,TXN100295,2026-06-20,17:25:00,MiniMart Express - Surulere,TILL-01,Chidinma Okafor,,SKU1021,Bournvita 500g,Beverages,2,2460,0,Card
RCPT-101524,TXN101524,2026-05-20,12:10:00,Yaba Branch,TILL-01,Blessing Nwosu,09078792057,SKU1025,Tom Tom Sweet (pack),Snacks,3,340,0,ATM Card
,,,,,,,,,,,,,,
RCPT-100271,TXN100271,2026-05-05,09:29:00, Yaba,TILL-01,Fatima Bello,,SKU1026,Chivita Juice 1L,Beverages,1,"₦1,290.00",0,Cash
RCPT-100193,TXN100193,2026-05-11,18:55:00,Surulere Branch,TILL-01,Ibrahim Musa,,SKU1016,Eva Water 75cl,Beverages,1,180,0,Bank Transfer
RCPT-102530,TXN102530,2026-06-28,06:15 PM,Surulere Branch,TILL-01,Segun Adeyemi,,SKU1015,Close Up Toothpaste 140ml,Personal Care,3,970,0,POS Card
RCPT-100694,TXN100694,2026-04-15,12:12:00,SURULERE,TILL-01,Fatima Bello,2348609953228,SKU1029,Dano Milk Powder 400g,Dairy,3,"3,070.00",0,Bank Transfer
RCPT-100568,TXN100568,2026-05-09,08:38:00,YABA,TILL-01,Emeka Obi,+2347476413525,SKU1009,Cowbell Milk Powder 360g,DAIRY,1,1970,0,transfer
RCPT-102361,TXN102361,2026-05-01,09:05:00,Yaba Branch,TILL-02,Amaka Eze,,SKU1027,Amstel Malta 33cl,Beverages,1,380,0,Transfer
RCPT-100488,TXN100488,2026-06-23,11:38:00,YABA,TILL-02,Blessing Nwosu,,SKU1024,"Pampers Diapers (pack, medium)",Baby Products,2,"5,130.00",0,CASH
RCPT-101767,TXN101767,2026-04-12,11:20:00,YABA,TILL-01,Tunde Bakare,,SKU1005,COCA COLA 50CL,Beverages,1,420,0,Bank Transfer
RCPT-101375,TXN101375,2026-05-09,20:11:00,YABA,TILL-03,Blessing Nwosu,2347603359706,SKU1015,Close Up Toothpaste 140ml,Personal Care,3,1010,0,Transfer
RCPT-101146,TXN101146,04/13/2026,08:14:00,MiniMart Express - Yaba,TILL-02,Emeka Obi,8044288836,SKU1014,Dettol Soap 65g,Personal Care,5,380,15,Bank Transfer
RCPT-101718,TXN101718,08-05-2026,18:21:00,MiniMart Express - Ikeja,TILL-02,Tunde Bakare,2348022920377,SKU1009,Cowbell Milk Powder 360g,Dairy,1,1990,0,POS Card
RCPT-100999,TXN100999,2026-05-08,15:47:00,MiniMart Express - Yaba,TILL-01,Tunde Bakare,,SKU1018,Maltina 33cl,Beverages,1,440,0,ATM Card
RCPT-102041,TXN102041,25-04-2026,20:01:00,YABA,TILL-03,Segun Adeyemi,09073384947,SKU1017,La Casera 50cl,Beverages,1,390.00,0,Transfer
RCPT-102322,TXN102322,2026-05-24,16:53:00,IKEJA,TILL-01,Segun Adeyemi,,SKU1012,Kings Vegetable Oil 1L,Grains & Staples,4,2780,0,cash
RCPT-100345,TXN100345,27/07/2026,12:09:00,Surulere Branch,TILL-01,Amaka Eze,+2347759560886,SKU1002,Peak Milk Evaporated 170g,Dairy,1,740,0,Cash
RCPT-100556,TXN100556,2026-04-10,19:53:00,MiniMart Express - Yaba,TILL-03,Fatima Bello,,SKU1017,La Casera 50cl,Beverages,2,350,0,POS Card
RCPT-100784,TXN100784,2026-06-24,01:42 PM,MiniMart Express - Surulere,TILL-01,Chidinma Okafor,,SKU1011,Honeywell Semolina 2kg,Grains & Staples,1,"2,320.00",0,Cash
RCPT-102280,TXN102280,02/03/2026,16:38:00,MiniMart Express - Surulere,TILL-01,Chidinma Okafor,,SKU1025,Tom Tom Sweet (pack),Snacks,5,280,0,POS Card
RCPT-101658,TXN101658,2026-03-12,11:15 AM,MiniMart Express - Ikeja,TILL-02,Emeka Obi,,SKU1012,Kings Vegetable Oil 1L,Grains & Staples,1,2850,0,CASH
RCPT-101923,TXN101923,2026-03-21,18:36:00,MiniMart Express - Yaba,TILL-01,Tunde Bakare,,SKU1003,Golden Morn 500g,Grains & Staples,1,1320,0,cash
RCPT-102116,TXN102116,2026-05-27,19:40:00,MiniMart Express - Surulere,TILL-01,Amaka Eze,8873572380,SKU1006,Bigi Cola 50cl,Beverages,1,400,0,Cash
RCPT-101240,TXN101240,2026-06-30,18:08:00,SURULERE,TILL-01,Chidinma Okafor,,SKU1005,Coke 50cl,Beverages,4,420,10,POS Card
RCPT-101712,TXN101712,05/02/2026,12:12:00,MiniMart Express - Surulere,TILL-01,Tunde Bakare,+2348995569635,SKU1025,Tom Tom Sweet (pack),Snacks,1,300,0,USSD
RCPT-100421,TXN100421,2026-05-15,11:56:00,IKEJA,TILL-01,Blessing Nwosu,7046112575,SKU1009,Cowbell Milk Powder 360g,Dairy,2,1850,0,Card
RCPT-102054,TXN102054,2026-04-20,09:57:00,MiniMart Express - Ikeja,TILL-01,Ibrahim Musa,,SKU1024,"Pampers Diapers (pack, medium)",Baby Products,5,4390,0,Bank Transfer
RCPT-102556,TXN102556,2026-05-24,12:10:00,Surulere Branch,TILL-01,Chidinma Okafor,,SKU1021,Bournvita 500g,Beverages,5,"2,420.00",0,Cash
RCPT-102012,TXN102012,2026-05-06,20:11:00,YABA,TILL-03,Blessing Nwosu,,SKU1009,Cowbell Milk Powder 360g,Dairy,1,1750,0,USSD
RCPT-101655,TXN101655,2026-04-28,05:42 PM,MiniMart Express - Surulere,TILL-01,Fatima Bello,+ 2 3 4 7 8 6 5 8 7 1 5 7 0,SKU1005,Coca Cola 50cl,Beverages,1,420,0,ussd
RCPT-100934,TXN100934,04/23/2026,15:28:00,SURULERE,TILL-01,Tunde Bakare,,SKU1002,Peak Milk Evap 170g,Dairy,2,650,0,Bank Transfer
RCPT-101442,TXN101442,2026-03-20,10:32:00,MiniMart Express - Surulere,TILL-01,Fatima Bello,,SKU1027,Amstel Malta 33cl,Beverages,5,400,0,Transfer
RCPT-101378,TXN101378,2026-07-16,18:25:00,MiniMart Express - Ikeja,TILL-02,Amaka Eze,,SKU1021,Bournvita 500g,Beverages,1,2520,0,pos
RCPT-100526,TXN100526,09/06/2026,13:20:00,MiniMart Express - Yaba,TILL-02,Blessing Nwosu,7864496008,SKU1029,Dano Milk Powder 400g,Dairy,2,3010,0,ATM Card
RCPT-100409,TXN100409,2026-03-19,10:31:00,SURULERE,TILL-01,Ibrahim Musa,07592340548,SKU1001,Indomie Noodle 70g,Grains & Staples,2,140,0,ATM Card
RCPT-101853,TXN101853,2026-07-06,10:03:00,MiniMart Express - Surulere,TILL-01,Emeka Obi,+2348699597349,SKU1015,Close Up Toothpaste 140ml,Personal Care,1,950,0,Cash
RCPT-101144,TXN101144,2026-07-09,10:40:00,MiniMart Express - Surulere,TILL-01,Blessing Nwosu,0 7 2 3 6 0 4 8 1 4 1,SKU1019,Titus Sardine 125g,Canned Foods,2,730,5,Bank Transfer
RCPT-102070,TXN102070,2026-06-19,02:50 PM,SURULERE,TILL-01,Segun Adeyemi,,SKU1030,Nasco Cornflakes 500g,Grains & Staples,1,1920,0,Bank Transfer
RCPT-100356,TXN100356,2026-07-25,12:55:00,MiniMart Express - Yaba,TILL-01,Chidinma Okafor,,SKU1023,Ariel Detergent 900g,Household,2,1990,0,transfer
RCPT-100687,TXN100687,2026-03-27,17:24:00,minimart express-ikeja ,TILL-01,Amaka Eze,,SKU1017,La Casera 50cl,Beverages,2,₦390.00,0,cash
RCPT-101419,TXN101419,2026-04-02,19:52:00,minimart express-ikeja ,TILL-01,Tunde Bakare,2347102633612,SKU1002,peak milk evaporated170g,DAIRY,3,740,0,Cash
RCPT-100402,TXN100402,2026-03-27,21:43:00,SURULERE,TILL-01,Ibrahim Musa,+2347079961682,SKU1006,Bigi Cola 50cl,Beverages,4,340.00,0,pos
RCPT-101888,TXN101888,2026-05-01,11:37:00,SURULERE,TILL-01,Blessing Nwosu,,SKU1008,Milo 400g,Beverages,1,2160,0,Cash
RCPT-101370,TXN101370,2026-07-09,09:10:00,MiniMart Express - Yaba,TILL-01,Tunde Bakare,,SKU1024,"Pampers Diapers (pack, medium)",Baby Products,4,,0,cash
RCPT-100178,TXN100178,2026-04-04,12:47 PM,minimart express-ikeja ,TILL-02,Tunde Bakare,,SKU1022,Knorr Chicken Cubes (pack),Grains & Staples,1,₦270.00,0,POS Card
RCPT-102231,TXN102231,2026-03-02,12:20:00,SURULERE,TILL-01,Emeka Obi,,SKU1022,Knorr Chicken Cubes (pack),Grains & Staples,1,310,0,POS Card
RCPT-100610,TXN100610,2026-03-03,17:33:00,YABA,TILL-02,Chidinma Okafor,,SKU1020,Cerelac Infant Cereal 400g,Baby Products,3,3230,0,USSD
RCPT-101615,TXN101615,2026-05-06,12:56:00,MiniMart Express - Surulere,TILL-01,Tunde Bakare,2347116370333,SKU1011,Honeywell Semolina 2kg,Grains & Staples,2,2230,0,Cash
RCPT-102252,TXN102252,2026-07-31,10:50 AM,IKEJA,TILL-01,Blessing Nwosu,,SKU1019,Titus Sardine 125g,Canned Foods,4,800,0,Cash
RCPT-100096,TXN100096,2026-04-16,21:58:00,MiniMart Express - Surulere,TILL-01,Emeka Obi,,SKU1002,Peak Milk Evap 170g,Dairy,1,680,0,POS Card
RCPT-100908,TXN100908,2026-05-07,16:00:00,minimart express-ikeja ,TILL-01,Ibrahim Musa,2347885336549,SKU1027,Amstel Malta 33cl,Beverages,1,430,0,ussd
RCPT-100510,TXN100510,2026-06-12,19:13:00,MiniMart Express - Surulere,TILL-01,Amaka Eze,,SKU1017,La Casera 50cl,Beverages,1,360,0,POS
RCPT-100771,TXN100771,2026-05-23,20:24:00, Yaba,TILL-03,Amaka Eze,+2348773058008,SKU1028,Semovita 2kg,Grains & Staples,5,1960,0,USSD
RCPT-101687,TXN101687,2026-07-05,21:14:00,MiniMart Express - Surulere,TILL-01,Segun Adeyemi,,SKU1017,La Casera 50cl,Beverages,2,400,0,Cash
RCPT-102267,TXN102267,29-03-2026,14:25:00,MiniMart Express - Ikeja,TILL-02,Tunde Bakare,,SKU1022,Knorr Chicken Cubes (pack),Grains & Staples,2,310,0,Cash
RCPT-101072,TXN101072,2026-07-18,11:58:00,YABA,TILL-02,Tunde Bakare,,SKU1028,Semovita 2kg,Grains & Staples,4,1990,0,Cash
RCPT-101320,TXN101320,2026-06-10,21:08:00,Yaba Branch,TILL-01,Fatima Bello,,SKU1016,Eva Water 75cl,Beverages,1,220,0,Card
RCPT-101400,TXN101400,03/11/2026,10:03:00,minimart express-ikeja ,TILL-02,Emeka Obi,7631138883,SKU1016,Eva Water 75cl,Beverages,2,220,0,Cash
RCPT-100889,TXN100889,2026-06-29,20:30:00,Surulere Branch,TILL-01,Amaka Eze,,SKU1013,Omo Detergent 900g,Household,5,"₦1,600.00",0,Card
RCPT-101640,TXN101640,2026-05-22,07:36:00,IKEJA,TILL-01,Emeka Obi,,SKU1023,Ariel Detergent 900g,Household,5,1770,0,ATM Card
RCPT-102525,TXN102525,2026-06-16,17:38:00,SURULERE,TILL-01,Blessing Nwosu,08759244184,SKU1028,Semovita 2kg,Grains & Staples,1,2100,0,Bank Transfer
RCPT-101538,TXN101538,2026-04-06,17:35:00,Surulere Branch,TILL-01,Segun Adeyemi,,SKU1007,Gala Sausage Roll,Snacks,2,240,0,POS Card
RCPT-100639,TXN100639,2026-07-07,19:12:00,MiniMart Express - Surulere,TILL-01,Segun Adeyemi,2348658466761,SKU1028,Semovita 2kg,Grains & Staples,3,2040,0,USSD
RCPT-102593,TXN102593,06/14/2026,10:05:00,MiniMart Express - Surulere,TILL-01,Chidinma Okafor,,SKU1005,Coke 50cl,Beverages,3,430.00,0,ATM Card
RCPT-102458,TXN102458,06/05/2026,08:36:00,MiniMart Express - Surulere,TILL-01,Blessing Nwosu,2349032279796,SKU1021,Bournvita 500g,Beverages,1,2740,0,Transfer
RCPT-102376,,2026-07-21,12:43:00,SURULERE,TILL-01,Chidinma Okafor,,SKU1021,Bournvita 500g,Beverages,2,2250,0,Transfer
RCPT-100091,TXN100091,2026-07-07,07:15:00,Ikeja Branch,TILL-02,Segun Adeyemi,09063782393,SKU1024,"Pampers Diapers (pack, medium)",Baby Products,1,4180,0,Cash
RCPT-102521,TXN102521,04/14/2026,21:18:00,YABA,TILL-01,Fatima Bello,,SKU1009,Cowbell Milk Powder 360g,Dairy,4,1940,0,CASH
RCPT-100415,TXN100415,06/05/2026,18:35:00,SURULERE,TILL-01,Tunde Bakare,,SKU1013,Omo Detergent 900g,Household,1,"1,800.00",0,cash
RCPT-101253,TXN101253,2026-03-20,19:36:00,IKEJA,TILL-01,Fatima Bello,+2347327343003,SKU1013,Omo Detergent 900g,Household,2,1750,10,POS
RCPT-100950,TXN100950,18/05/2026,12:41:00,minimart express-ikeja ,TILL-01,Chidinma Okafor,,SKU1026,Chivita Juice 1L,Beverages,1,1230,0,Bank Transfer
RCPT-100928,TXN100928,2026-07-02,10:00:00,YABA,TILL-03,Segun Adeyemi,,SKU1003,Golden Morn 500g,Grains & Staples,3,1460,0,Cash
RCPT-102390,TXN102390,2026-07-03,20:07:00,MiniMart Express - Surulere,TILL-01,Blessing Nwosu,,SKU1027,Amstel Malta 33cl,Beverages,2,₦460.00,0,pos
RCPT-100217,TXN100217,31-05-2026,15:15:00,YABA,TILL-01,Amaka Eze,2348788226291,SKU1013,Omo Detergent 900g,Household,2,1800,0,Cash
RCPT-102106,TXN102106,2026-06-22,20:43:00,Ikeja Branch,TILL-02,Emeka Obi,2348274116918,SKU1010,Mama Gold Rice 5kg,Grains & Staples,2,7310,0,Cash
RCPT-102204,TXN102204,2026-07-18,08:42:00,YABA,TILL-03,Fatima Bello,,SKU1005,Coke 50cl,Beverages,3,390,0,Bank Transfer
RCPT-100363,TXN100363,2026-03-18,18:03:00, Yaba,TILL-02,Chidinma Okafor,,SKU1009,Cowbell Milk Powder 360g,Dairy,1,1840,0,pos
RCPT-100441,TXN100441,24/07/2026,10:32 AM, Yaba,TILL-03,Chidinma Okafor,,SKU1017,La Casera 50cl,Beverages,1,360,0,Transfer
RCPT-101592,TXN101592,2026-06-12,18:41:00,MiniMart Express - Surulere,TILL-01,Blessing Nwosu,,SKU1014,Dettol Soap 65g,Personal Care,1,320,0,cash
RCPT-101692,TXN101692,2026-04-09,16:12:00,IKEJA,TILL-01,Fatima Bello,,SKU1027,Amstel Malta 33cl,Beverages,3,430,0,POS Card
RCPT-102492,TXN102492,2026-07-17,15:48:00,YABA,TILL-01,Segun Adeyemi,+2348098081069,SKU1009,Cowbell Milk Powder 360g,Dairy,5,1820,0,Bank Transfer
RCPT-101099,TXN101099,2026-06-26,07:08 PM,minimart express-ikeja ,TILL-02,Segun Adeyemi,8858474842,SKU1023,Ariel Detergent 900g,Household,4,2000,0,POS Card
RCPT-101579,TXN101579,06/13/2026,14:00:00,Ikeja Branch,TILL-01,Blessing Nwosu,+2348585841996,SKU1010,Mama Gold Rice 5kg,Grains & Staples,1,6580,0,cash
RCPT-102131,TXN102131,03-07-2026,11:01:00,IKEJA,TILL-01,Fatima Bello,2348618222847,SKU1016,Eva Water 75cl,Beverages,2,180,0,ATM Card
RCPT-101248,TXN101248,2026-03-26,19:41:00, Yaba,TILL-03,Amaka Eze,2348214576926,SKU1030,Nasco Cornflakes 500g,Grains & Staples,1,2110,0,ATM Card
RCPT-101620,TXN101620,2026-07-21,20:52:00,MiniMart Express - Yaba,TILL-03,Tunde Bakare,,SKU1007,Gala Sausage Roll,Snacks,1,230,0,transfer
RCPT-101379,TXN101379,2026-03-23,16:12:00,SURULERE,TILL-01,Segun Adeyemi,,SKU1023,Ariel Detergent 900g,Household,2,1750,0,POS Card
RCPT-100105,TXN100105,2026-07-13,17:49:00,minimart express-ikeja ,TILL-02,Ibrahim Musa,2348565750117,SKU1022,Knorr Chicken Cubes (pack),Grains & Staples,1,280,0,POS Card
RCPT-101081,TXN101081,2026-05-13,15:31:00,YABA,TILL-03,Segun Adeyemi,0 8 7 5 4 2 5 9 7 2 8,SKU1007,Gala Sausage Roll,Snacks,2,250,0,Cash
RCPT-100917,TXN100917,2026-03-25,21:32:00,MiniMart Express - Yaba,TILL-03,Amaka Eze,,SKU1017,La Casera 50cl,Beverages,1,330,0,cash
RCPT-100357,TXN100357,17/04/2026,11:34:00,MiniMart Express - Ikeja,TILL-02,Segun Adeyemi,,SKU1027,Amstel Malta 33cl,Beverages,1,370,0,Cash
RCPT-101013,TXN101013,2026-05-15,01:42 PM,YABA,TILL-01,Ibrahim Musa,,SKU1004,Dangote Sugar 1kg,Grains & Staples,1,1290,0,Cash
RCPT-101917,TXN101917,2026-07-10,11:03:00,MiniMart Express - Ikeja,TILL-01,Amaka Eze,09089314030,SKU1024,"Pampers Diapers (pack, medium)",Baby Products,4,4710,0,cash
RCPT-100578,,23/06/2026,18:17:00,MiniMart Express - Yaba,TILL-03,Ibrahim Musa,,SKU1015,Close Up Toothpaste 140ml,Personal Care,1,950,0,Cash
RCPT-100375,TXN100375,2026-03-08,10:53:00,minimart express-ikeja ,TILL-02,Amaka Eze,+2347973847361,SKU1018,Maltina 33cl,Beverages,1,430,0,POS Card
RCPT-100805,TXN100805,2026-03-30,16:44:00,MiniMart Express - Yaba,TILL-02,Tunde Bakare,+2347035074092,SKU1023,Ariel Detergent 900g,Household,2,1860,5,POS Card
RCPT-100300,TXN100300,2026-05-04,20:21:00,Yaba Branch,TILL-02,Tunde Bakare,8658827496,SKU1002,Peak Milk Evaporated 170g,Dairy,1,720.00,0,Transfer
RCPT-102076,TXN102076,2026-05-08,18:27:00,MiniMart Express - Yaba,TILL-03,Chidinma Okafor,2348106727174,SKU1005,Coca-Cola 50cl,Beverages,2,370,0,cash
RCPT-100480,TXN100480,2026-07-11,12:33:00,Surulere Branch,TILL-01,Tunde Bakare,+2348461563010,SKU1019,Titus Sardine 125g,Canned Foods,1,700,0,POS Card
RCPT-102128,TXN102128,2026-04-18,18:27:00,minimart express-ikeja ,TILL-01,Emeka Obi,09008732801,SKU1010,Mama Gold Rice5kg,Grains & Staples,1,6280,0,POS
RCPT-100021,TXN100021,23/03/2026,12:20:00,MiniMart Express - Surulere,TILL-01,Emeka Obi,,SKU1001,indomie noodles 70g,GRAINS & STAPLES,5,,0,Bank Transfer
RCPT-101709,TXN101709,29-03-2026,18:46:00,MiniMart Express - Surulere,TILL-01,Segun Adeyemi,2348644556394,SKU1017,La Casera 50cl,Beverages,3,350,0,pos
RCPT-100581,TXN100581,2026-04-30,06:19 PM, Yaba,TILL-02,Fatima Bello,,SKU1018,Maltina 33cl,Beverages,3,,0,Transfer
RCPT-101267,TXN101267,2026-07-06,21:34:00,MiniMart Express - Ikeja,TILL-02,Blessing Nwosu,08642107057,SKU1005,COCA COLA 50CL,Beverages,1,400,0,Cash
RCPT-100215,TXN100215,03-05-2026,21:14:00,Yaba Branch,TILL-01,Chidinma Okafor,,SKU1008,Milo 400g,Beverages,2,2280,0,Transfer
RCPT-100816,TXN100816,2026-03-06,16:54:00,SURULERE,TILL-01,Ibrahim Musa,,SKU1021,Bournvita 500g,Beverages,1,2530,0,POS Card
RCPT-101658,TXN101658,2026-03-12,11:15:00,MiniMart Express - Ikeja,TILL-02,Emeka Obi,,SKU1020,Cerelac Infant Cereal 400g,Baby Products,3,3190,0,CASH
RCPT-101812,TXN101812,2026-07-21,07:57:00,SURULERE,TILL-01,Amaka Eze,,SKU1023,Ariel Detergent 900g,Household,4,"1,820.00",0,transfer
RCPT-101667,TXN101667,2026-06-17,21:41:00,IKEJA,TILL-02,Tunde Bakare,2347203511843,SKU1003,Golden Morn 500g,Grains & Staples,1,1310,0,USSD
RCPT-101801,TXN101801,2026-05-04,10:16:00,Surulere Branch,TILL-01,Chidinma Okafor,2348033118783,SKU1016,Eva Water 75cl,Beverages,4,180,0,Cash
RCPT-102164,TXN102164,11/07/2026,12:21:00,Ikeja Branch,TILL-01,Segun Adeyemi,+2347466893329,SKU1010,Mama Gold Rice 5kg,Grains & Staples,1,7230,0,Cash
RCPT-100744,TXN100744,2026-05-30,20:19:00, Yaba,TILL-01,Ibrahim Musa,08896371348,SKU1011,Honeywell Semolina 2kg,Grains & Staples,3,,0,Cash
RCPT-101165,TXN101165,04/23/2026,18:17:00,MiniMart Express - Yaba,TILL-01,Amaka Eze,,SKU1016,Eva Water 75cl,Beverages,2,180,10,Cash
RCPT-100025,TXN100025,2026-04-29,14:39:00,MiniMart Express - Surulere,TILL-01,Tunde Bakare,08436503032,SKU1010,MAMA GOLD RICE 5KG,Grains & Staples,2,6510,10,ATM Card
RCPT-102146,TXN102146,2026-04-22,08:51:00,IKEJA,TILL-02,Segun Adeyemi,,SKU1025,Tom Tom Sweet (pack),Snacks,1,310,0,Bank Transfer
RCPT-100796,TXN100796,2026-03-05,17:58:00, Yaba,TILL-01,Amaka Eze,,SKU1022,Knorr Chicken Cubes (pack),Grains & Staples,3,₦300.00,0,cash
RCPT-102289,TXN102289,2026-05-17,18:06:00,Yaba Branch,TILL-01,Chidinma Okafor,,SKU1004,DANGOTE SUGAR 1KG ,Grains & Staples,1,"1,160.00",5,CASH
RCPT-102332,TXN102332,19-05-2026,18:33:00,MiniMart Express - Surulere,TILL-01,Tunde Bakare,07755600233,SKU1005,Coca Cola 50cl,BEVERAGES,3,₦400.00,0,Cash
RCPT-100403,TXN100403,27-06-2026,14:36:00,Ikeja Branch,TILL-01,Emeka Obi,,SKU1015,Close Up Toothpaste 140ml,Personal Care,5,840,0,Bank Transfer
RCPT-102326,TXN102326,11/05/2026,17:41:00,IKEJA,TILL-02,Amaka Eze,,SKU1021,Bournvita 500g,Beverages,4,2370,0,POS Card
RCPT-102418,TXN102418,2026-03-20,20:28:00,minimart express-ikeja ,TILL-02,Tunde Bakare,2348964245911,SKU1024,"Pampers Diapers (pack, medium)",Baby Products,1,"₦4,320.00",0,Bank Transfer
RCPT-100052,TXN100052,04/29/2026,19:21:00,minimart express-ikeja ,TILL-01,Fatima Bello,2 3 4 8 5 7 7 6 5 5 5 7 2,SKU1013,Omo Detergent 900g,Household,1,1720,0,CASH
RCPT-100069,TXN100069,2026-03-06,09:45:00,Ikeja Branch,TILL-02,Chidinma Okafor,2348982860938,SKU1004,Dangote Sugar 1kg,Grains & Staples,1,1300,5,POS Card
RCPT-100025,TXN100025,2026-04-29,14:39:00,Surulere Branch,TILL-01,Tunde Bakare,08436503032,SKU1023,Ariel Detergent 900g,Household,2,1620,0,ATM Card
RCPT-100714,,2026-03-11,15:42:00,YABA,TILL-02,Blessing Nwosu,+2347804617370,SKU1021,Bournvita 500g,,2,2520,0,Cash
RCPT-100308,TXN100308,2026-03-24,16:36:00,Surulere Branch,TILL-01,Ibrahim Musa,2349003951849,SKU1007,Gala Sausage Roll,Snacks,2,280,0,USSD
RCPT-100864,TXN100864,2026-04-04,15:55:00,IKEJA,TILL-01,Fatima Bello,,SKU1023,Ariel Detergent 900g,HOUSEHOLD,4,"1,760.00",0,Card
RCPT-100999,TXN100999,2026-05-08,15:47:00,Yaba Branch,TILL-01,Tunde Bakare,,SKU1002,Peak Milk Evap 170g,Dairy,1,690,0,ATM Card
RCPT-100927,TXN100927,2026-06-18,20:27:00,Yaba Branch,TILL-02,Tunde Bakare,+2347992610899,SKU1020,Cerelac Infant Cereal 400g,Baby Products,1,3150,0,POS Card
RCPT-100872,TXN100872,02/03/2026,20:41:00,MiniMart Express - Ikeja,TILL-01,Blessing Nwosu,7239269834,SKU1004,DANGOTE SUGAR 1KG ,Grains & Staples,1,"₦1,150.00",0,Cash
RCPT-101583,TXN101583,2026-07-03,18:07:00,MiniMart Express - Ikeja,TILL-02,Ibrahim Musa,,SKU1026,Chivita Juice 1L,Beverages,2,1350,5,CASH
RCPT-101401,TXN101401,2026-04-28,17:46:00,IKEJA,TILL-02,Amaka Eze,2 3 4 7 7 8 8 9 9 3 9 0 1,SKU1028,Semovita 2kg,Grains & Staples,2,1910,0,Bank Transfer
RCPT-100837,TXN100837,2026-04-24,11:56:00,MiniMart Express - Yaba,TILL-01,Segun Adeyemi,+ 2 3 4 7 7 2 5 1 3 9 0 8 0,SKU1027,Amstel Malta 33cl,Beverages,1,400,0,Cash
RCPT-101158,TXN101158,2026-04-02,21:45:00,minimart express-ikeja ,TILL-01,Ibrahim Musa,8405044063,SKU1029,Dano Milk Powder 400g,,1,3170,0,transfer
RCPT-101177,TXN101177,2026-03-27,11:28:00,MiniMart Express - Surulere,TILL-01,Blessing Nwosu,07238199250,SKU1018,Maltina 33cl,Beverages,2,430.00,0,Card
RCPT-101469,TXN101469,2026-03-14,15:39:00,Yaba Branch,TILL-01,,8737238186,SKU1006,Bigi Cola 50cl,Beverages,1,350,0,Bank Transfer
RCPT-101511,TXN101511,2026-03-06,18:25:00,YABA,TILL-01,Tunde Bakare,2348163892638,SKU1025,Tom Tom Sweet (pack),Snacks,1,300,0,CASH
RCPT-100211,TXN100211,03-07-2026,13:28:00,YABA,TILL-01,Ibrahim Musa,,SKU1020,Cerelac Infant Cereal 400g,Baby Products,1,,0,Bank Transfer
RCPT-101363,TXN101363,2026-05-12,12:47:00,Ikeja Branch,TILL-01,Emeka Obi,,SKU1021,Bournvita 500g,Beverages,1,"₦2,630.00",0,POS Card
RCPT-101406,TXN101406,2026-05-14,11:00:00,MiniMart Express - Surulere,TILL-01,Segun Adeyemi,,SKU1020,Cerelac Infant Cereal 400g,Baby Products,1,3210,0,Cash
RCPT-102128,TXN102128,2026-04-18,06:27 PM,Ikeja Branch,TILL-01,Emeka Obi,09008732801,SKU1022,Knorr Chicken Cubes (pack),,1,320,0,POS
RCPT-100910,TXN100910,2026-06-25,10:11:00,Surulere Branch,TILL-01,Fatima Bello,07148771608,SKU1009,Cowbell Milk Powder 360g,Dairy,1,1820,0,Bank Transfer
RCPT-100141,TXN100141,2026-06-26,20:07:00,MiniMart Express - Surulere,TILL-01,Fatima Bello,2347049044980,SKU1025,Tom Tom Sweet (pack),Snacks,3,₦330.00,0,POS Card
RCPT-102036,TXN102036,03/03/2026,07:32:00,MiniMart Express - Ikeja,TILL-02,Blessing Nwosu,,SKU1030,Nasco Cornflakes 500g,,1,1720,0,Cash
RCPT-101300,TXN101300,2026-06-21,09:05 AM,MiniMart Express - Surulere,TILL-01,Tunde Bakare,+2347589055116,SKU1016,Eva Water 75cl,Beverages,1,₦190.00,0,POS Card
RCPT-101482,TXN101482,2026-06-28,08:00 PM,minimart express-ikeja ,TILL-01,Blessing Nwosu,,SKU1003,Golden Morn 500g,Grains & Staples,1,1460,0,pos
RCPT-101746,TXN101746,2026-04-05,21:19:00,Ikeja Branch,TILL-01,Emeka Obi,2 3 4 8 5 7 9 2 8 6 8 4 9,SKU1008,Milo 400g,Beverages,3,2250,0,pos
RCPT-101001,TXN101001,03/08/2026,11:38 AM,Yaba Branch,TILL-03,Amaka Eze,,SKU1029,Dano Milk Powder 400g,Dairy,2,,0,Bank Transfer
RCPT-100481,TXN100481,08/06/2026,14:13:00,Yaba Branch,TILL-03,Chidinma Okafor,07526111680,SKU1016,Eva Water 75cl,Beverages,1,210.00,0,Bank Transfer
RCPT-102268,TXN102268,2026-03-23,09:31:00,Yaba Branch,TILL-02,Fatima Bello,8072941686,SKU1004,DANGOTE SUGAR 1KG ,Grains & Staples,1,"₦1,280.00",0,POS Card
RCPT-102535,TXN102535,2026-06-02,17:02:00,YABA,TILL-02,Chidinma Okafor,,SKU1025,Tom Tom Sweet (pack),Snacks,2,340,0,transfer
RCPT-101947,TXN101947,24-03-2026,14:49:00,MiniMart Express - Yaba,TILL-02,Tunde Bakare,,SKU1020,Cerelac Infant Cereal 400g,Baby Products,1,2890,0,Bank Transfer
RCPT-100441,TXN100441,24/07/2026,10:32:00,MiniMart Express - Yaba,TILL-03,Chidinma Okafor,,SKU1009,Cowbell Milk Powder 360g,Dairy,1,1850,0,Transfer
RCPT-100842,TXN100842,05/22/2026,08:42:00,Yaba Branch,TILL-03,Emeka Obi,,SKU1003,Golden Morn 500g,Grains & Staples,1,1640,0,CASH
RCPT-100111,TXN100111,2026-06-14,21:19:00,minimart express-ikeja ,TILL-01,Segun Adeyemi,,SKU1030,Nasco Cornflakes 500g,Grains & Staples,3,,5,USSD
RCPT-100396,TXN100396,07/03/2026,07:03:00,minimart express-ikeja ,TILL-01,Fatima Bello,,SKU1014,Dettol Soap 65g,Personal Care,1,370.00,0,POS
RCPT-102333,TXN102333,2026-07-09,18:38:00,SURULERE,TILL-01,Segun Adeyemi,+2349053355734,SKU1024,"Pampers Diapers (pack, medium)",Baby Products,2,4880,0,Cash
RCPT-100296,TXN100296,2026-03-05,15:18:00,Yaba Branch,TILL-03,Fatima Bello,,SKU1018,Maltina 33cl,,1,480,0,ATM Card
RCPT-102415,TXN102415,2026-03-19,12:32:00,SURULERE,TILL-01,Chidinma Okafor,,SKU1017,La Casera 50cl,Beverages,1,350,0,POS
RCPT-102574,TXN102574,2026-03-06,17:25:00,Yaba Branch,TILL-03,Segun Adeyemi,2348211255994,SKU1014,Dettol Soap 65g,Personal Care,5,₦360.00,0,transfer
RCPT-100485,TXN100485,2026-04-03,20:18:00,Surulere Branch,TILL-01,Chidinma Okafor,,SKU1023,Ariel Detergent 900g,Household,1,1820,0,POS Card
RCPT-102019,,2026-07-09,18:55:00, Yaba,TILL-01,Blessing Nwosu,,SKU1021,Bournvita 500g,BEVERAGES,1,2650,0,Cash
RCPT-100619,TXN100619,2026-05-26,12:42:00,Ikeja Branch,TILL-02,Blessing Nwosu,,SKU1002,peak milk evaporated170g,Dairy,5,680,0,POS Card
RCPT-102010,TXN102010,2026-03-11,07:11:00,SURULERE,TILL-01,Segun Adeyemi,8311871967,SKU1006,Bigi Cola 50cl,Beverages,3,330,0,POS Card
RCPT-100463,TXN100463,06/26/2026,17:24:00,minimart express-ikeja ,TILL-02,Segun Adeyemi,,SKU1025,Tom Tom Sweet (pack),Snacks,3,310,10,POS
RCPT-101191,TXN101191,2026-06-20,10:02:00,MiniMart Express - Yaba,TILL-03,Ibrahim Musa,+2348598071758,SKU1014,Dettol Soap 65g,Personal Care,1,340,0,POS
RCPT-101059,TXN101059,05/14/2026,18:22:00,IKEJA,TILL-02,Fatima Bello,,SKU1019,Titus Sardine 125g,Canned Foods,1,770.00,0,USSD
RCPT-102117,TXN102117,2026-05-06,10:19:00,MiniMart Express - Ikeja,TILL-01,Tunde Bakare,,SKU1009,Cowbell Milk Powder 360g,Dairy,1,"₦1,800.00",0,Bank Transfer
RCPT-101553,TXN101553,2026-03-25,10:54:00,Surulere Branch,TILL-01,Tunde Bakare,,SKU1030,Nasco Cornflakes 500g,Grains & Staples,3,2160,0,pos
RCPT-100789,TXN100789,2026-03-13,21:40:00,MiniMart Express - Ikeja,TILL-02,Ibrahim Musa,,SKU1024,"Pampers Diapers (pack, medium)",Baby Products,5,"₦4,350.00",0,cash
RCPT-101837,TXN101837,2026-07-05,18:50:00,Ikeja Branch,TILL-02,Chidinma Okafor,,SKU1025,Tom Tom Sweet (pack),Snacks,1,320,0,POS Card
RCPT-100685,TXN100685,2026-05-13,13:27:00,minimart express-ikeja ,TILL-02,Segun Adeyemi,0 8 6 7 7 1 7 4 0 3 5,SKU1005,Coke 50cl,Beverages,3,390.00,0,Cash
RCPT-102358,TXN102358,12-06-2026,14:41:00,YABA,TILL-01,Ibrahim Musa,,SKU1027,Amstel Malta 33cl,Beverages,2,360.00,0,Cash
RCPT-101218,TXN101218,2026-04-16,14:58:00,Ikeja Branch,TILL-01,Emeka Obi,2347402923322,SKU1024,"Pampers Diapers (pack, medium)",Baby Products,2,4480,0,Cash
RCPT-101388,TXN101388,2026-07-31,13:13:00,MiniMart Express - Surulere,TILL-01,Tunde Bakare,08238029189,SKU1017,La Casera 50cl,Beverages,1,₦380.00,0,USSD
RCPT-101399,TXN101399,2026-04-06,10:08:00,SURULERE,TILL-01,Tunde Bakare,,SKU1026,Chivita Juice 1L,BEVERAGES,1,1430,0,Cash
RCPT-100326,TXN100326,09/05/2026,16:40:00,SURULERE,TILL-01,Blessing Nwosu,,SKU1012,Kings Vegetable Oil 1L,Grains & Staples,2,"₦2,990.00",0,transfer
RCPT-100312,TXN100312,10/07/2026,07:49:00, Yaba,TILL-02,Fatima Bello,,SKU1030,Nasco Cornflakes 500g,Grains & Staples,1,"2,180.00",15,Bank Transfer
RCPT-101592,TXN101592,2026-06-12,18:41:00,MiniMart Express - Surulere,TILL-01,Blessing Nwosu,,SKU1030,Nasco Cornflakes 500g,Grains & Staples,4,1790,0,cash
RCPT-101963,TXN101963,21/03/2026,16:46:00, Yaba,TILL-03,Segun Adeyemi,7018815397,SKU1028,Semovita 2kg,Grains & Staples,1,"₦2,370.00",0,Cash
RCPT-101134,TXN101134,2026-05-03,12:58:00,SURULERE,TILL-01,Fatima Bello,,SKU1003,Golden Morn 500g,Grains & Staples,1,1610,0,transfer
RCPT-101967,TXN101967,2026-06-14,20:58:00, Yaba,TILL-01,Amaka Eze,8 8 4 3 2 6 2 2 8 5,SKU1004,DANGOTE SUGAR 1KG ,Grains & Staples,1,"₦1,240.00",0,pos
RCPT-101290,TXN101290,2026-04-19,01:31 PM,minimart express-ikeja ,TILL-01,Ibrahim Musa,08027227279,SKU1019,Titus Sardine 125g,Canned Foods,1,770,0,Cash
RCPT-100573,TXN100573,06/05/2026,16:46:00,Yaba Branch,TILL-02,Blessing Nwosu,07525766182,SKU1014,Dettol Soap 65g,PERSONAL CARE,1,340,0,POS Card
RCPT-101416,TXN101416,2026-03-07,20:40:00,Yaba Branch,TILL-01,Amaka Eze,+2347331538075,SKU1028,Semovita 2kg,Grains & Staples,2,2050,0,POS Card
RCPT-101278,TXN101278,2026-03-11,18:58:00,SURULERE,TILL-01,Chidinma Okafor,,SKU1015,Close Up Toothpaste 140ml,Personal Care,1,860,0,ussd
RCPT-100377,TXN100377,07/24/2026,16:37:00,MiniMart Express - Surulere,TILL-01,Fatima Bello,,SKU1025,Tom Tom Sweet (pack),Snacks,1,330,0,Bank Transfer
RCPT-100390,TXN100390,29-05-2026,19:04:00,Ikeja Branch,TILL-01,Amaka Eze,,SKU1005,COCA COLA 50CL,Beverages,4,380,0,ussd
RCPT-100657,TXN100657,08-03-2026,18:09:00,MiniMart Express - Yaba,TILL-03,Fatima Bello,,SKU1008,Milo 400g,Beverages,1,2340,0,ussd
RCPT-102276,TXN102276,2026-06-27,12:14:00,minimart express-ikeja ,TILL-02,Chidinma Okafor,,SKU1011,Honeywell Semolina 2kg,Grains & Staples,2,"₦2,510.00",5,ATM Card
RCPT-100914,TXN100914,05/11/2026,11:49:00,Surulere Branch,TILL-01,Emeka Obi,,SKU1005,Coca Cola 50cl,Beverages,1,₦450.00,0,cash
RCPT-100148,TXN100148,2026-03-24,11:07:00,MiniMart Express - Surulere,TILL-01,Emeka Obi,7806524500,SKU1007,Gala Sausage Roll,Snacks,1,230,0,Bank Transfer
RCPT-100728,TXN100728,2026-06-02,18:14:00,minimart express-ikeja ,TILL-02,Fatima Bello,+2347514994924,SKU1010,MAMA GOLD RICE 5KG,Grains & Staples,-2,,0,Bank Transfer
RCPT-102321,TXN102321,2026-03-20,17:22:00,MiniMart Express - Yaba,TILL-01,Blessing Nwosu,,SKU1019,Titus Sardine 125g,Canned Foods,5,630.00,0,Cash
RCPT-101792,TXN101792,2026-04-06,19:32:00,Surulere Branch,TILL-01,Chidinma Okafor,,SKU1027,Amstel Malta 33cl,Beverages,2,370,0,Cash
RCPT-100936,TXN100936,2026-07-15,12:51:00,MiniMart Express - Surulere,TILL-01,Tunde Bakare,,SKU1009,Cowbell Milk Powder 360g,Dairy,1,"₦2,020.00",0,POS Card
RCPT-102337,TXN102337,2026-04-06,12:06:00,MiniMart Express - Surulere,TILL-01,Tunde Bakare,,SKU1014,Dettol Soap 65g,Personal Care,1,₦320.00,0,Transfer
RCPT-101559,TXN101559,06-07-2026,18:09:00,MiniMart Express - Ikeja,TILL-02,Chidinma Okafor,,SKU1016,Eva Water 75cl,Beverages,2,180,0,Cash
RCPT-100746,TXN100746,07/04/2026,13:47:00,SURULERE,TILL-01,Emeka Obi,,SKU1017,La Casera 50cl,Beverages,2,,0,POS Card
RCPT-100299,TXN100299,2026-06-30,10:07:00,IKEJA,TILL-01,Chidinma Okafor,,SKU1018,Maltina 33cl,Beverages,4,490,0,cash
RCPT-101189,TXN101189,2026-03-18,21:42:00,Ikeja Branch,TILL-02,Chidinma Okafor,2347071360182,SKU1019,Titus Sardine 125g,Canned Foods,1,670,0,ATM Card
RCPT-100745,TXN100745,2026-04-24,18:19:00,Surulere Branch,TILL-01,Blessing Nwosu,,SKU1003,Golden Morn 500g,Grains & Staples,1,"1,350.00",0,Cash
RCPT-101614,TXN101614,2026-03-28,18:07:00,Yaba Branch,TILL-01,Tunde Bakare,,SKU1022,Knorr Chicken Cubes (pack),Grains & Staples,2,280,0,POS Card
RCPT-102480,TXN102480,2026-05-28,09:36 PM,Surulere Branch,TILL-01,Emeka Obi,7073920792,SKU1025,Tom Tom Sweet (pack),Snacks,1,330.00,0,ATM Card
RCPT-102443,TXN102443,2026-05-05,19:09:00,Surulere Branch,TILL-01,Tunde Bakare,,SKU1026,Chivita Juice 1L,Beverages,1,"₦1,470.00",0,Card
RCPT-101338,TXN101338,2026-07-23,11:43:00,minimart express-ikeja ,TILL-02,Amaka Eze,07807482149,SKU1030,Nasco Cornflakes 500g,Grains & Staples,4,1810,0,POS Card
RCPT-102487,TXN102487,2026-05-05,09:32:00,MiniMart Express - Surulere,TILL-01,Ibrahim Musa,,SKU1014,Dettol Soap 65g,Personal Care,1,,0,Bank Transfer
RCPT-100587,TXN100587,2026-07-01,13:35:00,MiniMart Express - Ikeja,TILL-02,Amaka Eze,,SKU1023,Ariel Detergent 900g,Household,3,1880,0,Card
RCPT-101285,TXN101285,2026-07-25,13:40:00,Surulere Branch,TILL-01,Fatima Bello,8838512880,SKU1028,Semovita 2kg,Grains & Staples,1,2380,0,Cash
RCPT-101939,TXN101939,28/06/2026,06:25 PM,Ikeja Branch,TILL-01,Fatima Bello,,SKU1002,Peak Milk Evaporated 170g,Dairy,2,620,5,Card
RCPT-100909,TXN100909,2026-07-13,10:41:00,minimart express-ikeja ,TILL-01,Emeka Obi,8805046844,SKU1001, Indomie Noodles 70g ,GRAINS & STAPLES,2,170,0,POS Card
RCPT-100439,TXN100439,2026-07-28,14:11:00,MiniMart Express - Yaba,TILL-02,Ibrahim Musa,,SKU1013,Omo Detergent 900g,Household,1,1800,0,Bank Transfer
RCPT-101127,TXN101127,2026-05-23,08:30:00,SURULERE,TILL-01,Amaka Eze,,SKU1009,Cowbell Milk Powder 360g,Dairy,2,1970,0,pos
RCPT-100197,TXN100197,2026-07-13,09:48:00,SURULERE,TILL-01,Tunde Bakare,8542673190,SKU1027,Amstel Malta 33cl,Beverages,2,420,5,Cash
RCPT-100453,TXN100453,2026-07-04,19:16:00,MiniMart Express - Surulere,TILL-01,Blessing Nwosu,,SKU1016,Eva Water 75cl,Beverages,2,200,0,POS
RCPT-100761,TXN100761,16-04-2026,11:41:00,IKEJA,TILL-02,Segun Adeyemi,+2348457937827,SKU1025,Tom Tom Sweet (pack),Snacks,1,₦340.00,0,Cash
RCPT-101995,TXN101995,2026-06-19,07:46 PM,MiniMart Express - Surulere,TILL-01,Fatima Bello,+2347168442132,SKU1012,Kings Vegetable Oil 1L,Grains & Staples,2,2640,0,POS Card
RCPT-100829,TXN100829,2026-06-24,10:07:00,IKEJA,TILL-01,Segun Adeyemi,,SKU1025,Tom Tom Sweet (pack),Snacks,1,₦290.00,0,Bank Transfer
RCPT-100237,TXN100237,05/17/2026,07:40:00,minimart express-ikeja ,TILL-01,Blessing Nwosu,2347631566701,SKU1005,Coca-Cola 50cl,Beverages,4,370,0,transfer
RCPT-100885,TXN100885,23/07/2026,12:01:00,IKEJA,TILL-01,Segun Adeyemi,,SKU1003,Golden Morn 500g,,3,1310,0,Cash
RCPT-102201,TXN102201,2026-07-30,11:24:00,IKEJA,TILL-02,Amaka Eze,+2348922301608,SKU1008,Milo 400g,Beverages,2,2240,0,transfer
RCPT-100010,TXN100010,2026-03-22,11:42 AM,minimart express-ikeja ,TILL-02,Amaka Eze,07852566777,SKU1001,Indomie Noodles 70g,Grains & Staples,1,160,0,cash
RCPT-102313,TXN102313,2026-07-25,19:35:00,Yaba Branch,TILL-01,Blessing Nwosu,,SKU1007,Gala Sausage Roll,Snacks,1,₦230.00,0,USSD
RCPT-101387,TXN101387,2026-05-29,18:37:00,SURULERE,TILL-01,Blessing Nwosu,,SKU1004,Dangote Sugar 1kg,Grains & Staples,3,"₦1,100.00",0,pos
RCPT-101687,TXN101687,2026-07-05,21:14:00,MiniMart Express - Surulere,TILL-01,Segun Adeyemi,,SKU1009,Cowbell Milk Powder 360g,DAIRY,2,1920,0,Cash
RCPT-101924,TXN101924,2026-06-21,15:30:00,Yaba Branch,TILL-01,Blessing Nwosu,,SKU1023,Ariel Detergent 900g,Household,5,1760,0,POS Card
RCPT-101261,TXN101261,2026-07-31,07:17 PM,MiniMart Express - Yaba,TILL-03,Chidinma Okafor,08455218981,SKU1006,Bigi Cola 50cl,Beverages,3,340,0,Cash
RCPT-101923,TXN101923,2026-03-21,18:36:00, Yaba,TILL-01,Tunde Bakare,,SKU1007,Gala Sausage Roll,Snacks,5,240,0,cash
RCPT-102053,TXN102053,2026-06-23,21:29:00,Ikeja Branch,TILL-01,Emeka Obi,7546199760,SKU1001,INDOMIE NOODLES 70G,Grains & Staples,1,140.00,0,CASH
RCPT-101298,TXN101298,2026-04-17,11:10:00, Yaba,TILL-02,Amaka Eze,,SKU1008,Milo 400g,Beverages,1,"1,980.00",15,USSD
RCPT-100048,TXN100048,2026-07-21,15:24:00,SURULERE,TILL-01,Fatima Bello,,SKU1030,Nasco Cornflakes 500g,Grains & Staples,1,2000,0,Cash
RCPT-101605,TXN101605,28-03-2026,20:11:00,IKEJA,TILL-02,Blessing Nwosu,07041412187,SKU1011,Honeywell Semolina 2kg,Grains & Staples,1,"2,310.00",0,POS Card
RCPT-102536,TXN102536,2026-03-07,08:43:00,Ikeja Branch,TILL-02,Emeka Obi,2348776760702,SKU1021,Bournvita 500g,Beverages,3,"2,350.00",0,Cash
RCPT-100744,TXN100744,2026-05-30,20:19:00,MiniMart Express - Yaba,TILL-01,Ibrahim Musa,08896371348,SKU1015,Close Up Toothpaste 140ml,Personal Care,1,"1,000.00",0,Cash
RCPT-102080,TXN102080,2026-04-28,13:09:00,IKEJA,TILL-02,Ibrahim Musa,2 3 4 8 2 5 8 8 2 4 8 7 6,SKU1016,Eva Water 75cl,Beverages,2,180,0,Cash
RCPT-101820,TXN101820,2026-03-31,17:20:00,SURULERE,TILL-01,Chidinma Okafor,2348561586562,SKU1029,Dano Milk Powder 400g,Dairy,1,3190,0,Cash
RCPT-100656,TXN100656,2026-04-12,17:35:00,MiniMart Express - Yaba,TILL-01,Chidinma Okafor,0 7 4 5 6 6 8 0 5 7 3,SKU1018,Maltina 33cl,Beverages,1,470,0,Cash
RCPT-102402,TXN102402,2026-06-21,20:16:00,YABA,TILL-03,Amaka Eze,,SKU1006,Bigi Cola 50cl,Beverages,1,380,0,transfer
RCPT-100085,TXN100085,2026-05-10,13:21:00,Yaba Branch,TILL-02,Ibrahim Musa,08153237608,SKU1010,MAMA GOLD RICE 5KG,Grains & Staples,2,6860,0,Bank Transfer
RCPT-100339,TXN100339,2026-06-25,08:47:00,IKEJA,TILL-02,Amaka Eze,,SKU1011,Honeywell Semolina 2kg,Grains & Staples,1,2280,0,USSD
RCPT-101993,TXN101993,2026-05-02,19:06:00,MiniMart Express - Ikeja,TILL-01,Tunde Bakare,0 7 6 2 5 7 8 0 8 1 1,SKU1002,peak milk evaporated170g,Dairy,1,,15,USSD
RCPT-101327,TXN101327,2026-06-27,12:17:00,Ikeja Branch,TILL-02,Fatima Bello,2348651250021,SKU1008,Milo 400g,Beverages,3,"₦2,160.00",0,pos
RCPT-100992,TXN100992,17/05/2026,11:56:00,SURULERE,TILL-01,Chidinma Okafor,7062721172,SKU1027,Amstel Malta 33cl,Beverages,1,450,0,Cash
RCPT-101585,TXN101585,03/03/2026,01:17 PM,Surulere Branch,TILL-01,Blessing Nwosu,8907404907,SKU1016,Eva Water 75cl,Beverages,2,190,0,USSD
RCPT-100623,TXN100623,2026-07-22,17:19:00,IKEJA,TILL-01,Tunde Bakare,,SKU1008,Milo 400g,Beverages,3,2310,0,ussd
RCPT-100759,TXN100759,2026-05-28,09:00:00,Surulere Branch,TILL-01,Tunde Bakare,,SKU1006,Bigi Cola 50cl,Beverages,1,380,0,Cash
RCPT-100544,TXN100544,2026-05-14,13:30:00,MiniMart Express - Ikeja,TILL-01,Segun Adeyemi,,SKU1021,Bournvita 500g,Beverages,2,"₦2,490.00",0,Transfer
RCPT-100703,TXN100703,2026-06-26,07:25:00,Yaba Branch,TILL-02,Chidinma Okafor,,SKU1012,Kings Vegetable Oil 1L,Grains & Staples,1,2850,0,Transfer
RCPT-100473,TXN100473,2026-05-22,17:34:00,MiniMart Express - Ikeja,TILL-01,Blessing Nwosu,+2348514025480,SKU1014,Dettol Soap 65g,Personal Care,2,370,0,POS
RCPT-100442,TXN100442,2026-03-26,16:10:00,Surulere Branch,TILL-01,Blessing Nwosu,,SKU1018,Maltina 33cl,Beverages,2,420,0,ussd
RCPT-101275,TXN101275,05/17/2026,19:20:00,SURULERE,TILL-01,Fatima Bello,,SKU1030,Nasco Cornflakes 500g,Grains & Staples,2,2020,0,Card
RCPT-100351,TXN100351,2026-03-05,16:48:00,YABA,TILL-03,Segun Adeyemi,,SKU1008,Milo 400g,Beverages,2,2140,15,Bank Transfer
RCPT-100236,TXN100236,2026-03-24,18:21:00,MiniMart Express - Ikeja,TILL-01,Fatima Bello,+2348962064762,SKU1006,Bigi Cola 50cl,Beverages,3,340.00,0,POS Card
RCPT-102178,TXN102178,2026-04-04,04:37 PM,Surulere Branch,TILL-01,Blessing Nwosu,09057364497,SKU1015,Close Up Toothpaste 140ml,Personal Care,1,820,0,transfer
RCPT-100506,TXN100506,2026-05-11,18:13:00,Surulere Branch,TILL-01,Chidinma Okafor,,SKU1014,Dettol Soap 65g,Personal Care,1,400,0,POS
RCPT-102518,TXN102518,2026-07-07,12:04:00,Surulere Branch,TILL-01,Blessing Nwosu,08771197155,SKU1026,Chivita Juice 1L,Beverages,2,1270,0,cash
RCPT-100940,TXN100940,2026-04-24,10:06:00,MiniMart Express - Surulere,TILL-01,Amaka Eze,,SKU1030,Nasco Cornflakes 500g,Grains & Staples,1,2140,0,POS Card
RCPT-100994,TXN100994,03/04/2026,18:03:00,MiniMart Express - Ikeja,TILL-01,Ibrahim Musa,,SKU1017,La Casera 50cl,Beverages,4,320,0,Cash
RCPT-102336,TXN102336,2026-05-29,16:31:00,YABA,TILL-03,Emeka Obi,,SKU1006,Bigi Cola 50cl,Beverages,1,360,0,POS Card
RCPT-100455,TXN100455,2026-07-19,09:07:00,YABA,TILL-03,Fatima Bello,,SKU1020,Cerelac Infant Cereal 400g,Baby Products,2,"₦2,960.00",0,POS Card
RCPT-100234,TXN100234,2026-05-23,11:27:00,Yaba Branch,TILL-02,Emeka Obi,,SKU1004,Dangote sugar 1Kg,Grains & Staples,1,1260,10,POS Card
RCPT-101235,TXN101235,07/13/2026,11:27:00,MiniMart Express - Ikeja,TILL-01,Chidinma Okafor,,SKU1011,Honeywell Semolina 2kg,Grains & Staples,4,2500,0,Cash
RCPT-101149,TXN101149,2026-07-24,17:01:00,Yaba Branch,TILL-02,Blessing Nwosu,,SKU1011,Honeywell Semolina 2kg,Grains & Staples,1,2370,0,POS Card
RCPT-101273,TXN101273,2026-03-15,17:43:00,MiniMart Express - Yaba,TILL-03,Blessing Nwosu,2348161433401,SKU1005,Coke 50cl,Beverages,3,430,0,Cash
RCPT-100944,TXN100944,2026-06-12,16:57:00,Surulere Branch,TILL-01,Ibrahim Musa,,SKU1018,Maltina 33cl,Beverages,2,410,0,Bank Transfer
RCPT-101887,TXN101887,2026-07-21,19:00:00,minimart express-ikeja ,TILL-02,Chidinma Okafor,,SKU1025,Tom Tom Sweet (pack),Snacks,3,300.00,0,pos
RCPT-102315,TXN102315,2026-03-15,18:13:00, Yaba,TILL-03,Emeka Obi,,SKU1009,Cowbell Milk Powder 360g,Dairy,1,1700,0,Cash
RCPT-101446,TXN101446,2026-07-01,14:24:00,minimart express-ikeja ,TILL-01,Amaka Eze,07894206363,SKU1008,Milo 400g,Beverages,1,2130,0,POS Card
RCPT-100120,TXN100120,2026-04-22,17:20:00,MiniMart Express - Surulere,TILL-01,,,SKU1030,Nasco Cornflakes 500g,Grains & Staples,5,2110,15,transfer
RCPT-100166,TXN100166,2026-07-09,18:24:00,IKEJA,TILL-01,Emeka Obi,2347682017235,SKU1021,Bournvita 500g,Beverages,2,2190,0,POS Card
RCPT-100228,TXN100228,2026-05-30,16:04:00, Yaba,TILL-02,Tunde Bakare,08679122764,SKU1005,COCA COLA 50CL,Beverages,4,₦410.00,0,POS Card
RCPT-101404,TXN101404,2026-03-03,11:07:00, Yaba,TILL-01,Emeka Obi,+2347445500248,SKU1007,Gala Sausage Roll,Snacks,1,250,15,Bank Transfer
RCPT-102565,TXN102565,2026-05-17,16:38:00,YABA,TILL-01,Ibrahim Musa,,SKU1026,Chivita Juice 1L,,1,1390,0,cash
RCPT-100170,TXN100170,2026-06-21,18:40:00,MiniMart Express - Surulere,TILL-01,Tunde Bakare,,SKU1003,Golden Morn 500g,Grains & Staples,2,1620,0,Cash
RCPT-102060,TXN102060,2026-06-06,19:25:00,Surulere Branch,TILL-01,Ibrahim Musa,,SKU1009,Cowbell Milk Powder 360g,Dairy,1,"₦2,000.00",0,POS
RCPT-101372,TXN101372,2026-06-03,09:44:00,MiniMart Express - Yaba,TILL-01,Fatima Bello,07528643891,SKU1021,Bournvita 500g,Beverages,2,2660,0,ATM Card
RCPT-101594,TXN101594,2026-05-28,18:39:00,SURULERE,TILL-01,Chidinma Okafor,,SKU1025,Tom Tom Sweet (pack),Snacks,1,270,0,Cash
RCPT-101610,TXN101610,2026-05-01,10:13:00,Ikeja Branch,TILL-01,Ibrahim Musa,07092150056,SKU1013,Omo Detergent 900g,Household,3,1770,0,POS Card
RCPT-101964,TXN101964,12-07-2026,11:35 AM,MiniMart Express - Yaba,TILL-02,Fatima Bello,,SKU1017,La Casera 50cl,Beverages,1,320,0,POS Card
RCPT-102364,TXN102364,2026-04-07,11:16:00,minimart express-ikeja ,TILL-01,,,SKU1026,Chivita Juice 1L,Beverages,2,1240,0,transfer
RCPT-102374,TXN102374,20/03/2026,21:48:00,SURULERE,TILL-01,Amaka Eze,7649091833,SKU1029,Dano Milk Powder 400g,Dairy,4,3310,0,ussd
RCPT-102044,TXN102044,2026-05-06,16:43:00,MiniMart Express - Yaba,TILL-01,Emeka Obi,,SKU1027,Amstel Malta 33cl,Beverages,1,450,0,Transfer
RCPT-100098,TXN100098,2026-06-16,17:36:00,minimart express-ikeja ,TILL-01,Segun Adeyemi,,SKU1011,Honeywell Semolina 2kg,Grains & Staples,1,2580,0,USSD
RCPT-101237,TXN101237,05-05-2026,08:37:00,Surulere Branch,TILL-01,Ibrahim Musa,+2348781331076,SKU1017,La Casera 50cl,Beverages,1,330,0,USSD
RCPT-102310,TXN102310,2026-06-11,15:13:00,Yaba Branch,TILL-03,Amaka Eze,+2348265653326,SKU1011,Honeywell Semolina 2kg,Grains & Staples,1,2510,0,POS Card
RCPT-100479,TXN100479,2026-07-27,18:30:00,Surulere Branch,TILL-01,Chidinma Okafor,,SKU1016,Eva Water 75cl,Beverages,2,190,0,cash
RCPT-100190,TXN100190,2026-05-08,21:44:00,minimart express-ikeja ,TILL-01,,08827243511,SKU1003,Golden Morn 500g,Grains & Staples,4,1670,0,Cash
RCPT-101761,TXN101761,2026-05-09,12:04:00,Yaba Branch,TILL-02,Segun Adeyemi,2349069163411,SKU1019,Titus Sardine 125g,,4,790,0,Card
RCPT-102195,TXN102195,04/21/2026,18:09:00,Yaba Branch,TILL-02,Emeka Obi,08827728486,SKU1018,Maltina 33cl,Beverages,2,₦470.00,0,Cash
RCPT-101237,TXN101237,2026-05-05,08:37:00,Surulere Branch,TILL-01,Ibrahim Musa,+2348781331076,SKU1013,Omo Detergent 900g,Household,2,1780,0,USSD
RCPT-100783,TXN100783,2026-06-01,18:04:00, Yaba,TILL-03,Chidinma Okafor,+2347712245874,SKU1011,Honeywell Semolina 2kg,Grains & Staples,1,2110,0,Cash
RCPT-102387,TXN102387,2026-07-24,16:09:00,YABA,TILL-02,Blessing Nwosu,7829942225,SKU1020,Cerelac Infant Cereal 400g,Baby Products,1,"₦3,460.00",0,ussd
RCPT-101303,TXN101303,2026-05-06,11:43:00,MiniMart Express - Ikeja,TILL-01,Emeka Obi,2349073037536,SKU1007,Gala Sausage Roll,Snacks,1,230,0,USSD
RCPT-101764,TXN101764,2026-05-16,16:41:00,IKEJA,TILL-02,Emeka Obi,,SKU1017,La Casera 50cl,Beverages,1,₦330.00,0,Cash
RCPT-100004,,30/06/2026,20:10:00,Ikeja Branch,TILL-01,Amaka Eze,,SKU1007,Gala Sausage Roll,Snacks,2,250,0,Transfer
RCPT-100486,TXN100486,2026-04-15,10:22:00, Yaba,TILL-03,Fatima Bello,,SKU1027,Amstel Malta 33cl,,2,450,15,ussd
RCPT-102337,TXN102337,2026-04-06,12:06 PM,Surulere Branch,TILL-01,Tunde Bakare,,SKU1012,Kings Vegetable Oil 1L,Grains & Staples,2,2530,0,Transfer
RCPT-100170,TXN100170,2026-06-21,18:40:00,Surulere Branch,TILL-01,Tunde Bakare,,SKU1030,Nasco Cornflakes 500g,Grains & Staples,3,1740,0,Cash
RCPT-101636,TXN101636,04/23/2026,18:10:00,Surulere Branch,TILL-01,Ibrahim Musa,,SKU1028,Semovita 2kg,Grains & Staples,2,2320,0,pos
RCPT-100218,TXN100218,2026-07-24,20:29:00,MiniMart Express - Yaba,TILL-01,Blessing Nwosu,,SKU1014,Dettol Soap 65g,Personal Care,1,350,15,POS Card
RCPT-101977,TXN101977,2026-04-17,19:30:00,SURULERE,TILL-01,Blessing Nwosu,,SKU1002,Peak Milk Evap 170g,Dairy,1,670,0,pos
RCPT-102561,TXN102561,2026-05-02,20:42:00,MiniMart Express - Surulere,TILL-01,Tunde Bakare,8348421701,SKU1030,Nasco Cornflakes 500g,Grains & Staples,3,1940,0,Bank Transfer
RCPT-101501,TXN101501,2026-07-08,12:50:00,Ikeja Branch,TILL-01,Tunde Bakare,,SKU1020,Cerelac Infant Cereal 400g,Baby Products,1,3420,0,cash
RCPT-101843,TXN101843,2026-06-30,21:29:00,Ikeja Branch,TILL-01,Ibrahim Musa,2348643510869,SKU1009,Cowbell Milk Powder 360g,Dairy,2,1930,0,Card
RCPT-100321,TXN100321,2026-05-12,12:45:00,YABA,TILL-01,Chidinma Okafor,,SKU1028,Semovita 2kg,Grains & Staples,1,1940,0,Cash
RCPT-101741,TXN101741,2026-03-17,14:54:00,SURULERE,TILL-01,Blessing Nwosu,8686685244,SKU1020,Cerelac Infant Cereal 400g,Baby Products,1,3020,0,pos
RCPT-100885,TXN100885,2026-07-23,12:01:00,minimart express-ikeja ,TILL-01,Segun Adeyemi,,SKU1028,Semovita 2kg,Grains & Staples,5,"2,140.00",0,Cash
RCPT-101370,TXN101370,2026-07-09,09:10:00,MiniMart Express - Yaba,TILL-01,Tunde Bakare,,SKU1019,Titus Sardine 125g,Canned Foods,1,740,0,cash
RCPT-100623,TXN100623,2026-07-22,17:19:00,MiniMart Express - Ikeja,TILL-01,Tunde Bakare,,SKU1023,Ariel Detergent 900g,Household,1,"₦1,730.00",0,ussd
RCPT-102352,TXN102352,2026-05-14,14:15:00,minimart express-ikeja ,TILL-01,Fatima Bello,+2348728318296,SKU1027,Amstel Malta 33cl,Beverages,1,370,0,Cash
RCPT-101343,TXN101343,2026-04-11,09:52:00,minimart express-ikeja ,TILL-02,Tunde Bakare,2348226130509,SKU1025,Tom Tom Sweet (pack),,1,300,0,USSD
RCPT-100779,TXN100779,2026-03-02,17:36:00,MiniMart Express - Surulere,TILL-01,Fatima Bello,7539691277,SKU1029,Dano Milk Powder 400g,Dairy,2,2740,0,Transfer
RCPT-102212,TXN102212,15-06-2026,18:17:00,Ikeja Branch,TILL-01,Amaka Eze,,SKU1001,INDOMIE NOODLES 70G,Grains & Staples,5,140,0,Cash
RCPT-100302,TXN100302,2026-03-22,11:53:00,YABA,TILL-03,Tunde Bakare,7248628368,SKU1011,Honeywell Semolina 2kg,Grains & Staples,4,2590,0,cash
RCPT-101506,TXN101506,2026-06-30,19:19:00,SURULERE,TILL-01,Fatima Bello,7267031900,SKU1016,Eva Water 75cl,Beverages,1,190,0,Cash
RCPT-100875,TXN100875,2026-05-01,17:48:00,MiniMart Express - Surulere,TILL-01,Fatima Bello,8271763581,SKU1024,"Pampers Diapers (pack, medium)",Baby Products,3,"4,940.00",15,POS
RCPT-102552,TXN102552,2026-06-27,21:00:00,MiniMart Express - Surulere,TILL-01,Tunde Bakare,,SKU1004,Dangote sugar 1Kg,Grains & Staples,1,1280,0,Cash
RCPT-102540,TXN102540,2026-06-05,09:19:00,minimart express-ikeja ,TILL-01,Blessing Nwosu,,SKU1003,Golden Morn 500g,Grains & Staples,1,,15,POS Card
RCPT-102221,TXN102221,2026-04-20,10:58:00, Yaba,TILL-01,Fatima Bello,0 9 0 3 6 1 3 4 4 9 6,SKU1009,Cowbell Milk Powder 360g,Dairy,1,1810,0,POS Card
RCPT-102042,TXN102042,2026-06-19,19:18:00,minimart express-ikeja ,TILL-01,Segun Adeyemi,,SKU1002,Peak Milk Evaporated 170g,Dairy,1,670,0,Transfer
RCPT-102043,TXN102043,2026-03-06,11:55:00,YABA,TILL-03,Blessing Nwosu,,SKU1022,Knorr Chicken Cubes (pack),Grains & Staples,2,₦310.00,0,Cash
RCPT-100441,TXN100441,2026-07-24,10:32 AM, Yaba,TILL-03,Chidinma Okafor,,SKU1025,Tom Tom Sweet (pack),Snacks,4,,0,Transfer
RCPT-101341,TXN101341,26-06-2026,15:36:00,MiniMart Express - Yaba,TILL-02,Amaka Eze,+2347882353223,SKU1024,"Pampers Diapers (pack, medium)",Baby Products,1,4660,0,Card
RCPT-101251,TXN101251,04/14/2026,08:15:00,MiniMart Express - Surulere,TILL-01,Tunde Bakare,,SKU1029,Dano Milk Powder 400g,Dairy,1,,0,POS Card
RCPT-102362,TXN102362,2026-04-20,12:38:00,Ikeja Branch,TILL-02,Emeka Obi,2347761582073,SKU1014,Dettol Soap 65g,Personal Care,1,400,0,transfer
RCPT-100955,TXN100955,2026-05-27,13:55:00,MiniMart Express - Surulere,TILL-01,Chidinma Okafor,07809033685,SKU1019,Titus Sardine 125g,Canned Foods,3,770,0,Card
RCPT-102015,TXN102015,2026-06-13,16:07:00, Yaba,TILL-02,,,SKU1028,Semovita 2kg,Grains & Staples,1,2020,0,POS Card
RCPT-102186,TXN102186,09-04-2026,11:33:00,Yaba Branch,TILL-03,Fatima Bello,,SKU1019,Titus Sardine 125g,Canned Foods,4,650,0,POS Card
RCPT-101709,TXN101709,2026-03-29,18:46:00,SURULERE,TILL-01,Segun Adeyemi,2348644556394,SKU1010,MAMA GOLD RICE 5KG,Grains & Staples,2,"₦6,880.00",0,pos
RCPT-100815,TXN100815,03/22/2026,11:00:00,minimart express-ikeja ,TILL-02,Ibrahim Musa,,SKU1001,Indomie Noodle 70g,Grains & Staples,4,₦170.00,0,cash
RCPT-101164,TXN101164,2026-03-05,07:57:00,SURULERE,TILL-01,Chidinma Okafor,08782841134,SKU1015,Close Up Toothpaste 140ml,Personal Care,2,850.00,0,ussd
RCPT-102000,TXN102000,2026-06-15,12:47:00,Surulere Branch,TILL-01,Blessing Nwosu,,SKU1021,Bournvita 500g,Beverages,4,2190,0,POS Card
RCPT-100735,TXN100735,2026-03-05,11:54:00,minimart express-ikeja ,TILL-01,Tunde Bakare,,SKU1020,Cerelac Infant Cereal 400g,Baby Products,1,2940,0,Bank Transfer
RCPT-102114,TXN102114,2026-04-24,14:42:00,Yaba Branch,TILL-01,Blessing Nwosu,,SKU1013,Omo Detergent 900g,Household,1,1750,0,pos
RCPT-101860,TXN101860,2026-07-25,17:41:00,Surulere Branch,TILL-01,Ibrahim Musa,+2347852820861,SKU1023,Ariel Detergent 900g,Household,1,"1,840.00",0,POS Card
RCPT-100900,TXN100900,02/07/2026,19:27:00,MiniMart Express - Surulere,TILL-01,Emeka Obi,,SKU1024,"Pampers Diapers (pack, medium)",Baby Products,1,"₦4,340.00",0,Cash
,,,,,,,,,,,,,,
RCPT-100489,TXN100489,2026-07-09,07:22:00,SURULERE,TILL-01,Segun Adeyemi,,SKU1004,DANGOTE SUGAR 1KG ,Grains & Staples,3,"₦1,260.00",0,Cash
RCPT-100726,TXN100726,12-05-2026,11:39:00,Ikeja Branch,TILL-01,Chidinma Okafor,,SKU1006,Bigi Cola 50cl,Beverages,1,350,0,CASH
RCPT-100129,TXN100129,2026-07-12,14:15:00,Ikeja Branch,TILL-01,Blessing Nwosu,08561631179,SKU1027,Amstel Malta 33cl,Beverages,-3,460,0,Card
RCPT-101839,TXN101839,2026-05-11,20:46:00,MiniMart Express - Ikeja,TILL-01,Tunde Bakare,,SKU1023,Ariel Detergent 900g,Household,2,"1,950.00",0,Cash
RCPT-102222,TXN102222,2026-04-21,15:28:00,MiniMart Express - Surulere,TILL-01,Blessing Nwosu,,SKU1003,Golden Morn 500g,Grains & Staples,3,"1,550.00",0,Bank Transfer
RCPT-101469,TXN101469,14-03-2026,15:39:00, Yaba,TILL-01,Ibrahim Musa,8737238186,SKU1029,Dano Milk Powder 400g,Dairy,4,2960,0,Bank Transfer
RCPT-101547,TXN101547,2026-07-09,16:24:00,IKEJA,TILL-02,Fatima Bello,,SKU1013,Omo Detergent 900g,Household,3,1830,0,POS Card
RCPT-101964,TXN101964,2026-07-12,11:35:00,MiniMart Express - Yaba,TILL-02,Fatima Bello,,SKU1009,Cowbell Milk Powder 360g,Dairy,2,1830,10,POS Card
RCPT-102210,TXN102210,17-04-2026,13:39:00,SURULERE,TILL-01,Segun Adeyemi,,SKU1012,Kings Vegetable Oil 1L,Grains & Staples,2,2440,0,ATM Card
RCPT-101948,TXN101948,2026-03-30,10:01:00,SURULERE,TILL-01,Chidinma Okafor,,SKU1007,Gala Sausage Roll,Snacks,2,,0,pos
RCPT-100227,TXN100227,30/03/2026,17:11:00,Surulere Branch,TILL-01,Ibrahim Musa,+2348126323988,SKU1012,Kings Vegetable Oil 1L,Grains & Staples,2,2860,0,cash
RCPT-100382,TXN100382,2026-06-02,11:08 AM, Yaba,TILL-01,Blessing Nwosu,,SKU1012,Kings Vegetable Oil 1L,,3,"2,720.00",0,POS
RCPT-101025,TXN101025,2026-07-17,17:50:00,YABA,TILL-03,Blessing Nwosu,,SKU1017,La Casera 50cl,Beverages,2,350,15,USSD
RCPT-100827,TXN100827,2026-04-09,14:13:00,SURULERE,TILL-01,Blessing Nwosu,07669144052,SKU1021,Bournvita 500g,Beverages,2,2720,0,POS Card
RCPT-101448,TXN101448,06-05-2026,18:00:00,MiniMart Express - Surulere,TILL-01,Tunde Bakare,,SKU1021,Bournvita 500g,Beverages,-3,"2,570.00",0,Cash
RCPT-100074,TXN100074,2026-03-03,14:08:00,MiniMart Express - Yaba,TILL-03,,08531141997,SKU1023,Ariel Detergent 900g,Household,2,1710,0,transfer
RCPT-101669,TXN101669,2026-04-20,09:51 PM,MiniMart Express - Surulere,TILL-01,Tunde Bakare,,SKU1010,Mama Gold Rice5kg,Grains & Staples,3,6980,0,USSD
RCPT-101846,TXN101846,2026-03-13,19:42:00,MiniMart Express - Ikeja,TILL-01,Blessing Nwosu,8 1 1 8 2 9 5 1 7 5,SKU1030,Nasco Cornflakes 500g,Grains & Staples,4,1880,0,Transfer
RCPT-101715,TXN101715,2026-03-09,12:05:00,minimart express-ikeja ,TILL-02,,,SKU1016,Eva Water 75cl,Beverages,5,220,0,ussd
RCPT-101558,TXN101558,2026-05-30,20:01:00,Surulere Branch,TILL-01,Blessing Nwosu,,SKU1017,La Casera 50cl,Beverages,5,370,0,ussd
RCPT-101887,TXN101887,2026-07-21,19:00:00,IKEJA,TILL-02,Chidinma Okafor,,SKU1007,Gala Sausage Roll,Snacks,2,230,0,pos
RCPT-100086,TXN100086,2026-04-30,15:50:00,SURULERE,TILL-01,Fatima Bello,7731788191,SKU1001,INDOMIE NOODLES 70G,Grains & Staples,1,150,0,USSD
RCPT-100162,TXN100162,17/07/2026,16:15:00,Ikeja Branch,TILL-01,Chidinma Okafor,+2347778092498,SKU1017,La Casera 50cl,Beverages,1,320,0,transfer
RCPT-101331,TXN101331,2026-04-06,11:03:00,SURULERE,TILL-01,Blessing Nwosu,,SKU1019,Titus Sardine 125g,Canned Foods,1,₦640.00,0,Transfer
RCPT-100964,TXN100964,16-03-2026,13:01:00,Yaba Branch,TILL-01,Amaka Eze,+ 2 3 4 8 6 5 8 2 2 6 9 0 4,SKU1015,Close Up Toothpaste 140ml,Personal Care,1,970,0,USSD
RCPT-100562,TXN100562,2026-03-12,08:15:00,MiniMart Express - Ikeja,TILL-02,Tunde Bakare,8703217318,SKU1009,Cowbell Milk Powder 360g,Dairy,2,"₦1,700.00",0,Cash
RCPT-100887,TXN100887,2026-04-24,19:46:00,MiniMart Express - Yaba,TILL-03,Fatima Bello,8 7 1 7 9 7 3 7 8 0,SKU1015,Close Up Toothpaste 140ml,Personal Care,2,910,0,POS Card
RCPT-102132,TXN102132,03/14/2026,15:14:00,MiniMart Express - Surulere,TILL-01,Emeka Obi,,SKU1025,Tom Tom Sweet (pack),Snacks,1,310.00,0,Cash
RCPT-100235,TXN100235,2026-06-14,13:28:00,MiniMart Express - Yaba,TILL-03,Segun Adeyemi,,SKU1016,Eva Water 75cl,Beverages,3,220,0,cash
RCPT-100811,TXN100811,2026-06-16,21:24:00,minimart express-ikeja ,TILL-01,Emeka Obi,07097496851,SKU1003,Golden Morn 500g,Grains & Staples,1,1330,0,pos
RCPT-100466,TXN100466,2026-03-15,18:10:00,MiniMart Express - Ikeja,TILL-02,Amaka Eze,+2348397240267,SKU1008,Milo 400g,Beverages,1,"₦2,330.00",0,transfer
RCPT-100827,TXN100827,2026-04-09,14:13:00,MiniMart Express - Surulere,TILL-01,Blessing Nwosu,07669144052,SKU1020,Cerelac Infant Cereal 400g,Baby Products,-1,,0,POS Card
RCPT-100553,TXN100553,2026-03-28,08:49 PM, Yaba,TILL-01,Emeka Obi,,SKU1003,Golden Morn 500g,Grains & Staples,1,1540,0,pos
RCPT-102092,TXN102092,2026-06-25,19:11:00,MiniMart Express - Yaba,TILL-02,Ibrahim Musa,2 3 4 8 8 1 6 3 4 5 9 1 0,SKU1004,Dangote sugar 1Kg,Grains & Staples,2,1290,0,ATM Card
RCPT-101387,TXN101387,2026-05-29,18:37:00,MiniMart Express - Surulere,TILL-01,Blessing Nwosu,,SKU1010,Mama Gold Rice 5kg,Grains & Staples,3,,0,pos
RCPT-102214,TXN102214,05/03/2026,08:27 AM,YABA,TILL-03,Fatima Bello,,SKU1018,Maltina 33cl,BEVERAGES,4,470,0,Cash
RCPT-102287,TXN102287,2026-07-02,11:34:00,SURULERE,TILL-01,Chidinma Okafor,,SKU1013,Omo Detergent 900g,Household,3,1620,0,ATM Card
RCPT-101668,TXN101668,07-04-2026,13:39:00,minimart express-ikeja ,TILL-01,Amaka Eze,7221854663,SKU1001,Indomie Noodles 70g,Grains & Staples,1,150,0,Bank Transfer
RCPT-101686,TXN101686,2026-05-21,13:03:00,IKEJA,TILL-02,Chidinma Okafor,,SKU1024,"Pampers Diapers (pack, medium)",Baby Products,3,4220,5,cash
RCPT-101927,TXN101927,2026-06-10,20:51:00,minimart express-ikeja ,TILL-02,Fatima Bello,,SKU1014,Dettol Soap 65g,Personal Care,2,400.00,0,POS
RCPT-102057,TXN102057,06/15/2026,09:31:00,IKEJA,TILL-02,Tunde Bakare,2347332316031,SKU1023,Ariel Detergent 900g,Household,1,"₦1,850.00",0,POS Card
RCPT-100090,TXN100090,01-06-2026,09:46:00,MiniMart Express - Surulere,TILL-01,Blessing Nwosu,,SKU1010,Mama Gold Rice 5kg,Grains & Staples,3,6730,0,POS Card
RCPT-100493,TXN100493,31-07-2026,12:54:00,YABA,TILL-03,Emeka Obi,,SKU1013,Omo Detergent 900g,Household,1,1580,0,ATM Card
RCPT-100562,TXN100562,2026-03-12,08:15:00,MiniMart Express - Ikeja,TILL-02,Tunde Bakare,8703217318,SKU1008,Milo 400g,Beverages,1,2010,0,Cash
RCPT-101319,TXN101319,14/06/2026,15:48:00, Yaba,TILL-02,Ibrahim Musa,+ 2 3 4 7 6 5 2 5 0 6 4 7 4,SKU1021,Bournvita 500g,,1,2630,0,Cash
RCPT-101671,TXN101671,2026-07-25,08:45:00,Yaba Branch,TILL-02,Emeka Obi,,SKU1026,Chivita Juice 1L,Beverages,1,1440,0,transfer
RCPT-101741,TXN101741,2026-03-17,14:54:00,MiniMart Express - Surulere,TILL-01,Blessing Nwosu,8686685244,SKU1019,Titus Sardine 125g,Canned Foods,1,790.00,0,pos
RCPT-101368,TXN101368,2026-04-15,09:41:00,MiniMart Express - Yaba,TILL-03,Ibrahim Musa,2347841376903,SKU1028,Semovita 2kg,Grains & Staples,2,,0,POS Card
RCPT-101120,TXN101120,23-03-2026,17:03:00,minimart express-ikeja ,TILL-01,Fatima Bello,2348667385983,SKU1007,Gala Sausage Roll,,5,280,0,Cash
RCPT-100217,TXN100217,31/05/2026,15:15:00,Yaba Branch,TILL-01,Amaka Eze,2348788226291,SKU1029,Dano Milk Powder 400g,Dairy,1,2740,0,Cash
RCPT-102370,TXN102370,21-04-2026,11:38:00,Ikeja Branch,TILL-02,Amaka Eze,2348573205551,SKU1004,Dangote sugar 1Kg,Grains & Staples,2,,0,USSD
RCPT-102411,TXN102411,2026-07-30,14:29:00,SURULERE,TILL-01,Tunde Bakare,,SKU1017,La Casera 50cl,Beverages,1,390,0,Card
RCPT-101222,TXN101222,2026-03-12,11:11:00,Surulere Branch,TILL-01,Chidinma Okafor,,SKU1025,Tom Tom Sweet (pack),Snacks,2,340,0,ussd
RCPT-100843,TXN100843,03/03/2026,14:35:00,MiniMart Express - Yaba,TILL-01,Segun Adeyemi,8911929242,SKU1015,Close Up Toothpaste 140ml,Personal Care,1,840,0,Bank Transfer
RCPT-102351,TXN102351,07/02/2026,18:11:00,MiniMart Express - Yaba,TILL-01,Chidinma Okafor,,SKU1020,Cerelac Infant Cereal 400g,Baby Products,1,3310,0,Card
RCPT-101369,TXN101369,2026-04-15,20:00:00,MiniMart Express - Yaba,TILL-02,Tunde Bakare,,SKU1026,Chivita Juice 1L,Beverages,2,"₦1,330.00",0,Cash
RCPT-100069,TXN100069,2026-03-06,09:45:00,IKEJA,TILL-02,Chidinma Okafor,2348982860938,SKU1013,Omo Detergent 900g,Household,1,"1,700.00",0,POS Card
RCPT-101357,TXN101357,2026-04-07,09:53:00,SURULERE,TILL-01,Emeka Obi,8987568709,SKU1017,La Casera 50cl,Beverages,5,360,0,Card
RCPT-100416,TXN100416,23/04/2026,17:01:00,Ikeja Branch,TILL-02,Fatima Bello,,SKU1024,"Pampers Diapers (pack, medium)",Baby Products,1,4550,0,ATM Card
RCPT-102093,TXN102093,2026-05-13,12:27:00,MiniMart Express - Ikeja,TILL-01,Emeka Obi,8033991023,SKU1007,Gala Sausage Roll,Snacks,1,260,15,pos
RCPT-102162,TXN102162,2026-05-29,08:36:00,IKEJA,TILL-01,Blessing Nwosu,,SKU1018,Maltina 33cl,Beverages,2,,0,Card
RCPT-100622,TXN100622,2026-03-29,20:02:00,MiniMart Express - Ikeja,TILL-01,Tunde Bakare,+2347977386221,SKU1008,Milo 400g,Beverages,2,1940,0,Bank Transfer
RCPT-101434,TXN101434,2026-04-28,16:55:00,Surulere Branch,TILL-01,Segun Adeyemi,2347623800518,SKU1022,Knorr Chicken Cubes (pack),Grains & Staples,3,280,0,ATM Card
RCPT-100313,TXN100313,04-06-2026,19:16:00,minimart express-ikeja ,TILL-02,Segun Adeyemi,2348406546545,SKU1022,Knorr Chicken Cubes (pack),Grains & Staples,1,270,0,ATM Card
RCPT-102111,TXN102111,2026-05-03,17:52:00,MiniMart Express - Ikeja,TILL-02,Ibrahim Musa,2348481429394,SKU1022,Knorr Chicken Cubes (pack),Grains & Staples,1,290.00,0,cash
RCPT-101023,TXN101023,2026-06-23,18:36:00,Ikeja Branch,TILL-01,Fatima Bello,,SKU1026,Chivita Juice 1L,Beverages,4,,0,Cash
RCPT-100019,TXN100019,2026-03-30,15:41:00,Surulere Branch,TILL-01,Fatima Bello,,SKU1002,peak milk evaporated170g,Dairy,1,660,0,cash
RCPT-101568,TXN101568,2026-04-30,20:21:00,YABA,TILL-02,Emeka Obi,,SKU1023,Ariel Detergent 900g,Household,2,1990,0,POS Card
RCPT-100042,TXN100042,2026-07-28,14:33:00,SURULERE,TILL-01,Chidinma Okafor,08587378535,SKU1023,Ariel Detergent 900g,Household,1,1910,0,cash
RCPT-101037,TXN101037,09-05-2026,17:08:00, Yaba,TILL-03,Blessing Nwosu,,SKU1004,DANGOTE SUGAR 1KG ,Grains & Staples,2,1130,15,cash
RCPT-102529,TXN102529,13/07/2026,11:07:00,YABA,TILL-01,Emeka Obi,2348317219664,SKU1023,Ariel Detergent 900g,Household,1,1790,0,CASH
RCPT-101902,TXN101902,2026-03-31,13:39:00,Surulere Branch,TILL-01,Tunde Bakare,,SKU1028,Semovita 2kg,Grains & Staples,2,2230,0,USSD
RCPT-100536,TXN100536,06-06-2026,16:30:00,Ikeja Branch,TILL-01,Fatima Bello,07017647386,SKU1027,Amstel Malta 33cl,Beverages,1,360,0,transfer
RCPT-101362,TXN101362,03-05-2026,19:34:00,minimart express-ikeja ,TILL-02,Chidinma Okafor,2347875650886,SKU1007,Gala Sausage Roll,Snacks,1,280,0,POS Card
RCPT-101598,TXN101598,02-07-2026,18:44:00,MiniMart Express - Yaba,TILL-03,Fatima Bello,8313863119,SKU1016,Eva Water 75cl,Beverages,2,₦220.00,5,pos
RCPT-100815,TXN100815,2026-03-22,11:00:00,Ikeja Branch,TILL-02,Ibrahim Musa,,SKU1007,Gala Sausage Roll,Snacks,1,280,0,cash
RCPT-101421,TXN101421,2026-04-24,18:39:00,Yaba Branch,TILL-01,Tunde Bakare,07261099029,SKU1005,COCA COLA 50CL,Beverages,5,390,0,transfer
RCPT-100564,TXN100564,18-07-2026,19:33:00, Yaba,TILL-01,Ibrahim Musa,,SKU1006,Bigi Cola 50cl,Beverages,4,380,0,CASH
RCPT-101191,TXN101191,2026-06-20,10:02:00,MiniMart Express - Yaba,TILL-03,Ibrahim Musa,+2348598071758,SKU1004,Dangote Sugar 1kg,Grains & Staples,4,"1,160.00",0,POS
RCPT-101555,TXN101555,04-04-2026,08:42:00,MiniMart Express - Surulere,TILL-01,Fatima Bello,,SKU1017,La Casera 50cl,Beverages,1,400.00,0,Cash
RCPT-100318,TXN100318,04/07/2026,12:42:00,SURULERE,TILL-01,Ibrahim Musa,2348909472177,SKU1020,Cerelac Infant Cereal 400g,Baby Products,3,2920,0,Transfer
RCPT-101861,,2026-07-20,02:51 PM,minimart express-ikeja ,TILL-02,Blessing Nwosu,,SKU1026,Chivita Juice 1L,Beverages,1,1390,0,Transfer
RCPT-101845,TXN101845,2026-05-23,11:05:00,Yaba Branch,TILL-02,Emeka Obi,,SKU1018,Maltina 33cl,Beverages,5,460,0,USSD
RCPT-100255,TXN100255,14-05-2026,19:53:00,Yaba Branch,TILL-02,Chidinma Okafor,2348961669519,SKU1014,Dettol Soap 65g,Personal Care,3,,5,USSD
RCPT-100214,TXN100214,23/04/2026,19:48:00, Yaba,TILL-01,Segun Adeyemi,,SKU1010,Mama Gold Rice 5kg,Grains & Staples,2,7430,0,Transfer
RCPT-100853,TXN100853,2026-05-31,09:33:00,SURULERE,TILL-01,Fatima Bello,,SKU1011,Honeywell Semolina 2kg,Grains & Staples,2,"2,320.00",0,CASH
RCPT-102458,TXN102458,2026-05-06,08:36:00,SURULERE,TILL-01,Blessing Nwosu,2349032279796,SKU1016,Eva Water 75cl,Beverages,4,210,0,Transfer
RCPT-102050,TXN102050,2026-05-13,13:09:00,IKEJA,TILL-02,Segun Adeyemi,8296688815,SKU1008,Milo 400g,Beverages,1,2230,0,Cash
RCPT-100086,TXN100086,2026-04-30,15:50:00,Surulere Branch,TILL-01,,7731788191,SKU1018,Maltina 33cl,Beverages,2,470.00,0,USSD
RCPT-101199,TXN101199,13/06/2026,19:22:00,YABA,TILL-02,Segun Adeyemi,,SKU1020,Cerelac Infant Cereal 400g,Baby Products,2,,0,transfer
RCPT-100775,TXN100775,2026-07-26,18:08:00,SURULERE,TILL-01,Ibrahim Musa,+2347458762336,SKU1030,Nasco Cornflakes 500g,Grains & Staples,2,1920,0,ussd
RCPT-101074,TXN101074,2026-04-12,13:44:00,YABA,TILL-03,Amaka Eze,,SKU1015,Close Up Toothpaste 140ml,Personal Care,2,880,0,Cash
RCPT-102138,TXN102138,2026-04-30,15:22:00,MiniMart Express - Surulere,TILL-01,Fatima Bello,08386879082,SKU1026,Chivita Juice 1L,,1,1230,0,transfer
RCPT-101487,TXN101487,2026-04-27,13:05:00,minimart express-ikeja ,TILL-01,Blessing Nwosu,,SKU1007,Gala Sausage Roll,Snacks,1,240,0,Bank Transfer
RCPT-100662,TXN100662,2026-06-07,18:56:00,MiniMart Express - Surulere,TILL-01,Emeka Obi,,SKU1018,Maltina 33cl,Beverages,1,₦490.00,0,Cash
RCPT-100575,TXN100575,05/17/2026,11:22:00,minimart express-ikeja ,TILL-01,Emeka Obi,,SKU1014,Dettol Soap 65g,Personal Care,4,360,0,Transfer
RCPT-101231,TXN101231,2026-05-07,16:41:00,minimart express-ikeja ,TILL-01,Tunde Bakare,,SKU1019,Titus Sardine 125g,,2,630,0,Transfer
RCPT-101038,TXN101038,2026-07-07,18:33:00,Surulere Branch,TILL-01,Ibrahim Musa,,SKU1002,Peak Milk Evaporated 170g,Dairy,1,740.00,0,Cash
RCPT-100624,TXN100624,2026-06-13,18:10:00,Surulere Branch,TILL-01,Blessing Nwosu,,SKU1001,Indomie Noodles 70g,Grains & Staples,4,150,0,POS Card
RCPT-101744,TXN101744,22-07-2026,10:17:00,SURULERE,TILL-01,Amaka Eze,07629755242,SKU1020,Cerelac Infant Cereal 400g,Baby Products,2,3520,0,POS Card
RCPT-101473,TXN101473,2026-05-04,10:38:00,IKEJA,TILL-02,Ibrahim Musa,,SKU1001,Indomie Noodle 70g,Grains & Staples,5,160,10,Cash
RCPT-101569,TXN101569,2026-07-30,15:31:00,SURULERE,TILL-01,Fatima Bello,,SKU1017,La Casera 50cl,Beverages,3,350,0,CASH
RCPT-101084,TXN101084,2026-05-31,20:12:00, Yaba,TILL-02,Blessing Nwosu,08413889054,SKU1024,"Pampers Diapers (pack, medium)",Baby Products,1,"4,050.00",0,cash
RCPT-100424,TXN100424,2026-07-14,12:35:00,MiniMart Express - Ikeja,TILL-01,Tunde Bakare,,SKU1027,Amstel Malta 33cl,Beverages,1,410,0,POS Card
RCPT-101943,TXN101943,2026-04-20,07:28:00, Yaba,TILL-02,Blessing Nwosu,,SKU1016,Eva Water 75cl,Beverages,3,220,0,pos
RCPT-101059,TXN101059,2026-05-14,18:22:00,minimart express-ikeja ,TILL-02,Fatima Bello,,SKU1030,Nasco Cornflakes 500g,Grains & Staples,2,"1,860.00",0,USSD
RCPT-102177,TXN102177,2026-06-13,20:42:00,SURULERE,TILL-01,Fatima Bello,,SKU1014,Dettol Soap 65g,Personal Care,1,390,0,pos
,,,,,,,,,,,,,,
RCPT-101898,TXN101898,2026-07-09,19:48:00,MiniMart Express - Ikeja,TILL-01,Segun Adeyemi,2348395587522,SKU1006,Bigi Cola 50cl,Beverages,2,₦330.00,0,POS Card
RCPT-102550,TXN102550,2026-06-12,18:22:00,minimart express-ikeja ,TILL-02,Chidinma Okafor,2348453366009,SKU1014,Dettol Soap 65g,Personal Care,5,400,0,Transfer
RCPT-101645,TXN101645,2026-04-03,20:05:00,SURULERE,TILL-01,,,SKU1001,Indomie Noodle 70g,Grains & Staples,2,150,0,pos
RCPT-102403,TXN102403,29-06-2026,19:48:00,SURULERE,TILL-01,Tunde Bakare,,SKU1017,La Casera 50cl,Beverages,5,370,0,transfer
RCPT-100456,TXN100456,2026-03-31,18:03:00,MiniMart Express - Ikeja,TILL-01,Chidinma Okafor,,SKU1001, Indomie Noodles 70g ,Grains & Staples,4,₦140.00,0,Bank Transfer
RCPT-100479,TXN100479,2026-07-27,18:30:00,MiniMart Express - Surulere,TILL-01,Chidinma Okafor,,SKU1010,Mama Gold Rice5kg,Grains & Staples,3,,0,cash
RCPT-101382,TXN101382,2026-03-09,19:15:00,minimart express-ikeja ,TILL-01,Segun Adeyemi,,SKU1020,Cerelac Infant Cereal 400g,Baby Products,3,3370,0,Cash
RCPT-100200,TXN100200,2026-07-06,17:59:00,Yaba Branch,TILL-01,Blessing Nwosu,,SKU1001,INDOMIE NOODLES 70G,Grains & Staples,5,170,0,USSD
RCPT-100768,TXN100768,06/16/2026,14:50:00,SURULERE,TILL-01,Segun Adeyemi,,SKU1009,Cowbell Milk Powder 360g,Dairy,-2,"₦1,720.00",0,POS Card
RCPT-102277,TXN102277,2026-05-14,10:01:00,MiniMart Express - Ikeja,TILL-01,Segun Adeyemi,,SKU1002,Peak Milk Evap 170g,Dairy,3,600,0,POS Card
RCPT-102584,TXN102584,03/11/2026,18:39:00,SURULERE,TILL-01,Ibrahim Musa,,SKU1013,Omo Detergent 900g,HOUSEHOLD,1,1450,0,Cash
RCPT-102348,TXN102348,2026-05-01,08:02:00,Ikeja Branch,TILL-02,Emeka Obi,8012992443,SKU1028,Semovita 2kg,Grains & Staples,4,"2,260.00",0,Cash
RCPT-102597,TXN102597,07/31/2026,07:12:00,IKEJA,TILL-02,Segun Adeyemi,7675743376,SKU1006,Bigi Cola 50cl,Beverages,4,₦400.00,0,USSD
RCPT-102156,TXN102156,2026-04-17,19:13:00,minimart express-ikeja ,TILL-01,Chidinma Okafor,2348812152060,SKU1027,Amstel Malta 33cl,Beverages,2,460,0,POS Card
RCPT-101611,TXN101611,2026-03-15,20:14:00,MiniMart Express - Yaba,TILL-03,Fatima Bello,7605389604,SKU1009,Cowbell Milk Powder 360g,Dairy,1,"₦1,860.00",10,pos
RCPT-100643,TXN100643,2026-05-06,11:37:00,Ikeja Branch,TILL-02,Chidinma Okafor,2348314511437,SKU1026,Chivita Juice 1L,Beverages,1,1420,0,ATM Card
RCPT-101647,TXN101647,2026-06-28,10:56:00,Ikeja Branch,TILL-02,Amaka Eze,,SKU1022,Knorr Chicken Cubes (pack),Grains & Staples,1,290,0,pos
RCPT-101373,TXN101373,2026-03-12,11:09:00,SURULERE,TILL-01,Blessing Nwosu,,SKU1026,Chivita Juice 1L,Beverages,1,1280,0,Cash
RCPT-101363,TXN101363,2026-05-12,12:47:00,IKEJA,TILL-01,Emeka Obi,,SKU1020,Cerelac Infant Cereal 400g,Baby Products,3,3320,0,POS Card
RCPT-102040,TXN102040,09/06/2026,10:19:00,SURULERE,TILL-01,Fatima Bello,,SKU1021,Bournvita 500g,Beverages,1,2730,0,ATM Card
RCPT-101239,TXN101239,04/06/2026,17:04:00,MiniMart Express - Ikeja,TILL-02,Chidinma Okafor,8039077553,SKU1025,Tom Tom Sweet (pack),Snacks,1,320,0,POS Card
RCPT-100828,TXN100828,10/06/2026,19:29:00,IKEJA,TILL-01,Fatima Bello,,SKU1019,Titus Sardine 125g,Canned Foods,2,700,0,pos
RCPT-102039,TXN102039,2026-05-25,20:19:00,SURULERE,TILL-01,Ibrahim Musa,,SKU1023,Ariel Detergent 900g,Household,2,"₦1,970.00",0,ATM Card
RCPT-101137,TXN101137,2026-07-06,08:25:00,Surulere Branch,TILL-01,Fatima Bello,,SKU1003,Golden Morn 500g,Grains & Staples,2,,0,Transfer
RCPT-101672,TXN101672,2026-06-13,12:35:00,Ikeja Branch,TILL-01,Fatima Bello,+2348505268769,SKU1009,Cowbell Milk Powder 360g,Dairy,1,1880,0,ATM Card
RCPT-101859,TXN101859,05-07-2026,12:20:00,minimart express-ikeja ,TILL-02,Tunde Bakare,,SKU1024,"Pampers Diapers (pack, medium)",Baby Products,2,4590,15,Bank Transfer
RCPT-100944,TXN100944,2026-06-12,16:57:00,SURULERE,TILL-01,Ibrahim Musa,,SKU1026,Chivita Juice 1L,Beverages,1,1340,0,Bank Transfer
RCPT-100787,TXN100787,2026-04-19,11:49:00,IKEJA,TILL-02,Fatima Bello,,SKU1012,Kings Vegetable Oil 1L,Grains & Staples,1,"₦2,950.00",0,cash
RCPT-102050,TXN102050,2026-05-13,01:09 PM,Ikeja Branch,TILL-02,Segun Adeyemi,8296688815,SKU1029,Dano Milk Powder 400g,Dairy,2,3010,0,Cash
RCPT-100736,TXN100736,2026-03-14,17:55:00,YABA,TILL-02,Fatima Bello,08055803188,SKU1006,Bigi Cola 50cl,Beverages,1,400,10,POS Card
RCPT-101500,TXN101500,2026-04-26,17:03:00,MiniMart Express - Ikeja,TILL-01,Amaka Eze,+2348927880007,SKU1003,Golden Morn 500g,Grains & Staples,1,"₦1,570.00",5,ussd
RCPT-100095,TXN100095,2026-03-18,20:35:00,MiniMart Express - Surulere,TILL-01,Chidinma Okafor,,SKU1020,Cerelac Infant Cereal 400g,Baby Products,1,3640,15,transfer
RCPT-101236,TXN101236,13/04/2026,12:13 PM,MiniMart Express - Ikeja,TILL-02,Ibrahim Musa,,SKU1008,Milo 400g,Beverages,1,1910,0,POS Card
RCPT-101235,TXN101235,13/07/2026,11:27:00,minimart express-ikeja ,TILL-01,Chidinma Okafor,,SKU1023,Ariel Detergent 900g,Household,1,"₦1,780.00",0,Cash
RCPT-101798,TXN101798,2026-06-16,11:21:00,IKEJA,TILL-01,Fatima Bello,08294686926,SKU1016,Eva Water 75cl,Beverages,2,190,0,cash
RCPT-101700,TXN101700,24/05/2026,18:29:00,minimart express-ikeja ,TILL-02,Amaka Eze,2348633486653,SKU1012,Kings Vegetable Oil 1L,Grains & Staples,1,2860,0,USSD
RCPT-102239,TXN102239,2026-07-25,15:28:00,Ikeja Branch,TILL-01,Fatima Bello,2348685322142,SKU1024,"Pampers Diapers (pack, medium)",Baby Products,1,"₦4,450.00",0,POS Card
RCPT-102553,TXN102553,2026-06-21,19:02:00,Surulere Branch,TILL-01,Blessing Nwosu,2347063103866,SKU1022,Knorr Chicken Cubes (pack),,1,270,10,cash
RCPT-102496,TXN102496,04/07/2026,14:23:00,SURULERE,TILL-01,Fatima Bello,08102610074,SKU1024,"Pampers Diapers (pack, medium)",Baby Products,3,"₦4,140.00",0,pos
RCPT-102485,TXN102485,2026-06-29,11:53:00,IKEJA,TILL-01,Fatima Bello,,SKU1013,Omo Detergent 900g,Household,1,1580,0,cash
RCPT-102065,TXN102065,2026-04-01,18:32:00,minimart express-ikeja ,TILL-02,Tunde Bakare,,SKU1004,Dangote Sugar 1kg,Grains & Staples,2,1210,0,ATM Card
RCPT-101320,TXN101320,2026-06-10,21:08:00,Yaba Branch,TILL-01,Fatima Bello,,SKU1010,Mama Gold Rice 5kg,Grains & Staples,2,"₦6,700.00",0,Card
RCPT-101259,TXN101259,2026-07-01,13:10:00,Yaba Branch,TILL-01,Tunde Bakare,2347832994273,SKU1010,MAMA GOLD RICE 5KG,Grains & Staples,4,7120,15,Transfer
RCPT-100012,,2026-05-01,11:04:00,MiniMart Express - Ikeja,TILL-02,Emeka Obi,2347605558623,SKU1008,Milo 400g,Beverages,1,"2,110.00",0,POS
RCPT-100173,TXN100173,2026-07-06,15:11:00,minimart express-ikeja ,TILL-02,Segun Adeyemi,,SKU1023,Ariel Detergent 900g,Household,2,,0,POS Card
RCPT-102234,TXN102234,2026-05-29,12:42:00,Ikeja Branch,TILL-02,Emeka Obi,7969074923,SKU1027,Amstel Malta 33cl,Beverages,1,420,0,Cash
RCPT-101100,TXN101100,2026-03-25,19:32:00,Yaba Branch,TILL-03,Segun Adeyemi,8219535823,SKU1017,La Casera 50cl,Beverages,2,360,15,ATM Card
RCPT-100514,TXN100514,2026-07-16,21:07:00,IKEJA,TILL-01,Fatima Bello,,SKU1003,Golden Morn 500g,Grains & Staples,2,1610,0,Bank Transfer
RCPT-101328,TXN101328,2026-07-06,07:37:00,Surulere Branch,TILL-01,Amaka Eze,,SKU1028,Semovita 2kg,Grains & Staples,1,2300,0,Cash
RCPT-101283,TXN101283,2026-04-02,05:07 PM,IKEJA,TILL-01,Tunde Bakare,,SKU1010,MAMA GOLD RICE 5KG,GRAINS & STAPLES,1,6860,0,transfer
RCPT-102532,TXN102532,2026-07-25,19:43:00,Surulere Branch,TILL-01,Emeka Obi,7556978638,SKU1028,Semovita 2kg,Grains & Staples,1,2130,0,POS Card
RCPT-101407,TXN101407,2026-03-03,13:16:00,minimart express-ikeja ,TILL-02,Tunde Bakare,,SKU1018,Maltina 33cl,Beverages,1,500,0,transfer
RCPT-101460,TXN101460,2026-07-17,18:02:00,MiniMart Express - Ikeja,TILL-01,Fatima Bello,,SKU1023,Ariel Detergent 900g,Household,2,,0,Cash
RCPT-101931,TXN101931,2026-04-28,07:28:00,Surulere Branch,TILL-01,Blessing Nwosu,,SKU1024,"Pampers Diapers (pack, medium)",BABY PRODUCTS,4,,0,USSD
RCPT-101996,TXN101996,03/31/2026,20:27:00,YABA,TILL-03,Fatima Bello,0 8 3 1 6 7 2 9 1 1 6,SKU1023,Ariel Detergent 900g,Household,2,1600,0,Bank Transfer
RCPT-101433,TXN101433,2026-06-17,07:32:00,Ikeja Branch,TILL-02,Blessing Nwosu,,SKU1030,Nasco Cornflakes 500g,Grains & Staples,4,2010,0,pos
RCPT-101324,TXN101324,2026-03-26,09:56:00,SURULERE,TILL-01,Ibrahim Musa,,SKU1017,La Casera 50cl,Beverages,1,350,0,ussd
RCPT-101271,TXN101271,24-07-2026,13:56:00,IKEJA,TILL-02,,,SKU1024,"Pampers Diapers (pack, medium)",Baby Products,1,4060,0,ATM Card
RCPT-100084,TXN100084,2026-03-28,11:12:00,Yaba Branch,TILL-01,Fatima Bello,,SKU1027,Amstel Malta 33cl,Beverages,2,450,0,USSD
RCPT-101196,TXN101196,2026-07-21,10:10:00,MiniMart Express - Yaba,TILL-03,Tunde Bakare,,SKU1019,Titus Sardine 125g,Canned Foods,2,710.00,0,Bank Transfer
RCPT-102488,TXN102488,2026-04-04,16:26:00,Ikeja Branch,TILL-02,Amaka Eze,7679760453,SKU1024,"Pampers Diapers (pack, medium)",Baby Products,1,4180,0,Cash
RCPT-102208,TXN102208,2026-03-24,19:52:00,Surulere Branch,TILL-01,Fatima Bello,,SKU1005,Coca Cola 50cl,Beverages,1,360,0,Bank Transfer
RCPT-101884,TXN101884,2026-05-26,10:56:00, Yaba,TILL-02,Segun Adeyemi,+2347221861155,SKU1011,Honeywell Semolina 2kg,Grains & Staples,4,2400,0,POS
RCPT-101431,TXN101431,06-04-2026,12:26:00,YABA,TILL-02,Tunde Bakare,,SKU1005,Coca Cola 50cl,Beverages,2,390,10,POS Card
RCPT-100728,TXN100728,2026-06-02,18:14:00,Ikeja Branch,TILL-02,Fatima Bello,+2347514994924,SKU1007,Gala Sausage Roll,Snacks,3,270,0,Bank Transfer
RCPT-101191,TXN101191,2026-06-20,10:02:00, Yaba,TILL-03,Ibrahim Musa,+2348598071758,SKU1028,Semovita 2kg,Grains & Staples,5,2040,0,POS
RCPT-102168,TXN102168,05/07/2026,07:20:00,MiniMart Express - Ikeja,TILL-02,Blessing Nwosu,,SKU1024,"Pampers Diapers (pack, medium)",Baby Products,1,"₦4,150.00",0,Bank Transfer
RCPT-101490,TXN101490,07/28/2026,18:26:00,MiniMart Express - Yaba,TILL-01,Fatima Bello,,SKU1018,Maltina 33cl,Beverages,1,500,0,USSD
RCPT-102138,TXN102138,04/30/2026,15:22:00,Surulere Branch,TILL-01,Fatima Bello,08386879082,SKU1008,Milo 400g,Beverages,1,1960,0,transfer
RCPT-101742,TXN101742,07-05-2026,09:09:00,MiniMart Express - Surulere,TILL-01,Emeka Obi,+2348994499565,SKU1022,Knorr Chicken Cubes (pack),Grains & Staples,1,300,0,POS Card
RCPT-101343,TXN101343,11-04-2026,09:52:00,IKEJA,TILL-02,Tunde Bakare,2348226130509,SKU1008,Milo 400g,Beverages,1,2360,0,USSD
RCPT-100886,TXN100886,2026-07-01,18:30:00,Surulere Branch,TILL-01,Chidinma Okafor,,SKU1009,Cowbell Milk Powder 360g,Dairy,1,1840,10,ATM Card
RCPT-101803,TXN101803,2026-05-25,20:26:00, Yaba,TILL-02,Blessing Nwosu,,SKU1019,Titus Sardine 125g,Canned Foods,1,700.00,0,Cash
RCPT-102409,TXN102409,2026-07-10,18:44:00,Yaba Branch,TILL-03,Emeka Obi,2348681417642,SKU1010,Mama Gold Rice 5kg,Grains & Staples,2,6270,0,Cash
RCPT-101996,TXN101996,31/03/2026,20:27:00, Yaba,TILL-03,Fatima Bello,0 8 3 1 6 7 2 9 1 1 6,SKU1029,Dano Milk Powder 400g,Dairy,1,2880,0,Bank Transfer
RCPT-102114,TXN102114,2026-04-24,14:42:00, Yaba,TILL-01,Blessing Nwosu,,SKU1014,Dettol Soap 65g,Personal Care,1,320,0,pos
RCPT-101693,TXN101693,2026-07-06,20:26:00,IKEJA,TILL-02,Chidinma Okafor,,SKU1017,La Casera 50cl,Beverages,1,₦320.00,0,POS Card
RCPT-102079,TXN102079,2026-06-11,14:42:00,IKEJA,TILL-02,Chidinma Okafor,2348864006187,SKU1020,Cerelac Infant Cereal 400g,Baby Products,1,3580,15,Card
RCPT-102404,TXN102404,2026-06-21,21:04:00,Yaba Branch,TILL-02,Emeka Obi,7845889139,SKU1029,Dano Milk Powder 400g,Dairy,4,"3,290.00",0,transfer
RCPT-101722,TXN101722,2026-06-27,08:20:00,MiniMart Express - Yaba,TILL-02,Ibrahim Musa,,SKU1022,Knorr Chicken Cubes (pack),Grains & Staples,3,280,0,Cash
RCPT-101284,TXN101284,21/06/2026,12:18:00,Yaba Branch,TILL-02,Emeka Obi,,SKU1022,Knorr Chicken Cubes (pack),Grains & Staples,4,290,0,Card
RCPT-100210,TXN100210,2026-07-12,18:59:00,SURULERE,TILL-01,Amaka Eze,,SKU1025,Tom Tom Sweet (pack),Snacks,2,,0,Card
RCPT-102480,TXN102480,2026-05-28,21:36:00,Surulere Branch,TILL-01,Emeka Obi,7073920792,SKU1015,Close Up Toothpaste 140ml,Personal Care,4,,0,ATM Card
RCPT-101259,TXN101259,01-07-2026,13:10:00,Yaba Branch,TILL-01,Tunde Bakare,2347832994273,SKU1001,Indomie Noodles 70g,Grains & Staples,1,160,0,Transfer
RCPT-101766,TXN101766,2026-04-28,08:53:00, Yaba,TILL-02,Amaka Eze,,SKU1025,Tom Tom Sweet (pack),Snacks,1,330,0,ussd
RCPT-100133,TXN100133,2026-06-18,18:44:00,SURULERE,TILL-01,Blessing Nwosu,+2348384475340,SKU1029,Dano Milk Powder 400g,Dairy,2,,0,POS Card
RCPT-100566,TXN100566,2026-07-31,11:26:00,YABA,TILL-01,Fatima Bello,,SKU1019,Titus Sardine 125g,Canned Foods,2,₦780.00,0,USSD
RCPT-101395,TXN101395,13-03-2026,12:20:00,IKEJA,TILL-01,Emeka Obi,,SKU1010,Mama Gold Rice5kg,Grains & Staples,1,"6,200.00",0,CASH
RCPT-100980,TXN100980,21/07/2026,18:02:00,MiniMart Express - Surulere,TILL-01,Segun Adeyemi,,SKU1011,Honeywell Semolina 2kg,Grains & Staples,1,"₦2,360.00",0,POS
RCPT-101413,TXN101413,07/20/2026,09:17 PM,Surulere Branch,TILL-01,Tunde Bakare,+2349031759669,SKU1006,Bigi Cola 50cl,Beverages,3,,0,cash
RCPT-101140,TXN101140,12/06/2026,08:49:00,SURULERE,TILL-01,Segun Adeyemi,,SKU1012,Kings Vegetable Oil 1L,Grains & Staples,3,"2,690.00",0,Cash
RCPT-101416,TXN101416,2026-03-07,20:40:00, Yaba,TILL-01,Amaka Eze,+2347331538075,SKU1021,Bournvita 500g,Beverages,3,2710,5,POS Card
RCPT-102237,TXN102237,30/04/2026,11:26:00,Surulere Branch,TILL-01,Segun Adeyemi,,SKU1010,Mama Gold Rice 5kg,Grains & Staples,1,6710,0,POS
RCPT-100905,TXN100905,06-05-2026,17:02:00,MiniMart Express - Surulere,TILL-01,Emeka Obi,+2348887269340,SKU1026,Chivita Juice 1L,Beverages,4,1430,0,Card
RCPT-102451,TXN102451,2026-04-30,18:08:00,minimart express-ikeja ,TILL-02,Amaka Eze,+2347064455939,SKU1010,Mama Gold Rice5kg,Grains & Staples,2,6500,0,POS Card
RCPT-101844,TXN101844,2026-03-31,18:09:00,IKEJA,TILL-02,Amaka Eze,2348244823755,SKU1019,Titus Sardine 125g,Canned Foods,1,760,0,Cash
RCPT-101329,TXN101329,03/07/2026,08:27:00,minimart express-ikeja ,TILL-02,Segun Adeyemi,09072686460,SKU1018,Maltina 33cl,Beverages,2,500,0,CASH
RCPT-101673,TXN101673,2026-07-26,11:48:00,Yaba Branch,TILL-02,Amaka Eze,8657396013,SKU1014,Dettol Soap 65g,Personal Care,1,390,0,pos
RCPT-101404,TXN101404,03/03/2026,11:07:00,Yaba Branch,TILL-01,Emeka Obi,+2347445500248,SKU1005,Coca-Cola 50cl,Beverages,1,₦450.00,0,Bank Transfer
RCPT-100591,TXN100591,17-05-2026,19:23:00,minimart express-ikeja ,TILL-02,Emeka Obi,7 2 5 7 8 5 8 2 6 0,SKU1021,Bournvita 500g,Beverages,3,,15,Bank Transfer
RCPT-101901,TXN101901,2026-05-01,15:49:00,Surulere Branch,TILL-01,Emeka Obi,,SKU1002,Peak Milk Evap 170g,Dairy,1,590.00,0,Transfer
RCPT-101850,TXN101850,2026-07-09,11:07:00, Yaba,TILL-02,Ibrahim Musa,07338305942,SKU1016,Eva Water 75cl,Beverages,1,220,0,Bank Transfer
RCPT-100379,TXN100379,2026-06-13,19:37:00,minimart express-ikeja ,TILL-02,Blessing Nwosu,,SKU1001,Indomie Noodle 70g,GRAINS & STAPLES,1,,0,Bank Transfer
RCPT-102277,TXN102277,2026-05-14,10:01:00,IKEJA,TILL-01,Segun Adeyemi,,SKU1003,Golden Morn 500g,Grains & Staples,5,1460,0,POS Card
RCPT-100240,TXN100240,2026-04-06,11:43:00, Yaba,TILL-03,Amaka Eze,,SKU1017,La Casera 50cl,Beverages,2,360,0,Card
RCPT-101746,TXN101746,2026-04-05,21:19:00,minimart express-ikeja ,TILL-01,Emeka Obi,2 3 4 8 5 7 9 2 8 6 8 4 9,SKU1015,Close Up Toothpaste 140ml,Personal Care,1,890,0,pos
RCPT-101671,TXN101671,2026-07-25,08:45:00,MiniMart Express - Yaba,TILL-02,Emeka Obi,,SKU1018,Maltina 33cl,Beverages,2,₦500.00,0,transfer
RCPT-101396,TXN101396,04/10/2026,13:37:00,Surulere Branch,TILL-01,Amaka Eze,,SKU1029,Dano Milk Powder 400g,Dairy,4,"₦3,050.00",0,Cash
RCPT-100965,TXN100965,2026-06-06,07:56 PM,Yaba Branch,TILL-03,Segun Adeyemi,,SKU1012,Kings Vegetable Oil 1L,Grains & Staples,2,2650,0,Card
RCPT-100875,TXN100875,2026-05-01,17:48:00,Surulere Branch,TILL-01,Fatima Bello,8271763581,SKU1015,Close Up Toothpaste 140ml,Personal Care,1,₦920.00,0,POS
RCPT-100211,TXN100211,2026-07-03,13:28:00,MiniMart Express - Yaba,TILL-01,Ibrahim Musa,,SKU1014,Dettol Soap 65g,Personal Care,1,330,0,Bank Transfer
RCPT-102026,TXN102026,2026-05-12,21:19:00,IKEJA,TILL-01,Chidinma Okafor,,SKU1003,Golden Morn 500g,Grains & Staples,4,,0,POS Card
RCPT-102188,TXN102188,07/07/2026,15:44:00,Surulere Branch,TILL-01,Tunde Bakare,+2348458391651,SKU1008,Milo 400g,Beverages,1,2290,0,Cash
RCPT-100557,TXN100557,2026-07-31,10:17:00,Ikeja Branch,TILL-02,Chidinma Okafor,,SKU1002,Peak Milk Evaporated 170g,Dairy,1,660,0,Cash
RCPT-101926,TXN101926,2026-04-19,14:59:00,IKEJA,TILL-02,Fatima Bello,,SKU1016,Eva Water 75cl,Beverages,2,200.00,0,Bank Transfer
RCPT-101117,TXN101117,15/05/2026,11:26:00,Ikeja Branch,TILL-02,Tunde Bakare,,SKU1004,Dangote sugar 1Kg,Grains & Staples,4,1270,0,Card
RCPT-101360,TXN101360,2026-04-30,10:12:00,SURULERE,TILL-01,Tunde Bakare,2347541181031,SKU1008,Milo 400g,Beverages,1,2410,0,transfer
RCPT-102027,TXN102027,2026-03-08,13:54:00,minimart express-ikeja ,TILL-02,Segun Adeyemi,08921474092,SKU1013,Omo Detergent 900g,Household,3,"₦1,490.00",0,POS
RCPT-101316,TXN101316,09/04/2026,17:45:00,MiniMart Express - Surulere,TILL-01,Tunde Bakare,,SKU1018,Maltina 33cl,Beverages,1,490,10,Cash
RCPT-101657,TXN101657,25/05/2026,09:18:00,Surulere Branch,TILL-01,Tunde Bakare,,SKU1010,MAMA GOLD RICE 5KG,Grains & Staples,4,7220,0,pos
RCPT-102409,TXN102409,2026-07-10,18:44:00,Yaba Branch,TILL-03,Emeka Obi,2348681417642,SKU1017,La Casera 50cl,,4,320,0,Cash
RCPT-101078,TXN101078,14/05/2026,08:38:00,MiniMart Express - Surulere,TILL-01,,07142056781,SKU1013,Omo Detergent 900g,Household,1,1460,0,Card
RCPT-101360,TXN101360,2026-04-30,10:12:00,MiniMart Express - Surulere,TILL-01,Tunde Bakare,2347541181031,SKU1004,Dangote Sugar 1kg,Grains & Staples,1,"₦1,320.00",0,transfer
RCPT-100565,TXN100565,2026-05-12,16:28:00,MiniMart Express - Surulere,TILL-01,Emeka Obi,07146296966,SKU1004,Dangote sugar 1Kg,Grains & Staples,2,1250,0,Cash
RCPT-101310,TXN101310,2026-06-26,18:25:00,MiniMart Express - Ikeja,TILL-01,Blessing Nwosu,,SKU1026,Chivita Juice 1L,Beverages,4,1370,0,Cash
RCPT-101945,TXN101945,2026-05-06,18:58:00,SURULERE,TILL-01,Amaka Eze,+2347241997172,SKU1019,Titus Sardine 125g,Canned Foods,1,₦660.00,0,Cash
RCPT-100768,TXN100768,16/06/2026,14:50:00,SURULERE,TILL-01,Segun Adeyemi,,SKU1015,Close Up Toothpaste 140ml,Personal Care,2,850,0,POS Card
RCPT-101617,TXN101617,2026-07-30,11:22:00,Yaba Branch,TILL-02,Emeka Obi,,SKU1014,Dettol Soap 65g,Personal Care,1,400.00,0,Bank Transfer
RCPT-100487,TXN100487,07/06/2026,11:47:00,IKEJA,TILL-02,Segun Adeyemi,2348783272177,SKU1002,peak milk evaporated170g,Dairy,2,710,5,POS Card
RCPT-100021,TXN100021,2026-03-23,12:20:00,MiniMart Express - Surulere,TILL-01,Emeka Obi,,SKU1027,Amstel Malta 33cl,Beverages,2,₦400.00,0,Bank Transfer
RCPT-100377,TXN100377,2026-07-24,16:37:00,MiniMart Express - Surulere,TILL-01,Fatima Bello,,SKU1023,Ariel Detergent 900g,Household,1,1680,0,Bank Transfer
RCPT-100955,TXN100955,2026-05-27,13:55:00,SURULERE,TILL-01,Chidinma Okafor,07809033685,SKU1004,DANGOTE SUGAR 1KG ,Grains & Staples,1,1230,0,Card
RCPT-102182,TXN102182,2026-05-29,18:45:00,Surulere Branch,TILL-01,Blessing Nwosu,,SKU1028,Semovita 2kg,Grains & Staples,1,"2,390.00",0,pos
RCPT-101106,TXN101106,03/29/2026,05:41 PM,Surulere Branch,TILL-01,Blessing Nwosu,8537528706,SKU1008,Milo 400g,Beverages,3,1960,0,ATM Card
RCPT-101665,TXN101665,2026-07-08,11:37:00,Surulere Branch,TILL-01,Amaka Eze,07262848378,SKU1001,INDOMIE NOODLES 70G,Grains & Staples,5,₦140.00,0,POS Card
RCPT-100567,TXN100567,11/04/2026,16:47:00,IKEJA,TILL-01,Emeka Obi,,SKU1008,Milo 400g,Beverages,1,2180,0,pos
RCPT-101698,TXN101698,2026-04-13,09:34:00,Surulere Branch,TILL-01,Fatima Bello,2 3 4 8 9 6 3 7 1 2 1 6 6,SKU1028,Semovita 2kg,Grains & Staples,1,2030,0,cash
RCPT-100725,TXN100725,04/17/2026,19:45:00,IKEJA,TILL-02,Ibrahim Musa,8218102034,SKU1002,Peak Milk Evaporated 170g,Dairy,1,600,0,Cash
RCPT-100307,TXN100307,2026-07-13,12:01:00,Ikeja Branch,TILL-02,Fatima Bello,,SKU1012,Kings Vegetable Oil 1L,Grains & Staples,1,2890,0,Card
RCPT-101954,TXN101954,2026-03-13,20:49:00,MiniMart Express - Surulere,TILL-01,Segun Adeyemi,7564413806,SKU1006,Bigi Cola 50cl,Beverages,3,,10,Cash
RCPT-100735,TXN100735,03/05/2026,11:54 AM,MiniMart Express - Ikeja,TILL-01,Tunde Bakare,,SKU1007,Gala Sausage Roll,Snacks,1,250,0,Bank Transfer
RCPT-101030,TXN101030,2026-03-16,07:04:00,SURULERE,TILL-01,Tunde Bakare,,SKU1015,Close Up Toothpaste 140ml,Personal Care,4,1020,0,Cash
RCPT-102172,TXN102172,04/15/2026,17:29:00,Ikeja Branch,TILL-02,Amaka Eze,,SKU1010,Mama Gold Rice 5kg,Grains & Staples,2,"₦7,390.00",0,Bank Transfer
RCPT-100948,TXN100948,2026-04-01,08:47:00,Surulere Branch,TILL-01,Fatima Bello,0 8 1 8 7 4 0 4 7 3 6,SKU1016,Eva Water 75cl,Beverages,3,230,0,Cash
RCPT-100081,TXN100081,2026-06-04,19:11:00,Surulere Branch,TILL-01,Tunde Bakare,,SKU1027,Amstel Malta 33cl,Beverages,2,370,0,POS Card
RCPT-101142,TXN101142,2026-03-01,21:48:00,IKEJA,TILL-01,Segun Adeyemi,+2348466700339,SKU1027,Amstel Malta 33cl,Beverages,3,370,0,CASH
RCPT-102576,TXN102576,03/21/2026,14:15:00,MiniMart Express - Yaba,TILL-02,Emeka Obi,,SKU1012,Kings Vegetable Oil 1L,Grains & Staples,1,"₦2,870.00",0,cash
RCPT-100727,TXN100727,2026-06-03,11:18:00,Surulere Branch,TILL-01,Chidinma Okafor,+2348796363202,SKU1002,Peak Milk Evaporated 170g,Dairy,1,610.00,0,POS Card
RCPT-100359,TXN100359,2026-03-25,11:29:00,Surulere Branch,TILL-01,Chidinma Okafor,,SKU1018,Maltina 33cl,Beverages,2,410,0,CASH
RCPT-101614,TXN101614,2026-03-28,18:07:00,Yaba Branch,TILL-01,Tunde Bakare,,SKU1015,Close Up Toothpaste 140ml,Personal Care,1,830,0,POS Card
RCPT-100733,TXN100733,2026-07-21,10:20:00,minimart express-ikeja ,TILL-01,Emeka Obi,8353224737,SKU1002,Peak Milk Evaporated 170g,Dairy,1,640,0,cash
RCPT-101015,TXN101015,2026-05-20,13:45:00,SURULERE,TILL-01,Amaka Eze,,SKU1009,Cowbell Milk Powder 360g,Dairy,5,"₦1,920.00",0,CASH
RCPT-101685,TXN101685,2026-04-17,13:19:00,MiniMart Express - Surulere,TILL-01,Emeka Obi,,SKU1002,peak milk evaporated170g,Dairy,2,620,0,POS Card
RCPT-100281,TXN100281,2026-04-14,12:12:00,Ikeja Branch,TILL-02,Blessing Nwosu,7147565123,SKU1006,Bigi Cola 50cl,Beverages,2,340,0,CASH
RCPT-102283,TXN102283,17/03/2026,18:08:00,Yaba Branch,TILL-03,Amaka Eze,,SKU1020,Cerelac Infant Cereal 400g,Baby Products,5,2910,0,transfer
RCPT-100892,TXN100892,2026-05-31,20:43:00,SURULERE,TILL-01,Emeka Obi,2347733667872,SKU1021,Bournvita 500g,Beverages,1,2430,0,POS Card
RCPT-101172,TXN101172,2026-06-05,13:43:00,Surulere Branch,TILL-01,Amaka Eze,07307459816,SKU1027,Amstel Malta 33cl,Beverages,4,430,0,ussd
RCPT-100041,TXN100041,2026-06-02,08:03:00,Surulere Branch,TILL-01,Fatima Bello,2 3 4 7 4 9 7 0 8 2 1 3 9,SKU1027,Amstel Malta 33cl,Beverages,1,380,0,pos
RCPT-101093,TXN101093,03/15/2026,14:03:00,Surulere Branch,TILL-01,Fatima Bello,,SKU1015,Close Up Toothpaste 140ml,Personal Care,3,810,0,USSD
RCPT-102598,TXN102598,2026-04-06,19:19:00,Surulere Branch,TILL-01,Tunde Bakare,,SKU1018,Maltina 33cl,Beverages,2,510,0,Card
RCPT-100882,TXN100882,05/07/2026,11:11:00,SURULERE,TILL-01,Emeka Obi,,SKU1021,Bournvita 500g,Beverages,1,2410,0,POS Card
RCPT-100829,TXN100829,2026-06-24,10:07 AM,IKEJA,TILL-01,Segun Adeyemi,,SKU1018,Maltina 33cl,Beverages,4,450,5,Bank Transfer
RCPT-101743,TXN101743,2026-04-29,11:23:00,SURULERE,TILL-01,Emeka Obi,2348337450128,SKU1030,Nasco Cornflakes 500g,Grains & Staples,3,"1,870.00",0,POS
RCPT-102354,TXN102354,26-06-2026,19:55:00,YABA,TILL-03,Ibrahim Musa,,SKU1025,Tom Tom Sweet (pack),Snacks,1,310,0,USSD
RCPT-101193,TXN101193,2026-03-17,08:20:00,SURULERE,TILL-01,Amaka Eze,,SKU1025,Tom Tom Sweet (pack),Snacks,3,310,0,ussd
RCPT-100651,TXN100651,2026-05-29,17:36:00,YABA,TILL-01,Amaka Eze,,SKU1008,Milo 400g,Beverages,1,,0,Bank Transfer
RCPT-100823,TXN100823,12/06/2026,12:00:00,Yaba Branch,TILL-03,Fatima Bello,,SKU1002,Peak Milk Evaporated 170g,Dairy,1,670.00,0,Cash
RCPT-100981,TXN100981,2026-04-09,08:48:00,Surulere Branch,TILL-01,Amaka Eze,+ 2 3 4 7 0 2 8 6 2 1 9 4 5,SKU1025,Tom Tom Sweet (pack),Snacks,1,300,0,Transfer
RCPT-101536,TXN101536,05/14/2026,15:43:00, Yaba,TILL-03,Blessing Nwosu,,SKU1001,indomie noodles 70g,Grains & Staples,3,₦160.00,0,Bank Transfer
RCPT-102569,TXN102569,2026-04-08,11:59:00,MiniMart Express - Ikeja,TILL-01,Blessing Nwosu,07238062247,SKU1024,"Pampers Diapers (pack, medium)",Baby Products,2,4360,0,POS
RCPT-102541,TXN102541,2026-06-01,11:23:00,Surulere Branch,TILL-01,Blessing Nwosu,+2348783841045,SKU1022,Knorr Chicken Cubes (pack),Grains & Staples,2,310,0,Cash
RCPT-101833,TXN101833,2026-05-31,10:19:00,YABA,TILL-03,Amaka Eze,,SKU1022,Knorr Chicken Cubes (pack),Grains & Staples,4,₦280.00,0,POS Card
RCPT-101970,TXN101970,2026-03-12,21:43:00,MiniMart Express - Ikeja,TILL-02,Segun Adeyemi,,SKU1029,Dano Milk Powder 400g,Dairy,1,3150,0,cash
RCPT-101755,TXN101755,2026-03-29,09:57:00,MiniMart Express - Surulere,TILL-01,Amaka Eze,,SKU1017,La Casera 50cl,Beverages,2,340,0,POS Card
RCPT-102227,TXN102227,2026-03-26,10:38:00,MiniMart Express - Surulere,TILL-01,Segun Adeyemi,+ 2 3 4 8 0 6 6 9 1 5 7 0 9,SKU1011,Honeywell Semolina 2kg,Grains & Staples,1,2290,0,POS Card
RCPT-102379,TXN102379,2026-06-21,08:19:00, Yaba,TILL-01,Segun Adeyemi,,SKU1007,Gala Sausage Roll,Snacks,1,230,0,POS Card
RCPT-101792,TXN101792,06/04/2026,19:32:00,Surulere Branch,TILL-01,Chidinma Okafor,,SKU1009,Cowbell Milk Powder 360g,Dairy,1,1930,0,Cash
RCPT-100362,TXN100362,2026-04-16,12:55:00,MiniMart Express - Ikeja,TILL-01,Fatima Bello,,SKU1020,Cerelac Infant Cereal 400g,Baby Products,1,"3,070.00",0,POS Card
RCPT-100055,TXN100055,2026-07-20,10:35:00,Surulere Branch,TILL-01,Amaka Eze,,SKU1006,Bigi Cola 50cl,Beverages,1,370,0,POS Card
RCPT-101650,TXN101650,2026-07-15,18:59:00, Yaba,TILL-01,Emeka Obi,+2347208813127,SKU1007,Gala Sausage Roll,Snacks,4,270.00,0,POS Card
RCPT-100192,TXN100192,2026-05-18,20:41:00,Surulere Branch,TILL-01,Ibrahim Musa,,SKU1029,Dano Milk Powder 400g,Dairy,1,3130,10,Transfer
RCPT-102523,TXN102523,2026-05-08,16:42:00,Yaba Branch,TILL-03,Ibrahim Musa,,SKU1023,Ariel Detergent 900g,Household,1,"₦1,880.00",0,Card
RCPT-100457,TXN100457,2026-03-27,20:48:00,Surulere Branch,TILL-01,Chidinma Okafor,,SKU1012,Kings Vegetable Oil 1L,Grains & Staples,2,2890,0,USSD
RCPT-102197,TXN102197,2026-04-28,07:46:00,MiniMart Express - Ikeja,TILL-02,,,SKU1028,Semovita 2kg,GRAINS & STAPLES,1,2060,0,cash
RCPT-100458,TXN100458,26/05/2026,19:02:00,IKEJA,TILL-01,Emeka Obi,,SKU1026,Chivita Juice 1L,Beverages,-3,1490,0,POS Card
RCPT-100437,TXN100437,2026-07-12,09:33:00,Yaba Branch,TILL-02,Segun Adeyemi,08511861378,SKU1018,Maltina 33cl,Beverages,2,490.00,0,POS Card
RCPT-100269,TXN100269,2026-07-23,19:33:00,MiniMart Express - Surulere,TILL-01,Amaka Eze,,SKU1023,Ariel Detergent 900g,Household,1,1640,0,pos
RCPT-101006,TXN101006,2026-06-29,15:33:00,MiniMart Express - Surulere,TILL-01,Emeka Obi,,SKU1001,Indomie Noodle 70g,Grains & Staples,1,150.00,0,POS Card
RCPT-100993,TXN100993,2026-04-07,19:53:00,MiniMart Express - Surulere,TILL-01,Blessing Nwosu,,SKU1005,Coca-Cola 50cl,Beverages,1,370,0,POS Card
RCPT-100357,TXN100357,17-04-2026,11:34:00,MiniMart Express - Ikeja,TILL-02,Segun Adeyemi,,SKU1026,Chivita Juice 1L,Beverages,2,1470,0,Cash
RCPT-100654,TXN100654,2026-06-19,08:11:00,MiniMart Express - Ikeja,TILL-01,Blessing Nwosu,,SKU1005,Coca-Cola 50cl,Beverages,2,390,0,pos
RCPT-101725,TXN101725,22-06-2026,11:44:00,minimart express-ikeja ,TILL-02,Ibrahim Musa,,SKU1011,Honeywell Semolina 2kg,Grains & Staples,1,2150,0,pos
RCPT-101967,TXN101967,2026-06-14,20:58:00,YABA,TILL-01,Amaka Eze,8 8 4 3 2 6 2 2 8 5,SKU1027,Amstel Malta 33cl,Beverages,1,450,0,pos
RCPT-100847,TXN100847,2026-03-04,12:00:00,MiniMart Express - Surulere,TILL-01,Tunde Bakare,,SKU1022,Knorr Chicken Cubes (pack),Grains & Staples,2,300,0,POS
RCPT-102083,TXN102083,2026-07-30,15:58:00,IKEJA,TILL-01,Amaka Eze,,SKU1003,Golden Morn 500g,Grains & Staples,4,1490,0,Cash
RCPT-101025,TXN101025,2026-07-17,17:50:00,YABA,TILL-03,Blessing Nwosu,,SKU1014,Dettol Soap 65g,Personal Care,3,350,0,USSD
RCPT-100122,TXN100122,11-07-2026,08:56:00,Surulere Branch,TILL-01,Emeka Obi,+2347628926422,SKU1020,Cerelac Infant Cereal 400g,Baby Products,4,3470,0,pos
RCPT-102043,TXN102043,03/06/2026,11:55:00,Yaba Branch,TILL-03,Blessing Nwosu,,SKU1006,Bigi Cola 50cl,,1,350,0,Cash
RCPT-102554,TXN102554,2026-03-23,15:14:00,minimart express-ikeja ,TILL-01,Tunde Bakare,2348572768291,SKU1022,Knorr Chicken Cubes (pack),Grains & Staples,3,330,0,Bank Transfer
RCPT-100527,TXN100527,2026-07-06,19:30:00,Ikeja Branch,TILL-01,Chidinma Okafor,,SKU1027,Amstel Malta 33cl,Beverages,1,390.00,0,Cash
RCPT-100810,TXN100810,09/06/2026,11:38:00,MiniMart Express - Surulere,TILL-01,Tunde Bakare,,SKU1009,Cowbell Milk Powder 360g,Dairy,3,"₦1,860.00",0,USSD
RCPT-102059,TXN102059,2026-04-11,10:45:00,MiniMart Express - Yaba,TILL-03,Fatima Bello,,SKU1025,Tom Tom Sweet (pack),Snacks,1,₦340.00,0,CASH
RCPT-101762,TXN101762,2026-07-17,15:13:00,Surulere Branch,TILL-01,,,SKU1004,Dangote Sugar 1kg,Grains & Staples,1,1120,0,ussd
RCPT-100904,TXN100904,04/03/2026,09:41:00,MiniMart Express - Ikeja,TILL-02,Emeka Obi,,SKU1009,Cowbell Milk Powder 360g,,3,"1,690.00",0,Cash
RCPT-101793,TXN101793,2026-03-05,08:10:00,Ikeja Branch,TILL-01,Tunde Bakare,+ 2 3 4 7 1 2 4 1 0 4 4 9 0,SKU1030,Nasco Cornflakes 500g,Grains & Staples,1,"1,750.00",0,POS
RCPT-101415,TXN101415,2026-04-21,14:22:00,MiniMart Express - Ikeja,TILL-02,Ibrahim Musa,,SKU1028,Semovita 2kg,Grains & Staples,2,2340,0,Bank Transfer
RCPT-102467,TXN102467,07/18/2026,21:04:00,MiniMart Express - Yaba,TILL-02,Fatima Bello,+2349083228545,SKU1004,DANGOTE SUGAR 1KG ,Grains & Staples,2,"1,300.00",0,ATM Card
RCPT-101146,TXN101146,2026-04-13,08:14:00,YABA,TILL-02,Emeka Obi,8044288836,SKU1001,Indomie Noodles 70g,Grains & Staples,4,160,0,Bank Transfer
RCPT-101949,TXN101949,2026-07-13,12:07:00,Yaba Branch,TILL-03,Blessing Nwosu,7682058136,SKU1029,Dano Milk Powder 400g,Dairy,2,2770,0,POS Card
RCPT-100891,TXN100891,2026-03-26,16:05:00,YABA,TILL-03,Blessing Nwosu,+2348726913267,SKU1010,Mama Gold Rice 5kg,Grains & Staples,4,7460,0,Bank Transfer
RCPT-100909,TXN100909,2026-07-13,10:41:00,IKEJA,TILL-01,Emeka Obi,8805046844,SKU1010,MAMA GOLD RICE 5KG,Grains & Staples,1,6360,0,POS Card
RCPT-100532,,2026-06-02,12:32:00,Surulere Branch,TILL-01,Ibrahim Musa,,SKU1003,Golden Morn 500g,Grains & Staples,1,1480,0,Cash
RCPT-100192,TXN100192,05/18/2026,20:41:00,Surulere Branch,TILL-01,Ibrahim Musa,,SKU1002,Peak Milk Evaporated 170g,Dairy,1,740,0,Transfer
RCPT-100450,TXN100450,2026-06-25,18:37:00,Ikeja Branch,TILL-02,Ibrahim Musa,+2348978714686,SKU1018,Maltina 33cl,Beverages,1,470,0,POS
RCPT-101812,TXN101812,2026-07-21,07:57:00,Surulere Branch,TILL-01,Amaka Eze,,SKU1017,La Casera 50cl,Beverages,4,360,15,transfer
RCPT-100957,TXN100957,06/06/2026,17:26:00,MiniMart Express - Ikeja,TILL-01,Chidinma Okafor,,SKU1021,Bournvita 500g,BEVERAGES,2,2620,0,Transfer
RCPT-102433,TXN102433,2026-06-20,17:29:00,Surulere Branch,TILL-01,Emeka Obi,2347443772536,SKU1022,Knorr Chicken Cubes (pack),Grains & Staples,1,340.00,15,USSD
RCPT-102293,TXN102293,2026-07-06,20:03:00,IKEJA,TILL-02,Amaka Eze,,SKU1015,Close Up Toothpaste 140ml,Personal Care,2,930,0,ATM Card
RCPT-101063,TXN101063,2026-05-06,04:56 PM, Yaba,TILL-02,Ibrahim Musa,,SKU1016,Eva Water 75cl,Beverages,1,220,0,POS Card
RCPT-101178,TXN101178,2026-04-06,21:10:00,MiniMart Express - Surulere,TILL-01,Ibrahim Musa,,SKU1006,Bigi Cola 50cl,Beverages,4,,0,Cash
RCPT-101737,TXN101737,2026-04-27,09:13:00, Yaba,TILL-03,Emeka Obi,,SKU1004,Dangote Sugar 1kg,Grains & Staples,3,,0,Transfer
RCPT-101196,TXN101196,21-07-2026,10:10:00,YABA,TILL-03,Tunde Bakare,,SKU1021,Bournvita 500g,Beverages,1,2630,0,Bank Transfer
RCPT-101644,TXN101644,2026-04-26,13:52:00,Yaba Branch,TILL-03,Chidinma Okafor,7715022913,SKU1007,Gala Sausage Roll,Snacks,2,270,0,Cash
RCPT-102440,TXN102440,2026-06-30,10:13:00,MiniMart Express - Surulere,TILL-01,Tunde Bakare,,SKU1008,Milo 400g,Beverages,2,1950,0,Bank Transfer
RCPT-100541,TXN100541,2026-04-03,16:19:00,Yaba Branch,TILL-01,Tunde Bakare,,SKU1006,Bigi Cola 50cl,Beverages,4,,0,Bank Transfer
RCPT-102226,TXN102226,04/03/2026,16:52:00,YABA,TILL-01,Ibrahim Musa,08236669733,SKU1007,Gala Sausage Roll,Snacks,2,₦270.00,0,Bank Transfer
RCPT-100641,TXN100641,2026-04-22,10:45:00,Ikeja Branch,TILL-01,,,SKU1030,Nasco Cornflakes 500g,Grains & Staples,2,1980,0,Bank Transfer
RCPT-100290,TXN100290,2026-05-31,18:30:00,Surulere Branch,TILL-01,Emeka Obi,,SKU1024,"Pampers Diapers (pack, medium)",Baby Products,3,"5,030.00",0,POS Card
RCPT-101590,TXN101590,06/04/2026,19:36:00,Ikeja Branch,TILL-01,Amaka Eze,,SKU1015,Close Up Toothpaste 140ml,Personal Care,4,,0,cash
RCPT-100859,TXN100859,2026-03-10,15:14:00,MiniMart Express - Surulere,TILL-01,Emeka Obi,,SKU1021,Bournvita 500g,Beverages,1,2740,0,Cash
RCPT-100773,TXN100773,25/04/2026,17:15:00,MiniMart Express - Yaba,TILL-02,Fatima Bello,+2348736919121,SKU1011,Honeywell Semolina 2kg,GRAINS & STAPLES,4,"2,600.00",15,CASH
RCPT-102037,TXN102037,2026-04-28,17:23:00,MiniMart Express - Yaba,TILL-02,Ibrahim Musa,,SKU1007,Gala Sausage Roll,Snacks,3,240,0,POS Card
RCPT-102150,TXN102150,13-07-2026,14:57:00,Surulere Branch,TILL-01,Tunde Bakare,2347673550193,SKU1027,Amstel Malta 33cl,BEVERAGES,1,430,0,transfer
RCPT-100844,TXN100844,07-07-2026,09:13:00,Surulere Branch,TILL-01,Blessing Nwosu,7934278458,SKU1020,Cerelac Infant Cereal 400g,Baby Products,4,3340,0,ussd
RCPT-100764,TXN100764,04-06-2026,13:37:00,MiniMart Express - Yaba,TILL-01,Emeka Obi,,SKU1005,Coca-Cola 50cl,Beverages,5,430,0,POS Card
RCPT-101297,TXN101297,2026-05-19,12:51:00,MiniMart Express - Surulere,TILL-01,Ibrahim Musa,,SKU1003,Golden Morn 500g,Grains & Staples,2,1520,0,ussd
RCPT-100133,TXN100133,2026-06-18,18:44:00,SURULERE,TILL-01,Blessing Nwosu,+2348384475340,SKU1012,Kings Vegetable Oil 1L,Grains & Staples,1,2660,0,POS Card
RCPT-101463,TXN101463,04/02/2026,12:13:00,Yaba Branch,TILL-01,Fatima Bello,7107791323,SKU1002,Peak Milk Evap 170g,Dairy,2,660,0,ussd
RCPT-101293,TXN101293,2026-05-14,19:41:00,IKEJA,TILL-01,Emeka Obi,,SKU1007,Gala Sausage Roll,Snacks,1,250,0,POS
RCPT-101280,TXN101280,2026-04-01,09:23:00,IKEJA,TILL-02,Segun Adeyemi,08578409202,SKU1020,Cerelac Infant Cereal 400g,Baby Products,3,3670,0,POS Card
RCPT-100111,TXN100111,2026-06-14,21:19:00,minimart express-ikeja ,TILL-01,Segun Adeyemi,,SKU1009,Cowbell Milk Powder 360g,Dairy,1,2020,0,USSD
RCPT-100369,TXN100369,2026-07-15,13:44:00,MiniMart Express - Surulere,TILL-01,Blessing Nwosu,,SKU1005,Coca-Cola 50cl,Beverages,1,370,0,Card
RCPT-102009,TXN102009,2026-07-12,10:09:00,SURULERE,TILL-01,Fatima Bello,,SKU1025,Tom Tom Sweet (pack),Snacks,2,₦290.00,15,Bank Transfer
RCPT-100032,TXN100032,2026-06-02,12:18:00,Yaba Branch,TILL-03,Amaka Eze,,SKU1002,peak milk evaporated170g,Dairy,2,720,0,Bank Transfer
RCPT-102113,TXN102113,2026-04-27,08:52:00, Yaba,TILL-02,Blessing Nwosu,2 3 4 7 0 5 2 9 0 4 1 5 5,SKU1004,Dangote Sugar 1kg,Grains & Staples,1,1210,0,Transfer
RCPT-100682,TXN100682,2026-06-03,14:44:00,SURULERE,TILL-01,Tunde Bakare,,SKU1006,Bigi Cola 50cl,Beverages,1,400,0,cash
RCPT-100885,TXN100885,2026-07-23,12:01:00,minimart express-ikeja ,TILL-01,Segun Adeyemi,,SKU1030,Nasco Cornflakes 500g,Grains & Staples,2,1990,0,Cash
RCPT-100878,TXN100878,2026-07-26,11:37:00,MiniMart Express - Surulere,TILL-01,Chidinma Okafor,7 2 6 5 1 7 0 0 0 7,SKU1029,Dano Milk Powder 400g,Dairy,5,2920,0,pos
RCPT-101183,TXN101183,2026-03-28,09:38:00,Yaba Branch,TILL-03,Chidinma Okafor,08295685612,SKU1019,Titus Sardine 125g,Canned Foods,4,680,0,cash
RCPT-100588,TXN100588,2026-04-09,19:23:00,Yaba Branch,TILL-02,Emeka Obi,2347432434306,SKU1022,Knorr Chicken Cubes (pack),Grains & Staples,2,₦290.00,0,Bank Transfer
RCPT-100252,TXN100252,2026-04-25,10:07:00,minimart express-ikeja ,TILL-01,Fatima Bello,7453669548,SKU1029,Dano Milk Powder 400g,Dairy,2,3070,0,POS Card
RCPT-101791,TXN101791,07/23/2026,15:32:00,Yaba Branch,TILL-03,Amaka Eze,+2347578430106,SKU1027,Amstel Malta 33cl,Beverages,1,410,0,Cash
RCPT-101707,TXN101707,2026-05-22,14:38:00,IKEJA,TILL-02,Chidinma Okafor,2348478910656,SKU1022,Knorr Chicken Cubes (pack),Grains & Staples,3,320,0,Bank Transfer
RCPT-102181,TXN102181,2026-05-10,18:52:00, Yaba,TILL-01,Fatima Bello,7 5 1 9 2 7 2 4 9 6,SKU1016,Eva Water 75cl,Beverages,2,180,0,Transfer
RCPT-100820,TXN100820,17/06/2026,13:06:00,Ikeja Branch,TILL-02,Chidinma Okafor,,SKU1004,Dangote Sugar 1kg,Grains & Staples,1,,0,POS Card
RCPT-102468,TXN102468,2026-04-25,11:30:00,MiniMart Express - Surulere,TILL-01,Blessing Nwosu,2347388831151,SKU1015,Close Up Toothpaste 140ml,Personal Care,1,,5,ussd
RCPT-100227,TXN100227,2026-03-30,17:11:00,Surulere Branch,TILL-01,Ibrahim Musa,+2348126323988,SKU1009,Cowbell Milk Powder 360g,Dairy,2,,0,cash
RCPT-101989,TXN101989,2026-07-12,19:11:00,SURULERE,TILL-01,Tunde Bakare,2347306978439,SKU1017,La Casera 50cl,Beverages,1,400,0,POS Card
RCPT-102047,TXN102047,13-06-2026,20:49:00,Ikeja Branch,TILL-02,Fatima Bello,,SKU1021,Bournvita 500g,Beverages,3,2380,0,POS
RCPT-101687,TXN101687,2026-07-05,21:14:00,MiniMart Express - Surulere,TILL-01,Segun Adeyemi,,SKU1004,DANGOTE SUGAR 1KG ,Grains & Staples,1,1170,0,Cash
RCPT-100521,TXN100521,07/05/2026,17:27:00, Yaba,TILL-01,Emeka Obi,,SKU1012,Kings Vegetable Oil 1L,Grains & Staples,1,2740,0,Cash
RCPT-101306,TXN101306,2026-06-23,20:10:00,MiniMart Express - Yaba,TILL-02,Segun Adeyemi,+2348378194417,SKU1014,Dettol Soap 65g,Personal Care,2,380,0,Cash
RCPT-102585,TXN102585,2026-06-28,11:27:00,IKEJA,TILL-02,Tunde Bakare,07415503992,SKU1011,Honeywell Semolina 2kg,Grains & Staples,1,2190,0,Cash
RCPT-101100,TXN101100,25-03-2026,19:32:00,YABA,TILL-03,Segun Adeyemi,8219535823,SKU1018,Maltina 33cl,Beverages,5,460,0,ATM Card
RCPT-102109,TXN102109,2026-06-30,19:56:00,minimart express-ikeja ,TILL-01,Chidinma Okafor,,SKU1022,Knorr Chicken Cubes (pack),Grains & Staples,2,,0,POS Card
RCPT-102236,TXN102236,2026-04-26,18:58:00,IKEJA,TILL-01,Tunde Bakare,+2347816571298,SKU1025,Tom Tom Sweet (pack),SNACKS,5,290,0,POS
RCPT-101398,TXN101398,2026-06-15,18:37:00,Yaba Branch,TILL-01,Ibrahim Musa,+2348822382057,SKU1020,Cerelac Infant Cereal 400g,Baby Products,1,"₦2,930.00",0,pos
RCPT-101089,TXN101089,2026-04-01,10:06:00,Surulere Branch,TILL-01,Chidinma Okafor,7292048754,SKU1012,Kings Vegetable Oil 1L,Grains & Staples,1,2620,0,pos
RCPT-101695,TXN101695,2026-04-26,08:49:00,IKEJA,TILL-02,Segun Adeyemi,,SKU1015,Close Up Toothpaste 140ml,Personal Care,1,890,0,POS Card
RCPT-101586,TXN101586,2026-03-06,16:53:00,MiniMart Express - Yaba,TILL-02,Ibrahim Musa,7117356279,SKU1020,Cerelac Infant Cereal 400g,Baby Products,2,,0,POS
RCPT-101791,TXN101791,07/23/2026,15:32:00,YABA,TILL-03,Amaka Eze,+2347578430106,SKU1004,Dangote Sugar 1kg,Grains & Staples,5,1260,0,Cash
RCPT-100276,TXN100276,2026-03-14,18:22:00,Surulere Branch,TILL-01,Chidinma Okafor,+2348982191407,SKU1025,Tom Tom Sweet (pack),SNACKS,2,₦340.00,0,Bank Transfer
RCPT-101397,TXN101397,2026-07-03,16:01:00,MiniMart Express - Yaba,TILL-03,,,SKU1011,Honeywell Semolina 2kg,Grains & Staples,2,2160,0,transfer
RCPT-102336,TXN102336,2026-05-29,16:31:00, Yaba,TILL-03,Emeka Obi,,SKU1004,DANGOTE SUGAR 1KG ,Grains & Staples,5,"1,280.00",0,POS Card
RCPT-100855,TXN100855,22/03/2026,19:54:00,SURULERE,TILL-01,Segun Adeyemi,,SKU1003,Golden Morn 500g,Grains & Staples,1,"1,610.00",0,Card
RCPT-100008,TXN100008,2026-03-07,10:59:00,MiniMart Express - Ikeja,TILL-01,Fatima Bello,,SKU1024,"Pampers Diapers (pack, medium)",Baby Products,1,4810,0,USSD
RCPT-100071,TXN100071,2026-03-25,07:10:00,Surulere Branch,TILL-01,Ibrahim Musa,+2347208945197,SKU1022,Knorr Chicken Cubes (pack),Grains & Staples,1,290,0,POS Card
RCPT-101465,TXN101465,2026-04-21,21:30:00,IKEJA,TILL-01,Emeka Obi,7123927175,SKU1028,Semovita 2kg,Grains & Staples,1,1990,0,POS Card
RCPT-100990,TXN100990,10-06-2026,11:45:00,Ikeja Branch,TILL-01,Segun Adeyemi,,SKU1002,Peak Milk Evap 170g,Dairy,1,590,5,Cash
RCPT-101075,TXN101075,07/15/2026,08:17:00,Yaba Branch,TILL-03,Emeka Obi,,SKU1013,Omo Detergent 900g,Household,3,1590,0,Cash
RCPT-100544,TXN100544,2026-05-14,01:30 PM,MiniMart Express - Ikeja,TILL-01,Segun Adeyemi,,SKU1023,Ariel Detergent 900g,Household,3,1780,0,Transfer
RCPT-101700,TXN101700,24-05-2026,18:29:00,IKEJA,TILL-02,,2348633486653,SKU1024,"Pampers Diapers (pack, medium)",Baby Products,1,"₦4,190.00",0,USSD
RCPT-101990,TXN101990,05/25/2026,19:42:00,MiniMart Express - Surulere,TILL-01,Fatima Bello,+2347197868932,SKU1004,Dangote Sugar 1kg,Grains & Staples,3,1180,0,Transfer
RCPT-101174,TXN101174,30-06-2026,19:58:00,Surulere Branch,TILL-01,Chidinma Okafor,,SKU1005,COCA COLA 50CL,Beverages,1,460,0,Card
RCPT-100069,TXN100069,03/06/2026,09:45:00,Ikeja Branch,TILL-02,Chidinma Okafor,2348982860938,SKU1019,Titus Sardine 125g,Canned Foods,2,730.00,0,POS Card
RCPT-101482,TXN101482,2026-06-28,20:00:00,minimart express-ikeja ,TILL-01,Blessing Nwosu,,SKU1002,Peak Milk Evap 170g,Dairy,1,590,10,pos
RCPT-102339,TXN102339,2026-07-24,10:00:00,MiniMart Express - Yaba,TILL-03,Chidinma Okafor,,SKU1001,INDOMIE NOODLES 70G,Grains & Staples,1,140,10,Bank Transfer
RCPT-102358,TXN102358,2026-06-12,14:41:00,YABA,TILL-01,Ibrahim Musa,,SKU1006,Bigi Cola 50cl,Beverages,1,350,15,Cash
RCPT-102111,TXN102111,2026-05-03,17:52:00,IKEJA,TILL-02,Ibrahim Musa,2348481429394,SKU1018,Maltina 33cl,Beverages,1,500,0,cash
RCPT-100764,TXN100764,04/06/2026,13:37:00,MiniMart Express - Yaba,TILL-01,Emeka Obi,,SKU1025,Tom Tom Sweet (pack),Snacks,1,310,0,POS Card
RCPT-100058,TXN100058,16-03-2026,21:55:00,minimart express-ikeja ,TILL-01,Fatima Bello,08793226183,SKU1027,Amstel Malta 33cl,Beverages,2,370,0,POS Card
RCPT-102355,TXN102355,2026-05-23,14:37:00,MiniMart Express - Yaba,TILL-02,Tunde Bakare,,SKU1017,La Casera 50cl,Beverages,1,380,0,POS Card
RCPT-102433,TXN102433,06/20/2026,05:29 PM,Surulere Branch,TILL-01,Emeka Obi,2347443772536,SKU1004,Dangote Sugar 1kg,Grains & Staples,1,"1,250.00",0,USSD
RCPT-102517,TXN102517,2026-03-10,10:52:00,Ikeja Branch,TILL-01,Emeka Obi,,SKU1008,Milo 400g,Beverages,2,"₦1,940.00",0,Cash
RCPT-101542,TXN101542,25/07/2026,18:36:00,YABA,TILL-03,Ibrahim Musa,+ 2 3 4 7 7 1 8 9 5 0 6 9 1,SKU1027,Amstel Malta 33cl,Beverages,2,410,0,Cash
RCPT-100969,TXN100969,2026-07-05,11:51 AM,Surulere Branch,TILL-01,Chidinma Okafor,07965492806,SKU1010,Mama Gold Rice5kg,Grains & Staples,1,7230,0,POS
RCPT-101151,TXN101151,2026-04-13,07:15:00,Surulere Branch,TILL-01,Blessing Nwosu,,SKU1028,Semovita 2kg,Grains & Staples,1,,0,Card
RCPT-100349,TXN100349,2026-07-11,16:31:00,minimart express-ikeja ,TILL-01,Segun Adeyemi,2347099927838,SKU1021,Bournvita 500g,Beverages,1,2270,0,Cash
RCPT-101002,TXN101002,2026-06-26,14:43:00,Yaba Branch,TILL-03,Amaka Eze,,SKU1013,Omo Detergent 900g,Household,1,1790,0,POS Card
RCPT-100374,TXN100374,18/03/2026,13:06:00,Yaba Branch,TILL-01,Segun Adeyemi,,SKU1009,Cowbell Milk Powder 360g,Dairy,5,1750,0,CASH
RCPT-102433,TXN102433,2026-06-20,17:29:00,SURULERE,TILL-01,Emeka Obi,2347443772536,SKU1019,Titus Sardine 125g,Canned Foods,2,750,0,USSD
RCPT-102208,TXN102208,24/03/2026,19:52:00,Surulere Branch,TILL-01,Fatima Bello,,SKU1021,Bournvita 500g,Beverages,1,"2,260.00",0,Bank Transfer
RCPT-101149,,2026-07-24,17:01:00,Yaba Branch,TILL-02,Blessing Nwosu,,SKU1014,Dettol Soap 65g,Personal Care,1,370,0,POS Card
RCPT-101085,TXN101085,2026-07-18,14:46:00,minimart express-ikeja ,TILL-01,Segun Adeyemi,+2347861655190,SKU1012,Kings Vegetable Oil 1L,Grains & Staples,1,2560,0,Transfer
RCPT-100148,TXN100148,2026-03-24,11:07:00,Surulere Branch,TILL-01,Emeka Obi,7806524500,SKU1009,Cowbell Milk Powder 360g,Dairy,4,1890,0,Bank Transfer
RCPT-101047,,2026-06-23,17:44:00,minimart express-ikeja ,TILL-02,Blessing Nwosu,,SKU1017,La Casera 50cl,Beverages,3,370,0,cash
RCPT-101414,TXN101414,2026-07-08,19:44:00,Yaba Branch,TILL-01,Chidinma Okafor,,SKU1019,Titus Sardine 125g,Canned Foods,1,800,0,transfer
RCPT-100166,TXN100166,2026-07-09,18:24:00,MiniMart Express - Ikeja,TILL-01,Emeka Obi,2347682017235,SKU1014,Dettol Soap 65g,Personal Care,1,380,0,POS Card
RCPT-101163,TXN101163,2026-07-26,18:24:00,IKEJA,TILL-01,Ibrahim Musa,+2347129877446,SKU1001,INDOMIE NOODLES 70G,Grains & Staples,4,160,0,POS Card
RCPT-101849,TXN101849,2026-03-18,17:41:00,minimart express-ikeja ,TILL-02,Fatima Bello,,SKU1008,Milo 400g,Beverages,2,2000,5,USSD
RCPT-101114,TXN101114,2026-07-28,05:19 PM,MiniMart Express - Yaba,TILL-02,Chidinma Okafor,,SKU1001,indomie noodles 70g,Grains & Staples,4,150,0,POS Card
RCPT-101469,TXN101469,14-03-2026,15:39:00,YABA,TILL-01,Ibrahim Musa,8737238186,SKU1001,Indomie Noodles 70g,Grains & Staples,1,160,0,Bank Transfer
RCPT-100091,TXN100091,2026-07-07,07:15:00,Ikeja Branch,TILL-02,Segun Adeyemi,09063782393,SKU1005,COCA COLA 50CL,Beverages,5,420,0,Cash
RCPT-102128,TXN102128,2026-04-18,18:27:00,MiniMart Express - Ikeja,TILL-01,Emeka Obi,09008732801,SKU1028,Semovita 2kg,Grains & Staples,1,"₦2,070.00",0,POS
RCPT-102530,TXN102530,2026-06-28,18:15:00,Surulere Branch,TILL-01,Segun Adeyemi,,SKU1021,Bournvita 500g,Beverages,1,2160,0,POS Card
RCPT-100841,TXN100841,29/07/2026,12:16:00, Yaba,TILL-02,Segun Adeyemi,8961717135,SKU1001, Indomie Noodles 70g ,Grains & Staples,1,₦170.00,0,ATM Card
RCPT-101528,TXN101528,2026-05-02,12:49:00,IKEJA,TILL-02,Ibrahim Musa,,SKU1003,Golden Morn 500g,Grains & Staples,1,1570,0,CASH
RCPT-100958,TXN100958,2026-07-22,20:01:00,MiniMart Express - Yaba,TILL-03,Amaka Eze,,SKU1029,Dano Milk Powder 400g,Dairy,5,3080,15,POS Card
RCPT-101701,TXN101701,2026-07-06,12:24:00, Yaba,TILL-03,Amaka Eze,,SKU1029,Dano Milk Powder 400g,Dairy,2,2800,0,Card
RCPT-101565,TXN101565,2026-04-09,14:27:00,Ikeja Branch,TILL-01,Amaka Eze,,SKU1003,Golden Morn 500g,Grains & Staples,5,1480,0,POS
RCPT-100858,TXN100858,2026-03-30,13:00:00, Yaba,TILL-03,Ibrahim Musa,,SKU1004,DANGOTE SUGAR 1KG ,Grains & Staples,4,1350,15,Cash
RCPT-101335,TXN101335,2026-03-30,09:15:00,MiniMart Express - Yaba,TILL-01,Fatima Bello,,SKU1027,Amstel Malta 33cl,Beverages,1,400,0,Cash
RCPT-100753,TXN100753,17-06-2026,18:28:00, Yaba,TILL-02,Amaka Eze,07627132699,SKU1014,Dettol Soap 65g,Personal Care,1,380,0,ATM Card
RCPT-100658,TXN100658,02-04-2026,18:14:00, Yaba,TILL-01,Chidinma Okafor,08713123388,SKU1023,Ariel Detergent 900g,Household,1,"₦1,880.00",0,transfer
RCPT-100517,TXN100517,2026-04-17,09:57:00,Surulere Branch,TILL-01,Fatima Bello,,SKU1024,"Pampers Diapers (pack, medium)",Baby Products,3,4090,0,POS Card
RCPT-100751,TXN100751,2026-06-27,18:44:00,MiniMart Express - Ikeja,TILL-01,Segun Adeyemi,,SKU1001, Indomie Noodles 70g ,Grains & Staples,1,150,0,CASH
RCPT-100580,TXN100580,2026-04-06,12:23:00,MiniMart Express - Ikeja,TILL-01,Chidinma Okafor,,SKU1025,Tom Tom Sweet (pack),Snacks,1,310,0,USSD
RCPT-102065,TXN102065,2026-04-01,18:32:00,Ikeja Branch,TILL-02,Tunde Bakare,,SKU1027,Amstel Malta 33cl,,5,370,0,ATM Card
RCPT-101353,TXN101353,2026-07-27,10:21:00,MiniMart Express - Ikeja,TILL-02,Segun Adeyemi,2347802917861,SKU1002,Peak Milk Evap 170g,Dairy,1,710,0,Card
RCPT-100141,TXN100141,26/06/2026,20:07:00,SURULERE,TILL-01,Fatima Bello,2347049044980,SKU1017,La Casera 50cl,BEVERAGES,4,330,0,POS Card
RCPT-102033,TXN102033,2026-07-12,19:38:00,minimart express-ikeja ,TILL-01,Blessing Nwosu,,SKU1013,Omo Detergent 900g,Household,1,"1,650.00",0,CASH
RCPT-100133,TXN100133,2026-06-18,18:44:00,MiniMart Express - Surulere,TILL-01,Blessing Nwosu,+2348384475340,SKU1017,La Casera 50cl,Beverages,1,₦360.00,0,POS Card
RCPT-100405,TXN100405,2026-03-23,21:31:00,Surulere Branch,TILL-01,Amaka Eze,2348618293757,SKU1011,Honeywell Semolina 2kg,Grains & Staples,1,2460,0,cash
RCPT-101173,TXN101173,2026-07-22,04:51 PM,MiniMart Express - Ikeja,TILL-02,Emeka Obi,08341252589,SKU1011,Honeywell Semolina 2kg,Grains & Staples,1,"₦2,310.00",0,Bank Transfer
RCPT-101375,TXN101375,2026-05-09,20:11:00,YABA,TILL-03,,2347603359706,SKU1020,Cerelac Infant Cereal 400g,Baby Products,1,"₦3,580.00",0,Transfer
RCPT-102256,TXN102256,03/04/2026,17:54:00,MiniMart Express - Ikeja,TILL-02,Ibrahim Musa,+ 2 3 4 8 5 6 5 6 4 1 6 6 6,SKU1017,La Casera 50cl,Beverages,1,₦350.00,0,Cash
RCPT-100742,,2026-05-15,09:26:00,Surulere Branch,TILL-01,Segun Adeyemi,,SKU1024,"Pampers Diapers (pack, medium)",Baby Products,3,4810,0,Bank Transfer
RCPT-100971,TXN100971,2026-07-04,08:05 PM,MiniMart Express - Surulere,TILL-01,Blessing Nwosu,7054648112,SKU1011,Honeywell Semolina 2kg,Grains & Staples,1,2080,0,pos
RCPT-102561,TXN102561,2026-05-02,20:42:00,Surulere Branch,TILL-01,Tunde Bakare,8348421701,SKU1006,Bigi Cola 50cl,Beverages,3,350,15,Bank Transfer
RCPT-101945,TXN101945,2026-05-06,18:58:00,MiniMart Express - Surulere,TILL-01,Amaka Eze,+2347241997172,SKU1004,Dangote sugar 1Kg,Grains & Staples,3,,0,Cash
RCPT-100500,TXN100500,2026-04-03,20:17:00, Yaba,TILL-03,Chidinma Okafor,,SKU1025,Tom Tom Sweet (pack),Snacks,1,340,0,ATM Card
RCPT-101470,TXN101470,2026-07-06,08:12:00,minimart express-ikeja ,TILL-02,Tunde Bakare,+2347819398566,SKU1025,Tom Tom Sweet (pack),Snacks,1,310.00,5,Cash
RCPT-102082,TXN102082,2026-03-05,21:34:00,Surulere Branch,TILL-01,Tunde Bakare,,SKU1022,Knorr Chicken Cubes (pack),Grains & Staples,1,320,0,POS Card
RCPT-101413,TXN101413,2026-07-20,21:17:00,SURULERE,TILL-01,Tunde Bakare,+2349031759669,SKU1018,Maltina 33cl,Beverages,2,480,0,cash
RCPT-101255,TXN101255,2026-07-08,16:58:00,minimart express-ikeja ,TILL-01,Emeka Obi,08829768170,SKU1026,Chivita Juice 1L,Beverages,1,1240,0,Cash
RCPT-102125,TXN102125,2026-06-04,07:42:00,Ikeja Branch,TILL-01,Chidinma Okafor,,SKU1012,Kings Vegetable Oil 1L,Grains & Staples,1,"2,470.00",0,cash
RCPT-100820,TXN100820,2026-06-17,13:06:00,Ikeja Branch,TILL-02,Chidinma Okafor,,SKU1025,Tom Tom Sweet (pack),Snacks,1,330,0,POS Card
RCPT-101104,TXN101104,2026-03-24,11:30:00,Yaba Branch,TILL-01,Emeka Obi,,SKU1023,Ariel Detergent 900g,Household,1,"₦1,990.00",0,POS Card
RCPT-100902,TXN100902,2026-03-04,19:34:00,IKEJA,TILL-02,Tunde Bakare,,SKU1003,Golden Morn 500g,Grains & Staples,1,"₦1,360.00",0,POS Card
RCPT-101392,TXN101392,18-07-2026,08:35:00,SURULERE,TILL-01,Emeka Obi,,SKU1003,Golden Morn 500g,Grains & Staples,5,1400,0,POS Card
RCPT-101374,TXN101374,07/16/2026,19:27:00,Yaba Branch,TILL-01,Segun Adeyemi,,SKU1027,Amstel Malta 33cl,Beverages,3,₦450.00,0,Card
RCPT-100202,TXN100202,13/05/2026,09:03:00,MiniMart Express - Yaba,TILL-03,Chidinma Okafor,0 7 0 8 3 9 1 2 1 9 2,SKU1018,Maltina 33cl,,1,440,15,transfer
RCPT-100796,TXN100796,2026-03-05,17:58:00,YABA,TILL-01,Amaka Eze,,SKU1002,peak milk evaporated170g,Dairy,1,730,0,cash
RCPT-102495,TXN102495,2026-04-03,13:17:00,Yaba Branch,TILL-03,Tunde Bakare,,SKU1016,Eva Water 75cl,Beverages,1,210,0,transfer
RCPT-101495,TXN101495,2026-04-14,14:08:00,MiniMart Express - Yaba,TILL-02,Chidinma Okafor,,SKU1029,Dano Milk Powder 400g,Dairy,2,2710,0,Card
RCPT-100616,TXN100616,2026-05-02,16:07:00,SURULERE,TILL-01,Fatima Bello,,SKU1003,Golden Morn 500g,Grains & Staples,2,1580,0,pos
RCPT-100067,TXN100067,2026-03-24,20:53:00,Surulere Branch,TILL-01,Amaka Eze,7 3 1 1 7 1 6 3 2 5,SKU1013,Omo Detergent 900g,Household,1,1760,0,USSD
RCPT-100532,TXN100532,06/02/2026,12:32:00,MiniMart Express - Surulere,TILL-01,Ibrahim Musa,,SKU1021,Bournvita 500g,Beverages,1,2630,0,Cash
RCPT-102224,TXN102224,2026-03-27,13:41:00, Yaba,TILL-02,Fatima Bello,,SKU1008,Milo 400g,Beverages,1,"₦2,040.00",0,Cash
RCPT-100840,TXN100840,2026-06-27,16:45:00, Yaba,TILL-03,Emeka Obi,,SKU1028,Semovita 2kg,,3,1910,0,Card
RCPT-102407,TXN102407,2026-07-03,18:38:00,MiniMart Express - Ikeja,TILL-02,Segun Adeyemi,,SKU1010,Mama Gold Rice 5kg,Grains & Staples,2,"7,000.00",10,Cash
RCPT-100744,TXN100744,2026-05-30,20:19:00,MiniMart Express - Yaba,TILL-01,Ibrahim Musa,08896371348,SKU1019,Titus Sardine 125g,Canned Foods,2,730,0,Cash
RCPT-100636,TXN100636,08/04/2026,10:30:00,YABA,TILL-03,Segun Adeyemi,,SKU1018,Maltina 33cl,Beverages,1,₦410.00,0,Cash
RCPT-102527,TXN102527,2026-05-16,10:29:00,IKEJA,TILL-02,Tunde Bakare,+2348929609507,SKU1003,Golden Morn 500g,Grains & Staples,1,"₦1,450.00",0,Cash
RCPT-101293,TXN101293,2026-05-14,19:41:00,IKEJA,TILL-01,Emeka Obi,,SKU1018,Maltina 33cl,Beverages,2,440,0,POS
RCPT-100886,TXN100886,2026-07-01,18:30:00,SURULERE,TILL-01,Chidinma Okafor,,SKU1014,Dettol Soap 65g,Personal Care,4,₦330.00,0,ATM Card
RCPT-102078,TXN102078,2026-04-30,11:17 AM,minimart express-ikeja ,TILL-02,Fatima Bello,09014982775,SKU1020,Cerelac Infant Cereal 400g,Baby Products,2,3640,0,pos
RCPT-102300,TXN102300,2026-03-12,20:09:00, Yaba,TILL-01,Segun Adeyemi,,SKU1026,Chivita Juice 1L,Beverages,3,1400,0,USSD
RCPT-102328,TXN102328,2026-03-17,18:24:00,MiniMart Express - Yaba,TILL-01,Amaka Eze,7704960797,SKU1013,Omo Detergent 900g,Household,1,1560,0,USSD
RCPT-100192,TXN100192,2026-05-18,20:41:00,Surulere Branch,TILL-01,Ibrahim Musa,,SKU1020,Cerelac Infant Cereal 400g,Baby Products,4,3120,0,Transfer
RCPT-100027,TXN100027,2026-04-14,09:55:00,MiniMart Express - Ikeja,TILL-01,Blessing Nwosu,,SKU1008,Milo 400g,Beverages,1,2140,0,Cash
RCPT-100937,TXN100937,2026-04-27,13:40:00,MiniMart Express - Ikeja,TILL-02,Tunde Bakare,,SKU1007,Gala Sausage Roll,Snacks,2,230,0,Cash
RCPT-101349,TXN101349,03-06-2026,15:14:00,MiniMart Express - Surulere,TILL-01,Fatima Bello,,SKU1007,Gala Sausage Roll,Snacks,1,270,0,ATM Card
RCPT-102469,TXN102469,31-05-2026,11:09:00,Ikeja Branch,TILL-01,Amaka Eze,,SKU1014,Dettol Soap 65g,Personal Care,2,390,0,transfer
RCPT-102508,TXN102508,2026-05-24,10:31:00, Yaba,TILL-03,Blessing Nwosu,,SKU1008,Milo 400g,Beverages,1,"2,380.00",0,POS
RCPT-102270,TXN102270,2026-05-22,10:40:00,minimart express-ikeja ,TILL-01,Ibrahim Musa,7201178089,SKU1030,Nasco Cornflakes 500g,Grains & Staples,1,2160,0,Transfer
RCPT-101499,TXN101499,2026-05-05,18:03:00,MiniMart Express - Ikeja,TILL-02,Segun Adeyemi,,SKU1007,Gala Sausage Roll,Snacks,1,,10,POS
RCPT-102306,TXN102306,2026-05-14,12:13:00,MiniMart Express - Ikeja,TILL-02,Tunde Bakare,2347072264559,SKU1009,Cowbell Milk Powder 360g,Dairy,1,1710,0,Bank Transfer
RCPT-100006,TXN100006,22/04/2026,17:20:00,Surulere Branch,TILL-01,Blessing Nwosu,,SKU1011,Honeywell Semolina 2kg,Grains & Staples,3,"₦2,590.00",0,POS Card
RCPT-101669,TXN101669,2026-04-20,21:51:00,Surulere Branch,TILL-01,Tunde Bakare,,SKU1023,Ariel Detergent 900g,Household,1,2010,0,USSD
RCPT-102524,TXN102524,2026-06-19,16:52:00,MiniMart Express - Surulere,TILL-01,Chidinma Okafor,0 7 5 7 6 8 0 2 8 7 7,SKU1013,Omo Detergent 900g,Household,1,1500,0,Bank Transfer
RCPT-102395,TXN102395,26/06/2026,12:11:00,MiniMart Express - Yaba,TILL-01,Chidinma Okafor,2349052707677,SKU1017,La Casera 50cl,Beverages,1,330,0,Card
RCPT-101040,TXN101040,2026-07-31,11:08:00,Surulere Branch,TILL-01,Fatima Bello,2347333382903,SKU1011,Honeywell Semolina 2kg,Grains & Staples,4,2160,0,cash
RCPT-100597,TXN100597,20/04/2026,18:23:00,minimart express-ikeja ,TILL-01,Ibrahim Musa,,SKU1022,Knorr Chicken Cubes (pack),Grains & Staples,4,280,0,Bank Transfer
RCPT-101263,TXN101263,2026-05-27,07:02:00,Surulere Branch,TILL-01,Ibrahim Musa,,SKU1022,Knorr Chicken Cubes (pack),Grains & Staples,2,280,0,POS
RCPT-101014,TXN101014,2026-05-18,10:54:00,YABA,TILL-01,Emeka Obi,,SKU1022,Knorr Chicken Cubes (pack),Grains & Staples,1,280.00,0,transfer
RCPT-102493,TXN102493,2026-04-28,21:49:00,minimart express-ikeja ,TILL-02,Tunde Bakare,7935584996,SKU1011,Honeywell Semolina 2kg,Grains & Staples,5,2550,0,POS Card
RCPT-101416,TXN101416,03/07/2026,08:40 PM, Yaba,TILL-01,Amaka Eze,+2347331538075,SKU1018,Maltina 33cl,Beverages,1,500,0,POS Card
RCPT-100218,TXN100218,2026-07-24,20:29:00,MiniMart Express - Yaba,TILL-01,Blessing Nwosu,,SKU1005,Coca-Cola 50cl,Beverages,1,430,0,POS Card
RCPT-100065,TXN100065,2026-07-17,12:53:00,YABA,TILL-01,Ibrahim Musa,+2347026620658,SKU1004,Dangote Sugar 1kg,Grains & Staples,1,"1,280.00",0,POS Card
RCPT-102285,TXN102285,01-06-2026,07:13:00,YABA,TILL-02,Ibrahim Musa,,SKU1001,INDOMIE NOODLES 70G,Grains & Staples,1,160,0,USSD
RCPT-100352,TXN100352,2026-04-11,20:59:00,SURULERE,TILL-01,Fatima Bello,,SKU1002,Peak Milk Evap 170g,Dairy,1,630,0,transfer
RCPT-101933,TXN101933,2026-06-17,17:01:00,Surulere Branch,TILL-01,Amaka Eze,,SKU1024,"Pampers Diapers (pack, medium)",Baby Products,1,4360,0,Card
RCPT-101229,TXN101229,09/07/2026,18:18:00,YABA,TILL-03,Emeka Obi,,SKU1022,Knorr Chicken Cubes (pack),Grains & Staples,1,310.00,0,CASH
RCPT-102137,TXN102137,2026-04-09,21:39:00,Surulere Branch,TILL-01,Blessing Nwosu,7455764014,SKU1020,Cerelac Infant Cereal 400g,Baby Products,5,3370,0,Cash
RCPT-101708,,2026-04-03,12:08 PM,Surulere Branch,TILL-01,Tunde Bakare,8489248809,SKU1004,Dangote Sugar 1kg,GRAINS & STAPLES,2,1230,0,cash
RCPT-102552,,2026-06-27,21:00:00,MiniMart Express - Surulere,TILL-01,Tunde Bakare,,SKU1018,Maltina 33cl,Beverages,1,520,0,Cash
RCPT-101268,TXN101268,24/06/2026,11:26:00,Yaba Branch,TILL-02,Segun Adeyemi,,SKU1012,Kings Vegetable Oil 1L,Grains & Staples,1,2600,0,Transfer
RCPT-101279,TXN101279,2026-04-03,16:12:00, Yaba,TILL-01,Amaka Eze,,SKU1008,Milo 400g,Beverages,1,2230,0,Cash
RCPT-102155,TXN102155,21-06-2026,10:51 AM,MiniMart Express - Surulere,TILL-01,Fatima Bello,,SKU1017,La Casera 50cl,Beverages,1,₦380.00,0,ussd
RCPT-100674,TXN100674,07/28/2026,19:15:00,Surulere Branch,TILL-01,Tunde Bakare,,SKU1010,Mama Gold Rice 5kg,Grains & Staples,3,6940,0,POS
RCPT-100084,TXN100084,2026-03-28,11:12:00, Yaba,TILL-01,Fatima Bello,,SKU1015,Close Up Toothpaste 140ml,Personal Care,3,960.00,0,USSD
RCPT-100941,TXN100941,2026-03-03,09:00:00,MiniMart Express - Surulere,TILL-01,Amaka Eze,,SKU1003,Golden Morn 500g,Grains & Staples,4,1440,15,ussd
RCPT-102562,TXN102562,2026-04-04,09:35:00,YABA,TILL-01,Chidinma Okafor,2347592026490,SKU1020,Cerelac Infant Cereal 400g,Baby Products,3,2890,0,Transfer
RCPT-101560,TXN101560,04-07-2026,07:26 PM,IKEJA,TILL-02,Fatima Bello,7609436123,SKU1001, Indomie Noodles 70g ,Grains & Staples,3,160.00,0,Cash
RCPT-102343,TXN102343,2026-06-25,09:35:00,YABA,TILL-02,Segun Adeyemi,,SKU1014,Dettol Soap 65g,Personal Care,1,320,0,USSD
RCPT-100092,TXN100092,2026-07-02,10:53:00,MiniMart Express - Ikeja,TILL-02,Emeka Obi,,SKU1006,Bigi Cola 50cl,Beverages,1,₦380.00,0,Cash
RCPT-101778,TXN101778,06/29/2026,17:25:00, Yaba,TILL-02,Fatima Bello,0 7 9 0 5 3 1 6 9 4 1,SKU1027,Amstel Malta 33cl,,5,420,0,USSD
RCPT-100740,TXN100740,2026-07-16,13:51:00,MiniMart Express - Yaba,TILL-01,Ibrahim Musa,,SKU1025,Tom Tom Sweet (pack),Snacks,3,300,0,POS Card
RCPT-100530,TXN100530,22/05/2026,18:06:00,YABA,TILL-01,Tunde Bakare,+2347229313318,SKU1010,Mama Gold Rice5kg,Grains & Staples,1,,0,Cash
RCPT-101156,TXN101156,20/06/2026,19:51:00,Yaba Branch,TILL-01,Blessing Nwosu,,SKU1026,Chivita Juice 1L,Beverages,3,1430,0,Bank Transfer
RCPT-101856,TXN101856,2026-04-30,19:12:00,IKEJA,TILL-02,Ibrahim Musa,2349032719624,SKU1030,Nasco Cornflakes 500g,Grains & Staples,3,1850,0,Cash
RCPT-100593,TXN100593,2026-03-03,17:58:00,Surulere Branch,TILL-01,Ibrahim Musa,,SKU1014,Dettol Soap 65g,Personal Care,4,360,0,Bank Transfer
RCPT-102012,TXN102012,05/06/2026,20:11:00,MiniMart Express - Yaba,TILL-03,Blessing Nwosu,,SKU1021,Bournvita 500g,Beverages,1,"2,210.00",0,USSD
RCPT-100810,TXN100810,2026-06-09,11:38:00,Surulere Branch,TILL-01,Tunde Bakare,,SKU1028,Semovita 2kg,Grains & Staples,1,2220,0,USSD
RCPT-102068,TXN102068,07/08/2026,20:21:00,MiniMart Express - Ikeja,TILL-02,Chidinma Okafor,08409485751,SKU1002,Peak Milk Evap 170g,Dairy,1,690,0,POS Card
RCPT-101373,TXN101373,12/03/2026,11:09:00,Surulere Branch,TILL-01,Blessing Nwosu,,SKU1022,Knorr Chicken Cubes (pack),Grains & Staples,1,340,0,Cash
RCPT-101260,TXN101260,2026-04-27,12:17:00,Yaba Branch,TILL-01,Blessing Nwosu,,SKU1023,Ariel Detergent 900g,Household,1,1630,0,Bank Transfer
RCPT-102456,TXN102456,2026-07-07,17:05:00,MiniMart Express - Yaba,TILL-02,Ibrahim Musa,2347347015139,SKU1002,Peak Milk Evaporated 170g,Dairy,1,610.00,10,Bank Transfer
RCPT-100592,TXN100592,2026-06-02,16:49:00,Surulere Branch,TILL-01,Tunde Bakare,,SKU1015,Close Up Toothpaste 140ml,Personal Care,2,880,0,POS
RCPT-100983,TXN100983,2026-06-01,12:33:00,MiniMart Express - Surulere,TILL-01,Ibrahim Musa,,SKU1017,La Casera 50cl,Beverages,3,340,0,POS Card
RCPT-102233,TXN102233,2026-03-23,21:13:00,YABA,TILL-02,Segun Adeyemi,,SKU1003,Golden Morn 500g,Grains & Staples,4,1500,0,transfer
RCPT-101590,TXN101590,2026-04-06,19:36:00,MiniMart Express - Ikeja,TILL-01,,,SKU1029,Dano Milk Powder 400g,Dairy,2,3120,0,cash
RCPT-101377,TXN101377,2026-06-15,10:33 AM, Yaba,TILL-01,Segun Adeyemi,,SKU1015,Close Up Toothpaste 140ml,Personal Care,1,840,0,pos
RCPT-100303,TXN100303,2026-04-07,11:47:00,Ikeja Branch,TILL-01,Ibrahim Musa,+2347027238751,SKU1019,Titus Sardine 125g,Canned Foods,2,760,0,Cash
RCPT-102147,TXN102147,2026-07-25,17:15:00,Surulere Branch,TILL-01,Emeka Obi,2348382565796,SKU1025,Tom Tom Sweet (pack),Snacks,1,300,0,POS Card
RCPT-100748,TXN100748,2026-05-01,05:46 PM,Surulere Branch,TILL-01,Segun Adeyemi,,SKU1010,Mama Gold Rice5kg,Grains & Staples,2,6260,0,POS Card
RCPT-100899,TXN100899,2026-04-15,13:16:00,minimart express-ikeja ,TILL-02,Fatima Bello,2348131721426,SKU1017,La Casera 50cl,Beverages,4,370,0,Cash
RCPT-102378,TXN102378,2026-03-30,14:02:00,MiniMart Express - Surulere,TILL-01,Chidinma Okafor,,SKU1008,Milo 400g,Beverages,3,"₦2,380.00",0,Bank Transfer
RCPT-101901,TXN101901,2026-05-01,15:49:00,MiniMart Express - Surulere,TILL-01,Emeka Obi,,SKU1029,Dano Milk Powder 400g,Dairy,1,3040,0,Transfer
RCPT-102374,TXN102374,2026-03-20,21:48:00,SURULERE,TILL-01,Amaka Eze,7649091833,SKU1016,Eva Water 75cl,Beverages,3,190,0,ussd
RCPT-100669,TXN100669,2026-06-02,15:26:00,Yaba Branch,TILL-02,Emeka Obi,,SKU1016,Eva Water 75cl,Beverages,2,200,0,transfer
RCPT-100636,TXN100636,08/04/2026,10:30:00,Yaba Branch,TILL-03,Segun Adeyemi,,SKU1001,Indomie Noodles 70g,Grains & Staples,1,150,0,Cash
RCPT-101465,TXN101465,2026-04-21,21:30:00,Ikeja Branch,TILL-01,Emeka Obi,7123927175,SKU1029,Dano Milk Powder 400g,Dairy,3,2890,0,POS Card
RCPT-101549,TXN101549,2026-04-16,14:30:00,IKEJA,TILL-01,Segun Adeyemi,+2348195746883,SKU1018,Maltina 33cl,Beverages,4,410,0,POS Card
RCPT-101802,TXN101802,2026-05-28,19:10:00,MiniMart Express - Surulere,TILL-01,Segun Adeyemi,,SKU1012,Kings Vegetable Oil 1L,Grains & Staples,3,2840,0,Bank Transfer
RCPT-101850,TXN101850,2026-07-09,11:07:00,Yaba Branch,TILL-02,Ibrahim Musa,07338305942,SKU1008,Milo 400g,Beverages,2,"2,090.00",0,Bank Transfer
RCPT-102124,TXN102124,03/08/2026,08:46 PM,Yaba Branch,TILL-02,,,SKU1005,Coca-Cola 50cl,Beverages,5,360,0,USSD
RCPT-102530,TXN102530,2026-06-28,18:15:00,SURULERE,TILL-01,Segun Adeyemi,,SKU1019,Titus Sardine 125g,Canned Foods,1,650,0,POS Card
RCPT-101408,TXN101408,2026-07-22,10:30:00,Surulere Branch,TILL-01,Emeka Obi,,SKU1010,Mama Gold Rice5kg,Grains & Staples,1,6770,0,CASH
RCPT-101236,TXN101236,2026-04-13,12:13:00,Ikeja Branch,TILL-02,Ibrahim Musa,,SKU1007,Gala Sausage Roll,Snacks,1,250,0,POS Card
RCPT-102341,TXN102341,2026-07-15,12:13:00, Yaba,TILL-01,Segun Adeyemi,2348736325266,SKU1018,Maltina 33cl,Beverages,4,480,0,POS
RCPT-100087,,2026-03-27,10:53:00,minimart express-ikeja ,TILL-01,Fatima Bello,+2348898302077,SKU1011,Honeywell Semolina 2kg,Grains & Staples,1,2220,0,Cash
RCPT-101051,TXN101051,2026-05-16,20:05:00,IKEJA,TILL-02,Ibrahim Musa,,SKU1006,Bigi Cola 50cl,Beverages,4,350,0,POS
RCPT-100487,TXN100487,2026-06-07,11:47:00,minimart express-ikeja ,TILL-02,Segun Adeyemi,2348783272177,SKU1021,Bournvita 500g,Beverages,1,"₦2,730.00",0,POS Card
RCPT-100344,TXN100344,2026-06-27,07:54:00,Yaba Branch,TILL-03,Tunde Bakare,+2347422705514,SKU1025,Tom Tom Sweet (pack),Snacks,1,310,0,Cash
RCPT-102212,TXN102212,06/15/2026,18:17:00,MiniMart Express - Ikeja,TILL-01,Amaka Eze,,SKU1020,Cerelac Infant Cereal 400g,Baby Products,3,3020,0,Cash
RCPT-100987,TXN100987,2026-03-28,19:33:00,Yaba Branch,TILL-03,Segun Adeyemi,,SKU1018,Maltina 33cl,Beverages,2,430,0,POS Card
RCPT-100566,TXN100566,2026-07-31,11:26:00,MiniMart Express - Yaba,TILL-01,Fatima Bello,,SKU1003,Golden Morn 500g,Grains & Staples,3,"₦1,370.00",0,USSD
RCPT-102005,TXN102005,05/23/2026,19:27:00,YABA,TILL-02,Tunde Bakare,,SKU1009,Cowbell Milk Powder 360g,Dairy,2,1900,0,POS Card
RCPT-101370,TXN101370,2026-07-09,09:10:00,Yaba Branch,TILL-01,Tunde Bakare,,SKU1006,Bigi Cola 50cl,Beverages,1,380,0,cash
RCPT-101283,TXN101283,2026-04-02,17:07:00,MiniMart Express - Ikeja,TILL-01,Tunde Bakare,,SKU1011,Honeywell Semolina 2kg,Grains & Staples,1,"₦2,300.00",0,transfer
RCPT-101880,TXN101880,03/14/2026,11:43:00,Yaba Branch,TILL-01,Ibrahim Musa,2349012832228,SKU1004,Dangote Sugar 1kg,Grains & Staples,2,1340,0,POS Card
RCPT-100910,TXN100910,06/25/2026,10:11:00,SURULERE,TILL-01,Fatima Bello,07148771608,SKU1002,peak milk evaporated170g,Dairy,3,640,0,Bank Transfer
RCPT-100469,TXN100469,2026-03-01,13:31:00,SURULERE,TILL-01,Blessing Nwosu,+2348927925354,SKU1019,Titus Sardine 125g,Canned Foods,1,720,0,POS
RCPT-102108,TXN102108,2026-04-16,19:29:00,Surulere Branch,TILL-01,Segun Adeyemi,,SKU1012,Kings Vegetable Oil 1L,Grains & Staples,1,2390,0,Cash
RCPT-100301,TXN100301,2026-07-12,09:00:00, Yaba,TILL-01,Chidinma Okafor,,SKU1024,"Pampers Diapers (pack, medium)",Baby Products,1,4790,0,POS
RCPT-102448,TXN102448,2026-03-26,20:57:00,MiniMart Express - Ikeja,TILL-01,Amaka Eze,2348757700643,SKU1005,Coca Cola 50cl,Beverages,3,440,0,POS Card
RCPT-100127,TXN100127,2026-06-11,08:41:00,Yaba Branch,TILL-02,Blessing Nwosu,,SKU1010,MAMA GOLD RICE 5KG,Grains & Staples,1,7440,0,pos
RCPT-101395,TXN101395,2026-03-13,12:20:00,MiniMart Express - Ikeja,TILL-01,,,SKU1023,Ariel Detergent 900g,Household,2,1900,0,CASH
RCPT-100014,TXN100014,2026-05-06,13:13:00, Yaba,TILL-01,Chidinma Okafor,,SKU1014,Dettol Soap 65g,Personal Care,3,320,0,POS Card
RCPT-100218,TXN100218,2026-07-24,20:29:00,Yaba Branch,TILL-01,Blessing Nwosu,,SKU1017,La Casera 50cl,Beverages,1,₦400.00,0,POS Card
RCPT-102356,TXN102356,2026-06-19,05:57 PM,YABA,TILL-02,Fatima Bello,2347466564881,SKU1015,Close Up Toothpaste 140ml,Personal Care,1,910,0,Transfer
RCPT-101083,TXN101083,31-03-2026,11:52:00, Yaba,TILL-02,Emeka Obi,2348152866642,SKU1019,Titus Sardine 125g,Canned Foods,2,770.00,0,Cash
RCPT-100263,TXN100263,11-06-2026,16:00:00,MiniMart Express - Surulere,TILL-01,Chidinma Okafor,+2347991316613,SKU1008,Milo 400g,Beverages,2,2080,0,POS Card
RCPT-102151,TXN102151,2026-04-12,09:08:00,MiniMart Express - Surulere,TILL-01,Segun Adeyemi,,SKU1004,DANGOTE SUGAR 1KG ,Grains & Staples,1,"₦1,200.00",0,Transfer
RCPT-100241,TXN100241,2026-07-26,18:37:00,Surulere Branch,TILL-01,Segun Adeyemi,09068942448,SKU1020,Cerelac Infant Cereal 400g,Baby Products,1,3560,0,Bank Transfer
RCPT-101997,TXN101997,2026-07-07,21:41:00,MiniMart Express - Ikeja,TILL-01,Tunde Bakare,+2348347954903,SKU1001,INDOMIE NOODLES 70G,Grains & Staples,1,₦170.00,0,Cash
RCPT-100089,TXN100089,18-03-2026,11:12:00,Surulere Branch,TILL-01,Blessing Nwosu,2348246550757,SKU1020,Cerelac Infant Cereal 400g,Baby Products,1,3350,0,ATM Card
RCPT-100717,TXN100717,2026-07-08,12:55:00,IKEJA,TILL-02,Tunde Bakare,,SKU1026,Chivita Juice 1L,Beverages,1,1400,0,ATM Card
RCPT-101415,TXN101415,21-04-2026,14:22:00,MiniMart Express - Ikeja,TILL-02,Ibrahim Musa,,SKU1008,Milo 400g,Beverages,1,2070,0,Bank Transfer
RCPT-100588,TXN100588,04/09/2026,19:23:00,MiniMart Express - Yaba,TILL-02,Emeka Obi,2347432434306,SKU1027,Amstel Malta 33cl,Beverages,2,360,0,Bank Transfer
RCPT-100302,TXN100302,2026-03-22,11:53:00,YABA,TILL-03,Tunde Bakare,7248628368,SKU1018,Maltina 33cl,Beverages,1,520,10,cash
RCPT-100480,TXN100480,2026-07-11,12:33:00,Surulere Branch,TILL-01,Tunde Bakare,+2348461563010,SKU1004,Dangote sugar 1Kg,Grains & Staples,1,1310,0,POS Card
RCPT-100533,TXN100533,2026-03-08,09:34:00,Yaba Branch,TILL-03,Ibrahim Musa,,SKU1010,Mama Gold Rice 5kg,Grains & Staples,2,7030,0,Cash
RCPT-101537,TXN101537,2026-07-17,17:19:00,MiniMart Express - Yaba,TILL-03,Blessing Nwosu,,SKU1003,Golden Morn 500g,Grains & Staples,2,"₦1,660.00",0,USSD
RCPT-101524,TXN101524,2026-05-20,12:10:00, Yaba,TILL-01,Blessing Nwosu,09078792057,SKU1007,Gala Sausage Roll,Snacks,1,250,5,ATM Card
RCPT-100895,TXN100895,2026-06-21,03:06 PM,MiniMart Express - Ikeja,TILL-02,Segun Adeyemi,,SKU1003,Golden Morn 500g,Grains & Staples,3,1610,0,POS Card
RCPT-101088,TXN101088,25-04-2026,11:21:00,SURULERE,TILL-01,Amaka Eze,+2348871140823,SKU1012,Kings Vegetable Oil 1L,Grains & Staples,3,2790,0,Card
RCPT-101477,TXN101477,2026-05-02,21:13:00,SURULERE,TILL-01,Ibrahim Musa,,SKU1022,Knorr Chicken Cubes (pack),Grains & Staples,1,310,0,pos
RCPT-100029,TXN100029,2026-04-06,18:01:00,Surulere Branch,TILL-01,Tunde Bakare,,SKU1015,Close Up Toothpaste 140ml,Personal Care,1,₦980.00,0,pos
RCPT-101654,TXN101654,2026-06-20,13:58:00,MiniMart Express - Ikeja,TILL-01,Ibrahim Musa,,SKU1002,Peak Milk Evaporated 170g,Dairy,1,670,0,Cash
RCPT-101128,TXN101128,2026-06-25,08:05:00,YABA,TILL-02,Segun Adeyemi,07203812733,SKU1030,Nasco Cornflakes 500g,Grains & Staples,2,"2,060.00",0,cash
RCPT-101050,TXN101050,2026-07-26,09:21:00,minimart express-ikeja ,TILL-02,Fatima Bello,08785525937,SKU1017,La Casera 50cl,Beverages,2,340,0,POS Card
RCPT-100057,TXN100057,2026-07-16,11:49:00,minimart express-ikeja ,TILL-02,Ibrahim Musa,,SKU1018,Maltina 33cl,Beverages,2,490,0,Bank Transfer
RCPT-101856,TXN101856,04/30/2026,19:12:00,MiniMart Express - Ikeja,TILL-02,Ibrahim Musa,2349032719624,SKU1009,Cowbell Milk Powder 360g,Dairy,5,1970,0,Cash
RCPT-101858,TXN101858,15/05/2026,19:12:00,Yaba Branch,TILL-01,Chidinma Okafor,,SKU1030,Nasco Cornflakes 500g,Grains & Staples,5,"2,110.00",0,Cash
RCPT-100408,TXN100408,2026-04-05,07:10:00,minimart express-ikeja ,TILL-02,Chidinma Okafor,,SKU1020,Cerelac Infant Cereal 400g,Baby Products,4,,0,Cash
RCPT-100782,TXN100782,2026-05-07,17:34:00,SURULERE,TILL-01,Amaka Eze,,SKU1006,Bigi Cola 50cl,Beverages,1,320,0,Bank Transfer
RCPT-100190,TXN100190,08-05-2026,21:44:00,Ikeja Branch,TILL-01,Tunde Bakare,08827243511,SKU1001, Indomie Noodles 70g ,Grains & Staples,4,150,0,Cash
RCPT-102572,TXN102572,2026-07-18,20:13:00,Surulere Branch,TILL-01,Blessing Nwosu,,SKU1020,Cerelac Infant Cereal 400g,Baby Products,1,3460,0,Cash
RCPT-100352,TXN100352,2026-04-11,20:59:00,SURULERE,TILL-01,Fatima Bello,,SKU1014,Dettol Soap 65g,Personal Care,4,390.00,0,transfer
RCPT-100062,TXN100062,2026-05-19,08:58:00,minimart express-ikeja ,TILL-02,Tunde Bakare,,SKU1013,Omo Detergent 900g,Household,2,,0,transfer
RCPT-102020,TXN102020,2026-05-14,09:32:00,YABA,TILL-01,Emeka Obi,,SKU1024,"Pampers Diapers (pack, medium)",Baby Products,2,4660,0,pos
RCPT-101925,TXN101925,19-06-2026,01:27 PM, Yaba,TILL-01,Emeka Obi,,SKU1016,Eva Water 75cl,Beverages,1,210,0,Card
RCPT-101337,TXN101337,15/05/2026,03:58 PM,MiniMart Express - Ikeja,TILL-01,Emeka Obi,,SKU1023,Ariel Detergent 900g,Household,2,2010,0,Bank Transfer
RCPT-100069,TXN100069,2026-03-06,09:45:00,MiniMart Express - Ikeja,TILL-02,Chidinma Okafor,2348982860938,SKU1010,Mama Gold Rice 5kg,Grains & Staples,2,"5,970.00",0,POS Card
RCPT-102392,TXN102392,29-04-2026,05:25 PM,YABA,TILL-03,Segun Adeyemi,,SKU1007,Gala Sausage Roll,Snacks,2,260,0,Cash
RCPT-102115,TXN102115,2026-03-25,16:33:00,Ikeja Branch,TILL-02,Chidinma Okafor,08436945594,SKU1018,Maltina 33cl,Beverages,2,430,0,cash
RCPT-100279,TXN100279,13/03/2026,15:03:00,SURULERE,TILL-01,Segun Adeyemi,2347984158126,SKU1017,La Casera 50cl,Beverages,1,370,0,Cash
RCPT-102254,TXN102254,2026-07-13,13:28:00,MiniMart Express - Yaba,TILL-03,Segun Adeyemi,,SKU1004,Dangote Sugar 1kg,Grains & Staples,1,1190,0,Cash
RCPT-101916,TXN101916,04/28/2026,11:45:00,minimart express-ikeja ,TILL-01,Fatima Bello,,SKU1001,INDOMIE NOODLES 70G,,1,140.00,0,Bank Transfer
RCPT-102312,TXN102312,2026-06-10,07:26 PM,SURULERE,TILL-01,Tunde Bakare,,SKU1008,Milo 400g,Beverages,2,2180,0,pos
RCPT-100583,TXN100583,2026-04-01,09:22:00,MiniMart Express - Yaba,TILL-01,Emeka Obi,,SKU1022,Knorr Chicken Cubes (pack),Grains & Staples,5,300.00,0,POS Card
RCPT-101460,TXN101460,2026-07-17,18:02:00,IKEJA,TILL-01,Fatima Bello,,SKU1009,Cowbell Milk Powder 360g,Dairy,1,1830,0,Cash
RCPT-101325,TXN101325,2026-04-21,11:03:00,YABA,TILL-03,Emeka Obi,2347822958442,SKU1012,Kings Vegetable Oil 1L,Grains & Staples,2,2400,0,POS Card
RCPT-101578,TXN101578,03/14/2026,08:31:00,MiniMart Express - Surulere,TILL-01,Fatima Bello,,SKU1025,Tom Tom Sweet (pack),Snacks,1,340.00,0,Bank Transfer
RCPT-100301,TXN100301,2026-07-12,09:00:00,YABA,TILL-01,Chidinma Okafor,,SKU1008,Milo 400g,Beverages,1,2310,0,POS
RCPT-102459,TXN102459,2026-06-09,17:29:00,MiniMart Express - Surulere,TILL-01,Emeka Obi,,SKU1002,peak milk evaporated170g,Dairy,4,₦660.00,0,CASH
RCPT-100222,TXN100222,2026-03-31,15:03:00,MiniMart Express - Surulere,TILL-01,Tunde Bakare,07841378200,SKU1003,Golden Morn 500g,Grains & Staples,1,1550,0,CASH
RCPT-100605,TXN100605,2026-05-19,20:33:00,MiniMart Express - Ikeja,TILL-02,Segun Adeyemi,7825153724,SKU1026,Chivita Juice 1L,Beverages,4,1270,0,ussd
RCPT-102204,TXN102204,2026-07-18,08:42:00,MiniMart Express - Yaba,TILL-03,,,SKU1027,Amstel Malta 33cl,Beverages,4,460,0,Bank Transfer
RCPT-101690,TXN101690,2026-06-28,16:32:00,MiniMart Express - Surulere,TILL-01,Chidinma Okafor,+2347307715305,SKU1028,Semovita 2kg,Grains & Staples,2,"₦2,050.00",5,Bank Transfer
RCPT-100457,TXN100457,27/03/2026,20:48:00,Surulere Branch,TILL-01,Chidinma Okafor,,SKU1022,Knorr Chicken Cubes (pack),GRAINS & STAPLES,5,340,0,USSD
RCPT-101474,TXN101474,06/04/2026,14:56:00,MiniMart Express - Yaba,TILL-01,Segun Adeyemi,+2349073628387,SKU1008,Milo 400g,Beverages,2,2270,0,Transfer
RCPT-101635,TXN101635,24-06-2026,11:32:00,YABA,TILL-01,Segun Adeyemi,7717633885,SKU1012,Kings Vegetable Oil 1L,Grains & Staples,5,2450,0,POS Card
RCPT-101329,TXN101329,03/07/2026,08:27:00,Ikeja Branch,TILL-02,Segun Adeyemi,09072686460,SKU1004,Dangote Sugar 1kg,,1,1360,0,CASH
RCPT-102239,TXN102239,2026-07-25,15:28:00,IKEJA,TILL-01,Fatima Bello,2348685322142,SKU1008,Milo 400g,Beverages,1,"₦2,070.00",0,POS Card
RCPT-101352,TXN101352,2026-05-16,18:06:00,MiniMart Express - Yaba,TILL-03,Fatima Bello,,SKU1006,Bigi Cola 50cl,Beverages,1,360,0,POS Card
RCPT-102070,TXN102070,06/19/2026,14:50:00,Surulere Branch,TILL-01,Segun Adeyemi,,SKU1022,Knorr Chicken Cubes (pack),Grains & Staples,1,280,0,Bank Transfer
RCPT-101720,TXN101720,2026-06-14,11:14:00,Yaba Branch,TILL-02,Amaka Eze,07314395397,SKU1006,Bigi Cola 50cl,,2,₦340.00,0,transfer
RCPT-101687,TXN101687,05-07-2026,21:14:00,Surulere Branch,TILL-01,Segun Adeyemi,,SKU1008,Milo 400g,,1,2200,0,Cash
RCPT-102282,TXN102282,2026-04-19,15:42:00,Ikeja Branch,TILL-02,Ibrahim Musa,2347306056778,SKU1002,Peak Milk Evap 170g,Dairy,2,₦650.00,0,Cash
RCPT-102435,TXN102435,05/24/2026,20:27:00,YABA,TILL-02,Chidinma Okafor,,SKU1010,Mama Gold Rice 5kg,Grains & Staples,2,7160,0,POS Card
RCPT-100466,TXN100466,2026-03-15,18:10:00,Ikeja Branch,TILL-02,Amaka Eze,+2348397240267,SKU1018,Maltina 33cl,BEVERAGES,1,470,0,transfer
RCPT-100433,TXN100433,2026-03-02,14:05:00,IKEJA,TILL-01,Segun Adeyemi,2347736587097,SKU1020,Cerelac Infant Cereal 400g,Baby Products,2,3140,0,Cash
RCPT-100207,TXN100207,2026-06-20,17:44:00,Yaba Branch,TILL-02,Blessing Nwosu,+ 2 3 4 7 2 5 2 4 7 0 0 2 2,SKU1020,Cerelac Infant Cereal 400g,Baby Products,3,3090,0,Cash
RCPT-101297,TXN101297,2026-05-19,12:51:00,Surulere Branch,TILL-01,Ibrahim Musa,,SKU1028,Semovita 2kg,Grains & Staples,2,1900,0,ussd
RCPT-100557,TXN100557,2026-07-31,10:17:00,MiniMart Express - Ikeja,TILL-02,Chidinma Okafor,,SKU1015,Close Up Toothpaste 140ml,PERSONAL CARE,1,900,0,Cash
RCPT-100929,TXN100929,08/07/2026,20:11:00,Surulere Branch,TILL-01,Segun Adeyemi,+ 2 3 4 7 1 9 1 6 3 5 8 3 5,SKU1008,Milo 400g,Beverages,4,"₦2,290.00",0,Transfer
RCPT-101405,TXN101405,2026-07-29,17:54:00,Surulere Branch,TILL-01,Blessing Nwosu,2347533003935,SKU1018,Maltina 33cl,Beverages,2,510,0,Cash
RCPT-101605,TXN101605,2026-03-28,20:11:00,IKEJA,TILL-02,Blessing Nwosu,07041412187,SKU1009,Cowbell Milk Powder 360g,Dairy,3,1690,0,POS Card
RCPT-100881,TXN100881,2026-07-03,16:41:00,YABA,TILL-01,Ibrahim Musa,,SKU1002,Peak Milk Evap 170g,Dairy,1,,0,POS Card
RCPT-101482,TXN101482,2026-06-28,20:00:00,minimart express-ikeja ,TILL-01,Blessing Nwosu,,SKU1017,La Casera 50cl,Beverages,1,390.00,0,pos
RCPT-102549,TXN102549,07/06/2026,20:45:00, Yaba,TILL-01,Segun Adeyemi,07665266996,SKU1027,Amstel Malta 33cl,Beverages,3,380,0,Bank Transfer
RCPT-100801,TXN100801,2026-07-22,18:31:00,Surulere Branch,TILL-01,Amaka Eze,+2348286678253,SKU1029,Dano Milk Powder 400g,Dairy,2,3220,0,Bank Transfer
RCPT-101257,TXN101257,06/04/2026,14:04:00,Ikeja Branch,TILL-01,Tunde Bakare,2347231177856,SKU1019,Titus Sardine 125g,CANNED FOODS,3,760.00,0,Bank Transfer
RCPT-101324,TXN101324,2026-03-26,09:56:00,SURULERE,TILL-01,Ibrahim Musa,,SKU1024,"Pampers Diapers (pack, medium)",Baby Products,1,"₦4,460.00",0,ussd
RCPT-102401,TXN102401,2026-04-23,18:22:00,minimart express-ikeja ,TILL-01,Amaka Eze,2347812108946,SKU1015,Close Up Toothpaste 140ml,Personal Care,1,860,0,POS
RCPT-100169,TXN100169,2026-05-30,21:24:00, Yaba,TILL-03,Tunde Bakare,07917488605,SKU1029,Dano Milk Powder 400g,Dairy,2,2630,0,transfer
RCPT-100509,TXN100509,2026-07-30,10:41:00,MiniMart Express - Yaba,TILL-02,Amaka Eze,+2347227233246,SKU1003,Golden Morn 500g,Grains & Staples,1,1390,0,pos
RCPT-100939,TXN100939,11-05-2026,10:38 AM,MiniMart Express - Surulere,TILL-01,Emeka Obi,,SKU1023,Ariel Detergent 900g,Household,1,1590,0,POS Card
RCPT-100341,TXN100341,08/03/2026,15:54:00,minimart express-ikeja ,TILL-02,Segun Adeyemi,08037018359,SKU1012,Kings Vegetable Oil 1L,Grains & Staples,1,"₦2,990.00",0,cash
RCPT-100579,TXN100579,09/03/2026,12:19:00,IKEJA,TILL-02,Fatima Bello,,SKU1027,Amstel Malta 33cl,Beverages,1,390.00,0,cash
RCPT-100113,TXN100113,24/03/2026,11:44:00,SURULERE,TILL-01,Emeka Obi,+ 2 3 4 8 8 2 3 7 5 1 3 6 3,SKU1003,Golden Morn 500g,Grains & Staples,1,1580,0,Bank Transfer
RCPT-101222,TXN101222,2026-03-12,11:11:00,MiniMart Express - Surulere,TILL-01,Chidinma Okafor,,SKU1017,La Casera 50cl,Beverages,2,380,0,ussd
RCPT-101129,TXN101129,29-06-2026,09:22:00,SURULERE,TILL-01,Blessing Nwosu,,SKU1022,Knorr Chicken Cubes (pack),Grains & Staples,2,290.00,0,POS Card
RCPT-101813,TXN101813,2026-04-02,20:13:00,Ikeja Branch,TILL-02,,2348819261313,SKU1029,Dano Milk Powder 400g,Dairy,1,3190,0,Cash
RCPT-101684,TXN101684,2026-05-18,19:49:00,YABA,TILL-03,Tunde Bakare,2347948624615,SKU1011,Honeywell Semolina 2kg,Grains & Staples,2,"2,410.00",0,Bank Transfer
RCPT-100957,TXN100957,06/06/2026,17:26:00,IKEJA,TILL-01,Chidinma Okafor,,SKU1022,Knorr Chicken Cubes (pack),Grains & Staples,3,290,0,Transfer
RCPT-102136,TXN102136,2026-05-20,18:21:00,Ikeja Branch,TILL-02,Amaka Eze,,SKU1022,Knorr Chicken Cubes (pack),Grains & Staples,2,₦300.00,0,POS Card
RCPT-101271,TXN101271,2026-07-24,13:56:00,minimart express-ikeja ,TILL-02,Amaka Eze,,SKU1016,Eva Water 75cl,Beverages,2,190,0,ATM Card
RCPT-101645,TXN101645,2026-04-03,20:05:00,MiniMart Express - Surulere,TILL-01,Chidinma Okafor,,SKU1030,Nasco Cornflakes 500g,Grains & Staples,5,1930,0,pos
RCPT-101811,TXN101811,2026-05-01,20:22:00,Ikeja Branch,TILL-02,Amaka Eze,+2347822996823,SKU1023,Ariel Detergent 900g,Household,1,2000,0,POS Card
RCPT-100441,TXN100441,24-07-2026,10:32:00, Yaba,TILL-03,Chidinma Okafor,,SKU1028,Semovita 2kg,Grains & Staples,5,"₦1,930.00",0,Transfer
RCPT-102066,TXN102066,2026-06-11,09:02:00,Ikeja Branch,TILL-02,Amaka Eze,+2348618094577,SKU1009,Cowbell Milk Powder 360g,Dairy,1,1980,0,Transfer
RCPT-100320,TXN100320,2026-06-15,18:00:00,MiniMart Express - Yaba,TILL-03,Segun Adeyemi,08182429842,SKU1019,Titus Sardine 125g,Canned Foods,1,800,0,Card
RCPT-101810,TXN101810,2026-07-28,10:05:00, Yaba,TILL-02,Fatima Bello,,SKU1029,Dano Milk Powder 400g,Dairy,3,2760,0,Card
RCPT-102454,TXN102454,2026-03-08,21:36:00,Yaba Branch,TILL-02,Blessing Nwosu,+2347837860351,SKU1007,Gala Sausage Roll,Snacks,242,250,0,ussd
RCPT-101561,TXN101561,2026-03-19,12:48:00,MiniMart Express - Yaba,TILL-02,Segun Adeyemi,08599726209,SKU1019,Titus Sardine 125g,Canned Foods,3,790,0,Cash
RCPT-101482,TXN101482,2026-06-28,20:00:00,IKEJA,TILL-01,Blessing Nwosu,,SKU1007,Gala Sausage Roll,Snacks,5,250,0,pos
RCPT-100759,TXN100759,2026-05-28,09:00:00,Surulere Branch,TILL-01,Tunde Bakare,,SKU1003,Golden Morn 500g,Grains & Staples,1,1330,15,Cash
RCPT-101367,TXN101367,2026-06-26,13:00:00,Surulere Branch,TILL-01,Segun Adeyemi,,SKU1013,Omo Detergent 900g,Household,-1,1710,0,POS
RCPT-100706,TXN100706,2026-04-27,15:59:00,Ikeja Branch,TILL-02,Emeka Obi,,SKU1008,Milo 400g,Beverages,2,2290,0,POS Card
RCPT-101980,TXN101980,2026-06-10,09:01 AM,Ikeja Branch,TILL-01,Segun Adeyemi,+2347067062656,SKU1027,Amstel Malta 33cl,,5,370,0,Cash
RCPT-101170,TXN101170,2026-04-11,08:54 PM,SURULERE,TILL-01,Emeka Obi,08139490514,SKU1026,Chivita Juice 1L,Beverages,4,1200,10,pos
RCPT-100127,TXN100127,11-06-2026,08:41:00, Yaba,TILL-02,Blessing Nwosu,,SKU1027,Amstel Malta 33cl,Beverages,1,420,0,pos
RCPT-101143,TXN101143,03/16/2026,18:06:00,IKEJA,TILL-01,Amaka Eze,2347452694511,SKU1028,Semovita 2kg,Grains & Staples,3,"₦2,040.00",0,Transfer
RCPT-102484,TXN102484,26/07/2026,10:42:00,Yaba Branch,TILL-03,Segun Adeyemi,08677445938,SKU1009,Cowbell Milk Powder 360g,Dairy,2,1930,0,POS Card
RCPT-101253,TXN101253,2026-03-20,19:36:00,Ikeja Branch,TILL-01,Fatima Bello,+2347327343003,SKU1004,DANGOTE SUGAR 1KG ,Grains & Staples,1,1140,0,POS
RCPT-101825,TXN101825,2026-04-29,16:25:00,Yaba Branch,TILL-03,Segun Adeyemi,2347502376620,SKU1009,Cowbell Milk Powder 360g,Dairy,2,2000,0,ussd
RCPT-101098,TXN101098,2026-03-28,18:57:00,MiniMart Express - Yaba,TILL-01,Amaka Eze,,SKU1016,Eva Water 75cl,Beverages,3,190,0,POS Card
RCPT-100736,TXN100736,2026-03-14,17:55:00,MiniMart Express - Yaba,TILL-02,Fatima Bello,08055803188,SKU1014,Dettol Soap 65g,Personal Care,1,320,0,POS Card
RCPT-101423,TXN101423,2026-05-14,18:22:00, Yaba,TILL-03,Emeka Obi,,SKU1014,Dettol Soap 65g,Personal Care,1,360,0,Card
RCPT-101340,TXN101340,08/06/2026,07:44:00,IKEJA,TILL-01,Ibrahim Musa,,SKU1008,Milo 400g,Beverages,4,"2,080.00",0,POS Card
RCPT-100306,TXN100306,2026-06-05,19:25:00,minimart express-ikeja ,TILL-02,Tunde Bakare,,SKU1015,Close Up Toothpaste 140ml,Personal Care,1,930,0,Cash
RCPT-102463,TXN102463,2026-03-02,18:22:00,Ikeja Branch,TILL-02,Fatima Bello,2347008983035,SKU1030,Nasco Cornflakes 500g,Grains & Staples,2,1790,0,POS Card
RCPT-100808,TXN100808,2026-03-05,06:56 PM,YABA,TILL-02,Segun Adeyemi,2348812516726,SKU1017,La Casera 50cl,Beverages,4,380,5,Bank Transfer
RCPT-101441,TXN101441,2026-04-11,20:47:00,Surulere Branch,TILL-01,Amaka Eze,+2347498382225,SKU1027,Amstel Malta 33cl,Beverages,1,420,0,ussd
RCPT-100187,TXN100187,2026-04-27,17:03:00,Yaba Branch,TILL-01,Ibrahim Musa,8984003461,SKU1030,Nasco Cornflakes 500g,Grains & Staples,2,1960,0,CASH
RCPT-100773,TXN100773,25/04/2026,17:15:00,YABA,TILL-02,Fatima Bello,+2348736919121,SKU1013,Omo Detergent 900g,Household,1,1570,0,CASH
RCPT-101800,TXN101800,2026-04-09,12:20:00,Ikeja Branch,TILL-01,Chidinma Okafor,,SKU1019,Titus Sardine 125g,Canned Foods,1,700,0,USSD
RCPT-101448,TXN101448,2026-05-06,18:00:00,MiniMart Express - Surulere,TILL-01,Tunde Bakare,,SKU1019,Titus Sardine 125g,Canned Foods,1,630,0,Cash
RCPT-102556,TXN102556,2026-05-24,12:10:00,SURULERE,TILL-01,Chidinma Okafor,,SKU1001,Indomie Noodles 70g,Grains & Staples,1,140,0,Cash
RCPT-100926,TXN100926,2026-05-15,18:25:00,MiniMart Express - Surulere,TILL-01,Amaka Eze,,SKU1027,Amstel Malta 33cl,Beverages,2,,0,Card
RCPT-100585,TXN100585,2026-07-13,10:15:00,MiniMart Express - Surulere,TILL-01,Tunde Bakare,,SKU1018,Maltina 33cl,Beverages,1,440,0,Cash
RCPT-101064,TXN101064,2026-04-14,18:53:00,IKEJA,TILL-01,Amaka Eze,,SKU1022,Knorr Chicken Cubes (pack),Grains & Staples,2,290,0,Cash
RCPT-100551,TXN100551,2026-07-12,09:00 AM,Ikeja Branch,TILL-01,Emeka Obi,+2347799920353,SKU1009,Cowbell Milk Powder 360g,Dairy,3,"₦2,070.00",0,ATM Card
RCPT-102400,TXN102400,2026-07-10,14:04:00,YABA,TILL-02,Amaka Eze,,SKU1024,"Pampers Diapers (pack, medium)",Baby Products,1,4940,0,CASH
RCPT-101416,TXN101416,07/03/2026,20:40:00, Yaba,TILL-01,Amaka Eze,+2347331538075,SKU1006,Bigi Cola 50cl,Beverages,1,380,0,POS Card
RCPT-101779,TXN101779,2026-03-19,13:50:00,SURULERE,TILL-01,Blessing Nwosu,,SKU1019,Titus Sardine 125g,Canned Foods,1,710,0,Transfer
RCPT-101704,TXN101704,31/07/2026,08:33:00,MiniMart Express - Surulere,TILL-01,Blessing Nwosu,,SKU1012,Kings Vegetable Oil 1L,Grains & Staples,2,2970,0,Card
RCPT-100039,TXN100039,2026-03-19,14:43:00,Ikeja Branch,TILL-01,Segun Adeyemi,,SKU1018,Maltina 33cl,Beverages,3,440.00,0,Cash
RCPT-102314,TXN102314,2026-04-23,10:02:00,SURULERE,TILL-01,Amaka Eze,,SKU1012,Kings Vegetable Oil 1L,Grains & Staples,-1,"₦2,780.00",0,USSD
RCPT-101586,TXN101586,06/03/2026,16:53:00, Yaba,TILL-02,Ibrahim Musa,7117356279,SKU1009,Cowbell Milk Powder 360g,Dairy,4,,0,POS
RCPT-100736,TXN100736,2026-03-14,17:55:00,Yaba Branch,TILL-02,Fatima Bello,08055803188,SKU1030,Nasco Cornflakes 500g,Grains & Staples,1,1890,0,POS Card
RCPT-102422,TXN102422,2026-06-08,08:40:00,MiniMart Express - Surulere,TILL-01,Ibrahim Musa,,SKU1019,Titus Sardine 125g,Canned Foods,4,770,0,Cash
RCPT-100654,TXN100654,2026-06-19,08:11 AM,Ikeja Branch,TILL-01,Blessing Nwosu,,SKU1026,Chivita Juice 1L,,2,1470,0,pos
RCPT-101295,TXN101295,2026-03-04,08:39:00,SURULERE,TILL-01,Emeka Obi,2348394546586,SKU1016,Eva Water 75cl,Beverages,1,₦210.00,0,CASH
RCPT-100963,TXN100963,25-06-2026,18:54:00,IKEJA,TILL-01,Blessing Nwosu,,SKU1002,peak milk evaporated170g,Dairy,2,730,0,Bank Transfer
RCPT-101417,TXN101417,2026-05-15,19:49:00,Yaba Branch,TILL-01,Fatima Bello,2347647926389,SKU1025,Tom Tom Sweet (pack),Snacks,4,270,5,Cash
RCPT-101038,TXN101038,2026-07-07,18:33:00,SURULERE,TILL-01,Ibrahim Musa,,SKU1012,Kings Vegetable Oil 1L,Grains & Staples,1,2910,10,Cash
RCPT-100330,TXN100330,2026-03-06,10:18:00,MiniMart Express - Yaba,TILL-03,Ibrahim Musa,,SKU1028,Semovita 2kg,Grains & Staples,1,2230,0,pos
RCPT-101075,TXN101075,2026-07-15,08:17:00,YABA,TILL-03,Emeka Obi,,SKU1021,Bournvita 500g,Beverages,2,"₦2,230.00",0,Cash
RCPT-100989,TXN100989,2026-05-29,16:19:00,MiniMart Express - Ikeja,TILL-01,Ibrahim Musa,,SKU1011,Honeywell Semolina 2kg,Grains & Staples,1,2150,0,Bank Transfer
RCPT-100623,TXN100623,2026-07-22,17:19:00,IKEJA,TILL-01,Tunde Bakare,,SKU1006,Bigi Cola 50cl,BEVERAGES,5,330,0,ussd
RCPT-100672,TXN100672,2026-07-28,10:20:00,SURULERE,TILL-01,Segun Adeyemi,09087866902,SKU1024,"Pampers Diapers (pack, medium)",Baby Products,3,5090,0,transfer
RCPT-101302,TXN101302,02-07-2026,19:47:00,SURULERE,TILL-01,Chidinma Okafor,,SKU1015,Close Up Toothpaste 140ml,Personal Care,4,890,0,POS Card
RCPT-101932,TXN101932,05/18/2026,08:49:00,MiniMart Express - Surulere,TILL-01,Segun Adeyemi,+2348813834716,SKU1018,Maltina 33cl,Beverages,1,490,0,POS Card
RCPT-101033,TXN101033,18-03-2026,19:29:00,SURULERE,TILL-01,Emeka Obi,+2348276811566,SKU1015,Close Up Toothpaste 140ml,Personal Care,1,820,0,Cash
RCPT-100885,TXN100885,2026-07-23,12:01:00,Ikeja Branch,TILL-01,Segun Adeyemi,,SKU1015,Close Up Toothpaste 140ml,Personal Care,3,1000,0,Cash
RCPT-100564,TXN100564,2026-07-18,19:33:00,MiniMart Express - Yaba,TILL-01,Ibrahim Musa,,SKU1022,Knorr Chicken Cubes (pack),Grains & Staples,4,270,0,CASH
RCPT-102025,TXN102025,05/22/2026,19:15:00, Yaba,TILL-03,Fatima Bello,,SKU1015,Close Up Toothpaste 140ml,Personal Care,2,₦910.00,0,transfer
RCPT-100354,TXN100354,04/18/2026,19:08:00,SURULERE,TILL-01,Amaka Eze,,SKU1010,Mama Gold Rice5kg,Grains & Staples,2,"₦6,240.00",5,Cash
RCPT-100174,TXN100174,2026-05-04,11:52:00, Yaba,TILL-01,Segun Adeyemi,07704198449,SKU1001,Indomie Noodles 70g,Grains & Staples,2,,0,Bank Transfer
RCPT-100609,TXN100609,2026-07-25,08:51:00,Surulere Branch,TILL-01,Amaka Eze,,SKU1021,Bournvita 500g,Beverages,1,"₦2,500.00",15,USSD
RCPT-100455,TXN100455,07/19/2026,09:07:00,MiniMart Express - Yaba,TILL-03,Fatima Bello,,SKU1027,Amstel Malta 33cl,,3,400,0,POS Card
RCPT-102424,TXN102424,2026-05-25,19:04:00,MiniMart Express - Ikeja,TILL-01,Amaka Eze,,SKU1009,Cowbell Milk Powder 360g,Dairy,1,,0,Bank Transfer
RCPT-102164,TXN102164,2026-07-11,12:21:00,MiniMart Express - Ikeja,TILL-01,Segun Adeyemi,+2347466893329,SKU1029,Dano Milk Powder 400g,,4,3120,15,Cash
RCPT-101837,TXN101837,2026-07-05,18:50:00,minimart express-ikeja ,TILL-02,Chidinma Okafor,,SKU1021,Bournvita 500g,Beverages,3,2490,0,POS Card
RCPT-101055,TXN101055,2026-04-11,12:01:00, Yaba,TILL-01,Fatima Bello,2347599425502,SKU1016,Eva Water 75cl,Beverages,2,180.00,0,Cash
RCPT-101430,TXN101430,2026-07-20,09:59 AM,YABA,TILL-01,Fatima Bello,7927923648,SKU1027,Amstel Malta 33cl,Beverages,3,460,0,Bank Transfer
RCPT-101617,TXN101617,2026-07-30,11:22 AM,MiniMart Express - Yaba,TILL-02,Emeka Obi,,SKU1010,Mama Gold Rice5kg,Grains & Staples,1,6700,0,Bank Transfer
RCPT-101119,TXN101119,2026-03-31,10:45:00,MiniMart Express - Yaba,TILL-03,Ibrahim Musa,2 3 4 8 7 8 9 3 1 4 4 2 8,SKU1001,Indomie Noodle 70g,Grains & Staples,2,150,0,POS Card
RCPT-101597,TXN101597,2026-05-03,21:12:00,MiniMart Express - Ikeja,TILL-01,Blessing Nwosu,7831320758,SKU1010,Mama Gold Rice 5kg,Grains & Staples,1,7070,0,pos
RCPT-101731,TXN101731,2026-05-14,16:41:00,MiniMart Express - Yaba,TILL-01,Blessing Nwosu,,SKU1001,Indomie Noodle 70g,Grains & Staples,2,170.00,5,Cash
RCPT-101917,TXN101917,2026-07-10,11:03:00,minimart express-ikeja ,TILL-01,Amaka Eze,09089314030,SKU1016,Eva Water 75cl,Beverages,2,230,0,cash
RCPT-100950,TXN100950,2026-05-18,12:41:00,minimart express-ikeja ,TILL-01,Chidinma Okafor,,SKU1008,Milo 400g,Beverages,1,2160,0,Bank Transfer
RCPT-101441,TXN101441,2026-04-11,20:47:00,Surulere Branch,TILL-01,Amaka Eze,+2347498382225,SKU1005,COCA COLA 50CL,Beverages,1,440,0,ussd
RCPT-101733,TXN101733,2026-03-02,16:47:00,MiniMart Express - Yaba,TILL-02,Blessing Nwosu,2347491702222,SKU1014,Dettol Soap 65g,Personal Care,4,₦360.00,0,Bank Transfer
RCPT-101466,TXN101466,02/07/2026,07:39:00, Yaba,TILL-03,Amaka Eze,,SKU1030,Nasco Cornflakes 500g,Grains & Staples,3,2110,0,USSD
RCPT-100657,TXN100657,2026-03-08,18:09:00,YABA,TILL-03,Fatima Bello,,SKU1018,Maltina 33cl,Beverages,3,,0,ussd
RCPT-102385,TXN102385,2026-07-20,12:16:00,IKEJA,TILL-02,Emeka Obi,,SKU1016,Eva Water 75cl,Beverages,2,180,0,Cash
RCPT-101361,TXN101361,2026-04-26,10:38:00,YABA,TILL-03,Ibrahim Musa,+2347164158199,SKU1030,Nasco Cornflakes 500g,Grains & Staples,4,"2,100.00",0,Card
RCPT-100850,TXN100850,2026-07-31,07:49:00,IKEJA,TILL-01,Amaka Eze,,SKU1010,MAMA GOLD RICE 5KG,Grains & Staples,4,7330,0,Cash
RCPT-100758,TXN100758,2026-04-29,15:07:00,Ikeja Branch,TILL-01,Fatima Bello,07891109886,SKU1020,Cerelac Infant Cereal 400g,Baby Products,1,3640,0,transfer
RCPT-101195,TXN101195,2026-03-03,10:50:00,MiniMart Express - Surulere,TILL-01,Amaka Eze,,SKU1028,Semovita 2kg,Grains & Staples,3,2130,0,POS Card
RCPT-100303,TXN100303,2026-04-07,11:47:00,minimart express-ikeja ,TILL-01,Ibrahim Musa,+2347027238751,SKU1009,Cowbell Milk Powder 360g,Dairy,2,"1,980.00",0,Cash
RCPT-101024,TXN101024,2026-05-10,10:15 AM,IKEJA,TILL-01,Tunde Bakare,,SKU1006,Bigi Cola 50cl,Beverages,1,₦350.00,0,USSD
RCPT-101063,TXN101063,06-05-2026,16:56:00,Yaba Branch,TILL-02,Ibrahim Musa,,SKU1007,Gala Sausage Roll,Snacks,4,250,0,POS Card
RCPT-101755,TXN101755,29-03-2026,09:57:00,SURULERE,TILL-01,Amaka Eze,,SKU1018,Maltina 33cl,Beverages,2,₦460.00,0,POS Card
RCPT-101707,TXN101707,2026-05-22,14:38:00,minimart express-ikeja ,TILL-02,Chidinma Okafor,2348478910656,SKU1017,La Casera 50cl,Beverages,1,360,0,Bank Transfer
RCPT-100050,TXN100050,2026-03-05,07:35:00,Surulere Branch,TILL-01,Emeka Obi,,SKU1010,MAMA GOLD RICE 5KG,Grains & Staples,2,7460,10,Cash
RCPT-100605,TXN100605,2026-05-19,20:33:00,Ikeja Branch,TILL-02,Segun Adeyemi,7825153724,SKU1011,Honeywell Semolina 2kg,Grains & Staples,4,2600,0,ussd
RCPT-100573,TXN100573,06/05/2026,16:46:00,MiniMart Express - Yaba,TILL-02,Blessing Nwosu,07525766182,SKU1011,Honeywell Semolina 2kg,Grains & Staples,2,,0,POS Card
RCPT-100630,TXN100630,23-05-2026,13:26:00,Ikeja Branch,TILL-01,Tunde Bakare,,SKU1009,Cowbell Milk Powder 360g,Dairy,3,"₦1,720.00",0,Card
RCPT-102500,TXN102500,2026-04-09,16:21:00,minimart express-ikeja ,TILL-02,Amaka Eze,,SKU1003,Golden Morn 500g,Grains & Staples,1,"1,490.00",0,Cash
RCPT-101806,TXN101806,2026-05-20,20:17:00,YABA,TILL-02,Amaka Eze,,SKU1019,Titus Sardine 125g,Canned Foods,5,730,0,USSD
RCPT-100683,TXN100683,28-05-2026,19:49:00,Surulere Branch,TILL-01,Fatima Bello,,SKU1011,Honeywell Semolina 2kg,Grains & Staples,1,2300,0,Bank Transfer
RCPT-101030,TXN101030,16-03-2026,07:04:00,MiniMart Express - Surulere,TILL-01,Tunde Bakare,,SKU1001,Indomie Noodle 70g,Grains & Staples,1,160,0,Cash
RCPT-101101,TXN101101,2026-07-17,21:38:00,MiniMart Express - Yaba,TILL-03,Fatima Bello,+ 2 3 4 7 7 7 3 4 5 1 1 6 0,SKU1011,Honeywell Semolina 2kg,Grains & Staples,2,2500,0,Cash
RCPT-100975,TXN100975,2026-06-13,13:42:00,SURULERE,TILL-01,Segun Adeyemi,+2347491448155,SKU1009,Cowbell Milk Powder 360g,Dairy,1,1930,0,Cash
RCPT-101833,TXN101833,05/31/2026,10:19 AM,MiniMart Express - Yaba,TILL-03,Amaka Eze,,SKU1004,Dangote sugar 1Kg,Grains & Staples,3,1140,0,POS Card
RCPT-102087,TXN102087,2026-07-19,08:50:00,MiniMart Express - Yaba,TILL-03,Tunde Bakare,,SKU1001, Indomie Noodles 70g ,GRAINS & STAPLES,1,170,0,Bank Transfer
RCPT-101257,TXN101257,2026-06-04,14:04:00,minimart express-ikeja ,TILL-01,Tunde Bakare,2347231177856,SKU1023,Ariel Detergent 900g,Household,1,1810,0,Bank Transfer
RCPT-102484,TXN102484,2026-07-26,10:42:00,Yaba Branch,TILL-03,Segun Adeyemi,08677445938,SKU1012,Kings Vegetable Oil 1L,Grains & Staples,1,2730,0,POS Card
RCPT-100589,TXN100589,19-06-2026,15:42:00,IKEJA,TILL-02,Ibrahim Musa,,SKU1006,Bigi Cola 50cl,Beverages,1,360,0,POS Card
RCPT-100248,TXN100248,04/11/2026,13:33:00,YABA,TILL-02,Amaka Eze,2348192386477,SKU1026,Chivita Juice 1L,Beverages,1,1300,0,Cash
RCPT-100912,TXN100912,2026-04-03,12:43:00,MiniMart Express - Ikeja,TILL-02,Amaka Eze,,SKU1022,Knorr Chicken Cubes (pack),Grains & Staples,1,330,0,pos
RCPT-100037,TXN100037,2026-06-01,13:36:00,MiniMart Express - Ikeja,TILL-01,Segun Adeyemi,,SKU1015,Close Up Toothpaste 140ml,Personal Care,2,910,0,Cash
RCPT-100043,TXN100043,2026-04-27,20:19:00,MiniMart Express - Ikeja,TILL-02,Blessing Nwosu,8804477544,SKU1026,Chivita Juice 1L,Beverages,2,1430,0,POS Card
RCPT-100347,TXN100347,2026-03-04,12:00:00,MiniMart Express - Ikeja,TILL-02,Amaka Eze,,SKU1006,Bigi Cola 50cl,Beverages,1,320,0,Cash
RCPT-102460,TXN102460,21/07/2026,10:10:00,SURULERE,TILL-01,Tunde Bakare,+2347049463709,SKU1020,Cerelac Infant Cereal 400g,Baby Products,1,"₦3,670.00",0,cash
RCPT-100655,TXN100655,2026-06-17,18:42:00,YABA,TILL-02,Ibrahim Musa,,SKU1026,Chivita Juice 1L,Beverages,2,1270,0,Cash
RCPT-100726,TXN100726,2026-05-12,11:39:00,Ikeja Branch,TILL-01,Chidinma Okafor,,SKU1012,Kings Vegetable Oil 1L,Grains & Staples,3,"2,790.00",0,CASH
RCPT-101004,TXN101004,21/05/2026,18:14:00,SURULERE,TILL-01,Amaka Eze,+2348041653911,SKU1020,Cerelac Infant Cereal 400g,Baby Products,3,3600,0,USSD
RCPT-101343,TXN101343,2026-04-11,09:52:00,MiniMart Express - Ikeja,TILL-02,Tunde Bakare,2348226130509,SKU1024,"Pampers Diapers (pack, medium)",,3,5100,0,USSD
RCPT-102120,TXN102120,2026-03-13,20:51:00,minimart express-ikeja ,TILL-01,Ibrahim Musa,,SKU1016,Eva Water 75cl,Beverages,1,220,0,POS Card
RCPT-102252,TXN102252,31/07/2026,10:50:00,IKEJA,TILL-01,Blessing Nwosu,,SKU1001,Indomie Noodles 70g,Grains & Staples,1,140,0,Cash
RCPT-101977,TXN101977,2026-04-17,19:30:00,SURULERE,TILL-01,Blessing Nwosu,,SKU1002,Peak Milk Evap 170g,Dairy,1,670,0,pos
RCPT-102011,TXN102011,2026-03-21,01:23 PM,SURULERE,TILL-01,Fatima Bello,0 8 5 3 4 7 6 8 1 4 0,SKU1030,Nasco Cornflakes 500g,Grains & Staples,2,1920,0,Cash
RCPT-101595,TXN101595,2026-05-07,20:26:00,MiniMart Express - Surulere,TILL-01,Ibrahim Musa,,SKU1011,Honeywell Semolina 2kg,Grains & Staples,1,"2,180.00",0,cash
RCPT-101263,TXN101263,2026-05-27,07:02:00,MiniMart Express - Surulere,TILL-01,Ibrahim Musa,,SKU1019,Titus Sardine 125g,Canned Foods,1,790.00,5,POS
RCPT-102441,TXN102441,2026-06-16,08:51:00,MiniMart Express - Yaba,TILL-02,Blessing Nwosu,,SKU1029,Dano Milk Powder 400g,Dairy,3,3050,0,Cash
RCPT-100948,TXN100948,2026-04-01,08:47:00,SURULERE,TILL-01,Fatima Bello,0 8 1 8 7 4 0 4 7 3 6,SKU1029,Dano Milk Powder 400g,Dairy,3,"₦3,070.00",0,Cash
RCPT-101736,TXN101736,2026-07-16,19:38:00,SURULERE,TILL-01,Emeka Obi,8271897167,SKU1020,Cerelac Infant Cereal 400g,Baby Products,2,3140,0,Cash
RCPT-100066,TXN100066,2026-03-24,10:43 AM,MiniMart Express - Yaba,TILL-02,Tunde Bakare,,SKU1027,Amstel Malta 33cl,Beverages,1,370,0,Bank Transfer
RCPT-100596,TXN100596,14/05/2026,02:30 PM,minimart express-ikeja ,TILL-02,Fatima Bello,,SKU1022,Knorr Chicken Cubes (pack),,1,300,0,POS
RCPT-100895,TXN100895,21/06/2026,15:06:00,Ikeja Branch,TILL-02,Segun Adeyemi,,SKU1011,Honeywell Semolina 2kg,Grains & Staples,2,2260,0,POS Card
RCPT-100761,TXN100761,2026-04-16,11:41:00,MiniMart Express - Ikeja,TILL-02,Segun Adeyemi,+2348457937827,SKU1026,Chivita Juice 1L,Beverages,4,"₦1,430.00",0,Cash
RCPT-101056,TXN101056,2026-06-07,19:30:00,Ikeja Branch,TILL-01,Chidinma Okafor,,SKU1015,Close Up Toothpaste 140ml,Personal Care,5,850,0,Cash
RCPT-100226,TXN100226,2026-07-20,13:46:00,Surulere Branch,TILL-01,,7739971807,SKU1006,Bigi Cola 50cl,Beverages,2,,0,Bank Transfer
RCPT-102376,TXN102376,2026-07-21,12:43:00,MiniMart Express - Surulere,TILL-01,Chidinma Okafor,,SKU1014,Dettol Soap 65g,Personal Care,1,320,0,Transfer
RCPT-102527,TXN102527,2026-05-16,10:29:00,Ikeja Branch,TILL-02,Tunde Bakare,+2348929609507,SKU1020,Cerelac Infant Cereal 400g,Baby Products,3,"₦3,290.00",0,Cash
RCPT-100209,TXN100209,20-03-2026,15:23:00,MiniMart Express - Yaba,TILL-01,Tunde Bakare,+2347537556539,SKU1021,Bournvita 500g,Beverages,1,2260,0,Cash
RCPT-101038,TXN101038,2026-07-07,18:33:00,MiniMart Express - Surulere,TILL-01,Ibrahim Musa,,SKU1021,Bournvita 500g,Beverages,1,"₦2,330.00",0,Cash
RCPT-102111,TXN102111,2026-05-03,17:52:00,Ikeja Branch,TILL-02,Ibrahim Musa,2348481429394,SKU1027,Amstel Malta 33cl,BEVERAGES,1,450,0,cash
RCPT-101904,TXN101904,07/22/2026,11:17 AM,MiniMart Express - Yaba,TILL-01,Segun Adeyemi,2348175322192,SKU1024,"Pampers Diapers (pack, medium)",Baby Products,1,4820,0,Transfer
RCPT-101310,TXN101310,06/26/2026,18:25:00,IKEJA,TILL-01,Blessing Nwosu,,SKU1030,Nasco Cornflakes 500g,GRAINS & STAPLES,4,1830,0,Cash
RCPT-100016,TXN100016,2026-07-11,20:05:00,Surulere Branch,TILL-01,Chidinma Okafor,,SKU1023,Ariel Detergent 900g,Household,1,"1,910.00",0,POS Card
RCPT-102151,TXN102151,2026-04-12,09:08:00,SURULERE,TILL-01,Segun Adeyemi,,SKU1010,Mama Gold Rice 5kg,Grains & Staples,1,"₦6,870.00",0,Transfer
RCPT-102174,TXN102174,07/29/2026,09:20 AM,Ikeja Branch,TILL-01,Fatima Bello,+2347355525443,SKU1020,Cerelac Infant Cereal 400g,Baby Products,3,3170,0,ATM Card
RCPT-102316,TXN102316,2026-05-05,11:24:00,Surulere Branch,TILL-01,Chidinma Okafor,,SKU1016,Eva Water 75cl,,1,180,0,POS Card
RCPT-102342,TXN102342,07/07/2026,17:58:00,Yaba Branch,TILL-01,Chidinma Okafor,,SKU1012,Kings Vegetable Oil 1L,Grains & Staples,2,2470,0,Cash
RCPT-102571,TXN102571,2026-07-02,13:59:00,MiniMart Express - Surulere,TILL-01,Ibrahim Musa,,SKU1003,Golden Morn 500g,Grains & Staples,2,1380,0,Bank Transfer
RCPT-101690,TXN101690,2026-06-28,16:32:00,Surulere Branch,TILL-01,Chidinma Okafor,+2347307715305,SKU1023,Ariel Detergent 900g,Household,1,"1,580.00",0,Bank Transfer
RCPT-102499,TXN102499,07/20/2026,09:49:00, Yaba,TILL-03,Emeka Obi,7965155017,SKU1012,Kings Vegetable Oil 1L,Grains & Staples,1,2380,0,POS Card
RCPT-101044,TXN101044,2026-07-02,12:16:00, Yaba,TILL-01,Amaka Eze,,SKU1006,Bigi Cola 50cl,Beverages,4,350,0,pos
RCPT-102039,TXN102039,25-05-2026,20:19:00,Surulere Branch,TILL-01,Ibrahim Musa,,SKU1027,Amstel Malta 33cl,Beverages,2,₦440.00,0,ATM Card
RCPT-100591,TXN100591,17-05-2026,19:23:00,IKEJA,TILL-02,Emeka Obi,7 2 5 7 8 5 8 2 6 0,SKU1030,Nasco Cornflakes 500g,Grains & Staples,1,2090,0,Bank Transfer
RCPT-101589,TXN101589,2026-07-29,18:03:00,MiniMart Express - Yaba,TILL-01,Ibrahim Musa,7 3 1 5 0 7 3 1 9 3,SKU1016,Eva Water 75cl,Beverages,4,,0,pos
RCPT-101275,TXN101275,2026-05-17,19:20:00,Surulere Branch,TILL-01,Fatima Bello,,SKU1017,La Casera 50cl,Beverages,3,,0,Card
RCPT-102525,TXN102525,06/16/2026,17:38:00,MiniMart Express - Surulere,TILL-01,Blessing Nwosu,08759244184,SKU1002,Peak Milk Evap 170g,Dairy,1,630,0,Bank Transfer
RCPT-100262,TXN100262,2026-06-28,11:23:00,Ikeja Branch,TILL-01,Segun Adeyemi,,SKU1020,Cerelac Infant Cereal 400g,Baby Products,3,3330,0,Bank Transfer
RCPT-100667,TXN100667,27-07-2026,15:58:00,Surulere Branch,TILL-01,Chidinma Okafor,,SKU1008,Milo 400g,Beverages,3,2370,0,ATM Card
RCPT-101543,TXN101543,2026-06-17,19:41:00,Yaba Branch,TILL-02,Emeka Obi,,SKU1005,Coke 50cl,Beverages,5,430,0,ussd
RCPT-100160,TXN100160,2026-07-05,11:13:00,Yaba Branch,TILL-01,Fatima Bello,2347047019442,SKU1026,Chivita Juice 1L,Beverages,3,1260,0,Cash
RCPT-100985,TXN100985,2026-07-15,14:18:00, Yaba,TILL-01,Blessing Nwosu,,SKU1022,Knorr Chicken Cubes (pack),Grains & Staples,1,280,0,cash
RCPT-100518,TXN100518,06/30/2026,19:39:00,Surulere Branch,TILL-01,Tunde Bakare,,SKU1027,Amstel Malta 33cl,Beverages,1,400,0,Cash
RCPT-101772,TXN101772,2026-07-28,15:27:00,Yaba Branch,TILL-03,Emeka Obi,,SKU1011,Honeywell Semolina 2kg,,1,2210,0,POS Card
RCPT-100193,TXN100193,2026-05-11,18:55:00,Surulere Branch,TILL-01,Ibrahim Musa,,SKU1014,Dettol Soap 65g,Personal Care,3,370.00,0,Bank Transfer
RCPT-101797,TXN101797,2026-05-14,07:15:00,YABA,TILL-01,Amaka Eze,,SKU1024,"Pampers Diapers (pack, medium)",Baby Products,3,"₦4,580.00",0,Cash
RCPT-101313,TXN101313,2026-03-31,20:19:00,minimart express-ikeja ,TILL-02,Blessing Nwosu,,SKU1023,Ariel Detergent 900g,,2,1720,0,Cash
RCPT-101765,TXN101765,2026-06-30,14:41:00,IKEJA,TILL-02,Fatima Bello,07113914332,SKU1026,Chivita Juice 1L,Beverages,2,,0,transfer
RCPT-100110,TXN100110,2026-06-29,07:13:00,IKEJA,TILL-02,Emeka Obi,2347544419219,SKU1019,Titus Sardine 125g,Canned Foods,2,660,0,Card
RCPT-100741,TXN100741,2026-07-05,09:09 PM, Yaba,TILL-01,Chidinma Okafor,,SKU1009,Cowbell Milk Powder 360g,Dairy,3,2060,0,POS Card
RCPT-102164,TXN102164,2026-07-11,12:21 PM,Ikeja Branch,TILL-01,Segun Adeyemi,+2347466893329,SKU1027,Amstel Malta 33cl,Beverages,1,420,0,Cash
RCPT-101749,TXN101749,2026-04-25,11:50:00,MiniMart Express - Ikeja,TILL-01,Amaka Eze,,SKU1025,Tom Tom Sweet (pack),Snacks,1,300,0,pos
RCPT-101102,TXN101102,17-05-2026,18:13:00,IKEJA,TILL-02,Chidinma Okafor,,SKU1003,Golden Morn 500g,Grains & Staples,2,"1,650.00",0,POS Card
RCPT-100219,TXN100219,2026-07-08,14:03:00,minimart express-ikeja ,TILL-02,Chidinma Okafor,7767787345,SKU1020,Cerelac Infant Cereal 400g,Baby Products,2,2990,0,transfer
RCPT-100494,TXN100494,2026-05-13,18:38:00,IKEJA,TILL-01,Segun Adeyemi,,SKU1017,La Casera 50cl,Beverages,1,350,0,CASH
RCPT-101304,TXN101304,30-03-2026,21:33:00,minimart express-ikeja ,TILL-02,Amaka Eze,2349029058734,SKU1007,Gala Sausage Roll,Snacks,1,₦240.00,0,CASH
RCPT-102401,TXN102401,2026-04-23,18:22:00,MiniMart Express - Ikeja,TILL-01,Amaka Eze,2347812108946,SKU1010,Mama Gold Rice 5kg,Grains & Staples,3,7360,0,POS
RCPT-102564,TXN102564,2026-05-10,18:34:00, Yaba,TILL-01,,,SKU1024,"Pampers Diapers (pack, medium)",Baby Products,2,4240,5,USSD
RCPT-102588,TXN102588,2026-03-13,12:27:00,minimart express-ikeja ,TILL-01,Chidinma Okafor,,SKU1008,Milo 400g,Beverages,5,2130,0,Cash
RCPT-101500,TXN101500,2026-04-26,17:03:00,IKEJA,TILL-01,Amaka Eze,+2348927880007,SKU1022,Knorr Chicken Cubes (pack),Grains & Staples,1,310.00,0,ussd
RCPT-102238,TXN102238,2026-05-23,08:47:00,MiniMart Express - Surulere,TILL-01,Blessing Nwosu,+2348425396932,SKU1020,Cerelac Infant Cereal 400g,Baby Products,2,3510,0,Transfer
RCPT-101158,TXN101158,2026-04-02,21:45:00,Ikeja Branch,TILL-01,Ibrahim Musa,8405044063,SKU1012,Kings Vegetable Oil 1L,Grains & Staples,1,2370,0,transfer
RCPT-101474,TXN101474,06/04/2026,14:56:00,YABA,TILL-01,Segun Adeyemi,+2349073628387,SKU1014,Dettol Soap 65g,Personal Care,1,330.00,0,Transfer
RCPT-101031,TXN101031,2026-05-19,17:53:00,Yaba Branch,TILL-01,Chidinma Okafor,,SKU1013,Omo Detergent 900g,Household,-2,1590,0,Bank Transfer
RCPT-100926,TXN100926,05/15/2026,18:25:00,Surulere Branch,TILL-01,Amaka Eze,,SKU1021,Bournvita 500g,Beverages,4,"₦2,520.00",0,Card
RCPT-100243,TXN100243,2026-05-10,04:44 PM,Ikeja Branch,TILL-02,Chidinma Okafor,,SKU1027,Amstel Malta 33cl,Beverages,1,₦370.00,0,Cash
RCPT-101400,TXN101400,03/11/2026,10:03:00,MiniMart Express - Ikeja,TILL-02,Emeka Obi,7631138883,SKU1008,Milo 400g,Beverages,4,1950,0,Cash
RCPT-101097,TXN101097,14-06-2026,10:05:00,YABA,TILL-02,Ibrahim Musa,+2347495820513,SKU1010,MAMA GOLD RICE 5KG,Grains & Staples,1,6670,0,POS Card
RCPT-100413,TXN100413,2026-04-14,09:30:00, Yaba,TILL-01,Chidinma Okafor,2348226483188,SKU1021,Bournvita 500g,Beverages,3,"₦2,310.00",0,pos
RCPT-101271,TXN101271,2026-07-24,13:56:00,minimart express-ikeja ,TILL-02,Amaka Eze,,SKU1027,Amstel Malta 33cl,Beverages,1,370,0,ATM Card
RCPT-101371,TXN101371,2026-07-25,14:38:00,MiniMart Express - Ikeja,TILL-02,Tunde Bakare,7229145548,SKU1021,Bournvita 500g,Beverages,4,2230,0,ATM Card
RCPT-100655,TXN100655,2026-06-17,18:42:00,Yaba Branch,TILL-02,Ibrahim Musa,,SKU1018,Maltina 33cl,Beverages,1,440.00,5,Cash
RCPT-101599,TXN101599,2026-05-18,21:32:00,MiniMart Express - Surulere,TILL-01,Fatima Bello,+ 2 3 4 7 0 8 9 8 5 4 7 6 3,SKU1011,Honeywell Semolina 2kg,Grains & Staples,4,2090,0,Bank Transfer
RCPT-101843,TXN101843,2026-06-30,21:29:00,MiniMart Express - Ikeja,TILL-01,Ibrahim Musa,2348643510869,SKU1029,Dano Milk Powder 400g,Dairy,4,"₦2,690.00",5,Card
RCPT-100777,TXN100777,2026-05-21,10:32:00,MiniMart Express - Yaba,TILL-02,Ibrahim Musa,,SKU1011,Honeywell Semolina 2kg,Grains & Staples,3,2500,0,Card
RCPT-100632,TXN100632,2026-06-17,15:20:00, Yaba,TILL-03,Ibrahim Musa,8562109269,SKU1008,Milo 400g,Beverages,1,1960,0,POS Card
RCPT-101361,TXN101361,26-04-2026,10:38:00,MiniMart Express - Yaba,TILL-03,Ibrahim Musa,+2347164158199,SKU1026,Chivita Juice 1L,Beverages,1,1470,0,Card
RCPT-100587,TXN100587,2026-07-01,13:35:00,minimart express-ikeja ,TILL-02,Amaka Eze,,SKU1021,Bournvita 500g,Beverages,1,2510,10,Card
RCPT-101290,TXN101290,2026-04-19,13:31:00,Ikeja Branch,TILL-01,Ibrahim Musa,08027227279,SKU1013,Omo Detergent 900g,Household,1,1500,0,Cash
RCPT-102251,TXN102251,2026-03-25,21:24:00,MiniMart Express - Yaba,TILL-02,Tunde Bakare,08201930306,SKU1006,Bigi Cola 50cl,Beverages,1,390,0,POS Card
RCPT-100477,TXN100477,2026-07-03,17:20:00,Surulere Branch,TILL-01,Emeka Obi,,SKU1024,"Pampers Diapers (pack, medium)",Baby Products,5,"₦4,450.00",0,POS Card
RCPT-100720,TXN100720,2026-04-21,08:05:00,SURULERE,TILL-01,Blessing Nwosu,,SKU1025,Tom Tom Sweet (pack),SNACKS,5,280,0,POS Card
RCPT-101905,TXN101905,2026-03-11,12:55:00,MiniMart Express - Surulere,TILL-01,Fatima Bello,,SKU1030,Nasco Cornflakes 500g,Grains & Staples,1,1760,0,Cash
RCPT-102146,TXN102146,2026-04-22,08:51:00,IKEJA,TILL-02,Segun Adeyemi,,SKU1002,Peak Milk Evaporated 170g,Dairy,3,680,0,Bank Transfer
RCPT-101785,TXN101785,2026-06-26,18:18:00,minimart express-ikeja ,TILL-02,Emeka Obi,,SKU1002,peak milk evaporated170g,Dairy,-1,700.00,0,POS Card
RCPT-100896,TXN100896,2026-06-14,10:52:00,YABA,TILL-03,Amaka Eze,08413651861,SKU1001,INDOMIE NOODLES 70G,Grains & Staples,1,₦170.00,0,Bank Transfer
RCPT-100270,TXN100270,2026-04-06,14:10:00,Ikeja Branch,TILL-02,Amaka Eze,9065067855,SKU1007,Gala Sausage Roll,Snacks,3,270,0,ATM Card
RCPT-101712,TXN101712,2026-05-02,12:12:00,Surulere Branch,TILL-01,Tunde Bakare,+2348995569635,SKU1016,Eva Water 75cl,Beverages,2,180,0,USSD
RCPT-101180,TXN101180,21-05-2026,20:48:00, Yaba,TILL-01,Segun Adeyemi,8788542475,SKU1023,Ariel Detergent 900g,Household,3,1730,0,transfer
RCPT-102498,TXN102498,06/08/2026,16:30:00,minimart express-ikeja ,TILL-02,Chidinma Okafor,2348773272583,SKU1009,Cowbell Milk Powder 360g,Dairy,4,1840,0,Cash
RCPT-101918,TXN101918,2026-07-08,20:09:00,SURULERE,TILL-01,Emeka Obi,,SKU1007,Gala Sausage Roll,Snacks,4,270.00,0,USSD
RCPT-101784,TXN101784,2026-06-24,20:29:00,MiniMart Express - Surulere,TILL-01,Segun Adeyemi,,SKU1002,Peak Milk Evaporated 170g,Dairy,1,630,15,USSD
RCPT-101462,TXN101462,2026-05-24,15:41:00,Yaba Branch,TILL-02,Fatima Bello,,SKU1005,COCA COLA 50CL,Beverages,1,380,0,transfer
RCPT-101403,TXN101403,05/21/2026,20:57:00,SURULERE,TILL-01,Tunde Bakare,,SKU1022,Knorr Chicken Cubes (pack),Grains & Staples,1,340,0,Bank Transfer
RCPT-100873,TXN100873,2026-05-06,07:04:00,YABA,TILL-02,Fatima Bello,2348706321605,SKU1028,Semovita 2kg,Grains & Staples,4,,0,Bank Transfer
RCPT-102080,TXN102080,2026-04-28,13:09:00,IKEJA,TILL-02,Ibrahim Musa,2 3 4 8 2 5 8 8 2 4 8 7 6,SKU1021,Bournvita 500g,Beverages,2,"₦2,670.00",0,Cash
RCPT-102496,TXN102496,2026-04-07,14:23:00,Surulere Branch,TILL-01,Fatima Bello,08102610074,SKU1008,Milo 400g,Beverages,3,2180,0,pos
RCPT-100849,TXN100849,2026-06-21,18:31:00,SURULERE,TILL-01,Tunde Bakare,7597524104,SKU1017,La Casera 50cl,Beverages,3,,0,Card
RCPT-100188,TXN100188,2026-03-03,09:05:00,SURULERE,TILL-01,Segun Adeyemi,,SKU1001, Indomie Noodles 70g ,Grains & Staples,3,140,0,ATM Card
RCPT-101228,TXN101228,2026-03-20,18:16:00, Yaba,TILL-02,Ibrahim Musa,,SKU1025,Tom Tom Sweet (pack),Snacks,1,330.00,0,Card
RCPT-100876,TXN100876,2026-05-31,10:01:00,Yaba Branch,TILL-03,Chidinma Okafor,,SKU1002,Peak Milk Evap 170g,Dairy,2,670,0,Bank Transfer
RCPT-102249,TXN102249,2026-07-13,09:10:00,MiniMart Express - Surulere,TILL-01,,+2348382701100,SKU1024,"Pampers Diapers (pack, medium)",Baby Products,1,4580,0,Cash
RCPT-102007,TXN102007,18-07-2026,16:22:00,Yaba Branch,TILL-01,Fatima Bello,,SKU1015,Close Up Toothpaste 140ml,Personal Care,1,980,0,Cash
RCPT-100294,TXN100294,2026-04-19,15:32:00,Ikeja Branch,TILL-02,Chidinma Okafor,,SKU1027,Amstel Malta 33cl,,1,420,0,transfer
RCPT-102171,TXN102171,2026-04-12,19:57:00,Yaba Branch,TILL-02,Ibrahim Musa,+2347251839207,SKU1007,Gala Sausage Roll,Snacks,1,230,0,Bank Transfer
RCPT-100396,TXN100396,03-07-2026,07:03:00,minimart express-ikeja ,TILL-01,Fatima Bello,,SKU1027,Amstel Malta 33cl,Beverages,3,₦450.00,0,POS
RCPT-101707,TXN101707,22/05/2026,14:38:00,Ikeja Branch,TILL-02,Chidinma Okafor,2348478910656,SKU1027,Amstel Malta 33cl,Beverages,3,,0,Bank Transfer
RCPT-101206,TXN101206,2026-03-22,08:08:00,Yaba Branch,TILL-01,Chidinma Okafor,,SKU1010,MAMA GOLD RICE 5KG,Grains & Staples,1,7470,0,Cash
RCPT-101525,TXN101525,2026-04-30,12:23:00,MiniMart Express - Ikeja,TILL-02,,+2349051937277,SKU1022,Knorr Chicken Cubes (pack),Grains & Staples,1,330,0,ATM Card
RCPT-101770,TXN101770,2026-03-22,13:56:00,MiniMart Express - Surulere,TILL-01,Emeka Obi,,SKU1008,Milo 400g,Beverages,5,1910,0,Cash
RCPT-100158,TXN100158,2026-06-22,21:30:00,IKEJA,TILL-01,Amaka Eze,,SKU1010,Mama Gold Rice 5kg,Grains & Staples,2,6550,0,POS Card
RCPT-101883,TXN101883,2026-03-07,13:56:00,SURULERE,TILL-01,Tunde Bakare,,SKU1004,Dangote Sugar 1kg,Grains & Staples,2,1200,0,pos
RCPT-102551,TXN102551,2026-05-15,18:57:00,minimart express-ikeja ,TILL-01,Tunde Bakare,,SKU1017,La Casera 50cl,,2,330,0,Card
RCPT-100762,TXN100762,2026-03-12,17:44:00,SURULERE,TILL-01,Segun Adeyemi,,SKU1029,Dano Milk Powder 400g,Dairy,1,2690,0,POS Card
RCPT-101061,TXN101061,2026-07-10,10:40:00,Surulere Branch,TILL-01,Tunde Bakare,2348046377732,SKU1006,Bigi Cola 50cl,Beverages,1,320.00,0,transfer
RCPT-102082,TXN102082,2026-03-05,21:34:00,Surulere Branch,TILL-01,Tunde Bakare,,SKU1022,Knorr Chicken Cubes (pack),Grains & Staples,1,320,0,POS Card
RCPT-101009,TXN101009,2026-05-15,12:04:00,YABA,TILL-02,Fatima Bello,+2348915830537,SKU1013,Omo Detergent 900g,Household,1,1490,0,cash
RCPT-102366,TXN102366,2026-07-19,19:50:00,MiniMart Express - Ikeja,TILL-01,Fatima Bello,,SKU1025,Tom Tom Sweet (pack),,5,280,0,transfer
RCPT-100122,TXN100122,2026-07-11,08:56:00,MiniMart Express - Surulere,TILL-01,Emeka Obi,+2347628926422,SKU1002,Peak Milk Evaporated 170g,Dairy,1,₦700.00,0,pos
RCPT-101963,TXN101963,03/21/2026,16:46:00,YABA,TILL-03,Segun Adeyemi,7018815397,SKU1007,Gala Sausage Roll,Snacks,1,₦250.00,0,Cash
RCPT-101387,TXN101387,2026-05-29,18:37:00,Surulere Branch,TILL-01,Blessing Nwosu,,SKU1019,Titus Sardine 125g,Canned Foods,2,650,0,pos
RCPT-102375,TXN102375,2026-06-20,17:28:00,SURULERE,TILL-01,Ibrahim Musa,+2347213533058,SKU1020,Cerelac Infant Cereal 400g,Baby Products,3,"₦3,350.00",0,POS Card
RCPT-101075,TXN101075,2026-07-15,08:17:00,MiniMart Express - Yaba,TILL-03,Emeka Obi,,SKU1002,Peak Milk Evap 170g,Dairy,2,730,0,Cash
RCPT-100789,TXN100789,2026-03-13,21:40:00,MiniMart Express - Ikeja,TILL-02,Ibrahim Musa,,SKU1014,Dettol Soap 65g,Personal Care,3,350,0,cash
RCPT-101948,TXN101948,2026-03-30,10:01:00,Surulere Branch,TILL-01,Chidinma Okafor,,SKU1014,Dettol Soap 65g,Personal Care,2,360,0,pos
RCPT-101105,TXN101105,2026-05-13,12:45:00,SURULERE,TILL-01,Segun Adeyemi,0 7 9 8 6 4 4 0 8 0 7,SKU1010,Mama Gold Rice5kg,Grains & Staples,3,,0,Cash
RCPT-101973,TXN101973,26-05-2026,12:38:00,Yaba Branch,TILL-03,Tunde Bakare,,SKU1007,Gala Sausage Roll,Snacks,1,250,0,Bank Transfer
RCPT-100771,TXN100771,2026-05-23,20:24:00,YABA,TILL-03,Amaka Eze,+2348773058008,SKU1009,Cowbell Milk Powder 360g,Dairy,1,1710,0,USSD
RCPT-100486,TXN100486,2026-04-15,10:22:00,MiniMart Express - Yaba,TILL-03,Fatima Bello,,SKU1022,Knorr Chicken Cubes (pack),Grains & Staples,1,330,0,ussd
RCPT-100946,TXN100946,2026-06-27,17:36:00,MiniMart Express - Yaba,TILL-02,Segun Adeyemi,,SKU1023,Ariel Detergent 900g,Household,2,1870,15,Bank Transfer
RCPT-100228,TXN100228,2026-05-30,16:04:00,Yaba Branch,TILL-02,Tunde Bakare,08679122764,SKU1027,Amstel Malta 33cl,Beverages,4,₦390.00,0,POS Card
RCPT-100331,TXN100331,10/04/2026,08:52:00, Yaba,TILL-02,Blessing Nwosu,,SKU1016,Eva Water 75cl,Beverages,1,190,0,ATM Card
RCPT-102079,TXN102079,11/06/2026,14:42:00,minimart express-ikeja ,TILL-02,Chidinma Okafor,2348864006187,SKU1005,Coca Cola 50cl,Beverages,4,420,0,Card
RCPT-101749,TXN101749,25-04-2026,11:50:00,Ikeja Branch,TILL-01,Amaka Eze,,SKU1026,Chivita Juice 1L,Beverages,2,1230,0,pos
RCPT-100671,TXN100671,2026-06-24,08:17:00,YABA,TILL-01,Emeka Obi,2347505866530,SKU1014,Dettol Soap 65g,Personal Care,1,340,0,POS Card
RCPT-100488,TXN100488,2026-06-23,11:38:00, Yaba,TILL-02,Blessing Nwosu,,SKU1015,Close Up Toothpaste 140ml,Personal Care,5,"₦1,030.00",0,CASH
RCPT-101944,TXN101944,2026-03-22,13:06:00, Yaba,TILL-03,Tunde Bakare,,SKU1016,Eva Water 75cl,Beverages,1,230,0,ATM Card
RCPT-101656,TXN101656,2026-04-18,17:49:00,MiniMart Express - Ikeja,TILL-01,Emeka Obi,07599714709,SKU1002,Peak Milk Evaporated 170g,Dairy,1,740,0,Cash
RCPT-102279,TXN102279,2026-04-18,15:45:00,MiniMart Express - Yaba,TILL-03,Emeka Obi,8419006287,SKU1001,Indomie Noodle 70g,Grains & Staples,1,₦150.00,0,POS Card
RCPT-100477,TXN100477,2026-07-03,17:20:00,SURULERE,TILL-01,Emeka Obi,,SKU1014,Dettol Soap 65g,Personal Care,1,370,0,POS Card
RCPT-102248,TXN102248,2026-04-25,14:04:00,YABA,TILL-03,Blessing Nwosu,7731620327,SKU1012,Kings Vegetable Oil 1L,Grains & Staples,1,2910,0,Cash
RCPT-101133,TXN101133,2026-05-24,16:02:00,SURULERE,TILL-01,Emeka Obi,8616547750,SKU1017,La Casera 50cl,Beverages,1,₦340.00,5,Card
RCPT-100985,TXN100985,07/15/2026,14:18:00,YABA,TILL-01,Blessing Nwosu,,SKU1018,Maltina 33cl,Beverages,1,450,0,cash
RCPT-102551,TXN102551,2026-05-15,18:57:00,MiniMart Express - Ikeja,TILL-01,Tunde Bakare,,SKU1023,Ariel Detergent 900g,Household,1,1730,0,Card
RCPT-101870,TXN101870,2026-04-24,21:28:00,minimart express-ikeja ,TILL-01,Blessing Nwosu,,SKU1026,Chivita Juice 1L,Beverages,1,1220,0,transfer
RCPT-100978,TXN100978,16-06-2026,12:29:00,IKEJA,TILL-02,Fatima Bello,,SKU1004,Dangote Sugar 1kg,Grains & Staples,3,1320,0,Cash
RCPT-102348,TXN102348,2026-05-01,08:02:00,MiniMart Express - Ikeja,TILL-02,Emeka Obi,8012992443,SKU1029,Dano Milk Powder 400g,Dairy,5,3010,0,Cash
RCPT-101358,TXN101358,2026-05-25,11:47:00,MiniMart Express - Yaba,TILL-03,Tunde Bakare,+2348545019314,SKU1018,Maltina 33cl,Beverages,2,420,15,Bank Transfer
RCPT-101030,TXN101030,03/16/2026,07:04:00,Surulere Branch,TILL-01,Tunde Bakare,,SKU1014,Dettol Soap 65g,Personal Care,3,,0,Cash
RCPT-100182,TXN100182,02/07/2026,08:23:00,Surulere Branch,TILL-01,Blessing Nwosu,,SKU1017,La Casera 50cl,,3,350,0,Cash
RCPT-100594,TXN100594,2026-05-09,12:23:00,YABA,TILL-02,Blessing Nwosu,2347467287843,SKU1004,DANGOTE SUGAR 1KG ,Grains & Staples,3,"1,360.00",0,USSD
RCPT-101175,TXN101175,2026-05-07,10:22 AM,MiniMart Express - Yaba,TILL-01,Chidinma Okafor,2 3 4 7 1 9 9 7 3 6 5 1 0,SKU1021,Bournvita 500g,Beverages,1,"₦2,460.00",0,Transfer
RCPT-102292,TXN102292,2026-07-06,17:50:00, Yaba,TILL-01,Ibrahim Musa,07741910229,SKU1024,"Pampers Diapers (pack, medium)",Baby Products,1,"₦4,280.00",0,POS Card
RCPT-100784,TXN100784,2026-06-24,13:42:00,Surulere Branch,TILL-01,Chidinma Okafor,,SKU1029,Dano Milk Powder 400g,Dairy,4,2670,0,Cash
RCPT-100889,TXN100889,2026-06-29,20:30:00,SURULERE,TILL-01,Amaka Eze,,SKU1016,Eva Water 75cl,Beverages,1,200,0,Card
RCPT-100400,TXN100400,2026-05-25,20:23:00,MiniMart Express - Yaba,TILL-02,Blessing Nwosu,8117219629,SKU1024,"Pampers Diapers (pack, medium)",Baby Products,3,4140,0,CASH
RCPT-100779,TXN100779,02-03-2026,17:36:00,MiniMart Express - Surulere,TILL-01,Fatima Bello,7539691277,SKU1024,"Pampers Diapers (pack, medium)",Baby Products,3,5090,0,Transfer
RCPT-101235,TXN101235,13/07/2026,11:27:00,minimart express-ikeja ,TILL-01,Chidinma Okafor,,SKU1023,Ariel Detergent 900g,Household,1,"₦1,780.00",0,Cash
RCPT-101589,TXN101589,07/29/2026,18:03:00,YABA,TILL-01,Ibrahim Musa,7 3 1 5 0 7 3 1 9 3,SKU1030,Nasco Cornflakes 500g,Grains & Staples,1,1720,0,pos
RCPT-102459,TXN102459,2026-06-09,17:29:00,MiniMart Express - Surulere,TILL-01,Emeka Obi,,SKU1029,Dano Milk Powder 400g,Dairy,4,3130,0,CASH
RCPT-101025,TXN101025,2026-07-17,17:50:00,Yaba Branch,TILL-03,Blessing Nwosu,,SKU1001,Indomie Noodles 70g,Grains & Staples,2,160.00,15,USSD
RCPT-100238,TXN100238,05/03/2026,09:46 PM,Surulere Branch,TILL-01,Fatima Bello,,SKU1015,Close Up Toothpaste 140ml,Personal Care,2,₦980.00,0,POS Card
RCPT-102413,TXN102413,2026-06-14,15:50:00, Yaba,TILL-02,Blessing Nwosu,,SKU1020,Cerelac Infant Cereal 400g,Baby Products,1,3310,0,transfer
RCPT-100075,TXN100075,2026-03-28,14:21:00,Surulere Branch,TILL-01,Blessing Nwosu,2348636454894,SKU1017,La Casera 50cl,Beverages,2,330,0,Bank Transfer
RCPT-101119,TXN101119,03/31/2026,10:45:00,MiniMart Express - Yaba,TILL-03,Ibrahim Musa,2 3 4 8 7 8 9 3 1 4 4 2 8,SKU1028,Semovita 2kg,Grains & Staples,1,2200,0,POS Card
RCPT-102503,TXN102503,2026-07-14,21:57:00,Surulere Branch,TILL-01,Ibrahim Musa,,SKU1005,Coca Cola 50cl,Beverages,1,380,5,CASH
RCPT-102000,TXN102000,06/15/2026,12:47:00,SURULERE,TILL-01,Blessing Nwosu,,SKU1027,Amstel Malta 33cl,Beverages,3,420,0,POS Card
RCPT-100908,TXN100908,2026-05-07,16:00:00,minimart express-ikeja ,TILL-01,Ibrahim Musa,2347885336549,SKU1002,Peak Milk Evaporated 170g,Dairy,3,710,0,ussd
RCPT-102573,TXN102573,2026-05-02,08:41:00,MiniMart Express - Ikeja,TILL-01,Emeka Obi,,SKU1016,Eva Water 75cl,Beverages,4,210,10,Cash
RCPT-102054,TXN102054,2026-04-20,09:57:00,minimart express-ikeja ,TILL-01,Ibrahim Musa,,SKU1001,Indomie Noodle 70g,Grains & Staples,2,,0,Bank Transfer
RCPT-102398,TXN102398,2026-07-31,11:05:00,SURULERE,TILL-01,Fatima Bello,07971976370,SKU1027,Amstel Malta 33cl,Beverages,1,380,0,Bank Transfer
RCPT-101776,TXN101776,2026-07-26,09:13:00,Surulere Branch,TILL-01,Tunde Bakare,,SKU1002,peak milk evaporated170g,Dairy,5,620,10,Bank Transfer
RCPT-100419,TXN100419,2026-06-25,18:10:00,Surulere Branch,TILL-01,Tunde Bakare,+2347335910256,SKU1014,Dettol Soap 65g,Personal Care,4,330,0,Cash
RCPT-102495,TXN102495,2026-04-03,13:17:00,Yaba Branch,TILL-03,Tunde Bakare,,SKU1002,Peak Milk Evaporated 170g,Dairy,1,₦700.00,0,transfer
RCPT-102305,TXN102305,2026-03-26,07:17:00,minimart express-ikeja ,TILL-01,Fatima Bello,07513663613,SKU1022,Knorr Chicken Cubes (pack),Grains & Staples,1,300,0,ATM Card
RCPT-102417,TXN102417,02-03-2026,13:41:00,Yaba Branch,TILL-02,Amaka Eze,+2347201061467,SKU1003,Golden Morn 500g,GRAINS & STAPLES,2,1550,0,Card
RCPT-101040,TXN101040,2026-07-31,11:08:00,MiniMart Express - Surulere,TILL-01,Fatima Bello,2347333382903,SKU1026,Chivita Juice 1L,Beverages,1,"1,190.00",0,cash
RCPT-100543,TXN100543,2026-04-24,13:28:00,MiniMart Express - Surulere,TILL-01,Ibrahim Musa,07971384885,SKU1024,"Pampers Diapers (pack, medium)",Baby Products,2,"₦4,910.00",0,Bank Transfer
RCPT-101625,TXN101625,2026-03-12,16:44:00,MiniMart Express - Surulere,TILL-01,Blessing Nwosu,,SKU1029,Dano Milk Powder 400g,Dairy,1,2720,15,POS Card
RCPT-101409,TXN101409,2026-07-01,15:31:00,Surulere Branch,TILL-01,Tunde Bakare,,SKU1010,Mama Gold Rice5kg,Grains & Staples,4,,0,ussd
RCPT-101238,TXN101238,29-05-2026,10:46:00,IKEJA,TILL-02,Segun Adeyemi,,SKU1014,Dettol Soap 65g,Personal Care,1,₦330.00,0,ATM Card
RCPT-100387,TXN100387,2026-05-24,19:45:00,MiniMart Express - Surulere,TILL-01,Amaka Eze,+2348747527429,SKU1013,Omo Detergent 900g,Household,1,"₦1,510.00",0,Cash
RCPT-101268,TXN101268,2026-06-24,11:26:00, Yaba,TILL-02,Segun Adeyemi,,SKU1005,Coca-Cola 50cl,Beverages,1,₦380.00,0,Transfer
RCPT-100673,TXN100673,07/02/2026,10:34:00,minimart express-ikeja ,TILL-01,Ibrahim Musa,8827026376,SKU1007,Gala Sausage Roll,Snacks,5,230,0,POS
RCPT-102532,TXN102532,25-07-2026,19:43:00,SURULERE,TILL-01,Emeka Obi,7556978638,SKU1011,Honeywell Semolina 2kg,GRAINS & STAPLES,2,,0,POS Card
RCPT-102503,TXN102503,07/14/2026,21:57:00,Surulere Branch,TILL-01,Ibrahim Musa,,SKU1004,Dangote Sugar 1kg,Grains & Staples,2,1120,0,CASH
RCPT-100333,TXN100333,2026-05-08,11:43 AM,IKEJA,TILL-01,Fatima Bello,,SKU1024,"Pampers Diapers (pack, medium)",Baby Products,1,5150,0,Bank Transfer
RCPT-102469,TXN102469,2026-05-31,11:09:00,MiniMart Express - Ikeja,TILL-01,Amaka Eze,,SKU1001,indomie noodles 70g,Grains & Staples,2,₦150.00,0,transfer
RCPT-100716,TXN100716,2026-03-15,11:55:00,SURULERE,TILL-01,Amaka Eze,,SKU1002,peak milk evaporated170g,Dairy,3,600.00,0,Bank Transfer
RCPT-100377,TXN100377,2026-07-24,16:37:00,SURULERE,TILL-01,Fatima Bello,,SKU1002,Peak Milk Evap 170g,Dairy,4,₦590.00,0,Bank Transfer
RCPT-100973,TXN100973,04/02/2026,08:09:00, Yaba,TILL-01,Segun Adeyemi,8234388603,SKU1030,Nasco Cornflakes 500g,Grains & Staples,1,1820,0,Cash
RCPT-102355,TXN102355,2026-05-23,14:37:00,YABA,TILL-02,Tunde Bakare,,SKU1019,Titus Sardine 125g,Canned Foods,3,790,0,POS Card
RCPT-101463,TXN101463,02-04-2026,12:13:00, Yaba,TILL-01,Fatima Bello,7107791323,SKU1011,Honeywell Semolina 2kg,Grains & Staples,1,2590,0,ussd
RCPT-101681,TXN101681,2026-06-09,17:13:00,Surulere Branch,TILL-01,Chidinma Okafor,,SKU1026,Chivita Juice 1L,Beverages,4,"₦1,470.00",0,transfer
RCPT-100689,TXN100689,2026-03-08,08:54:00,SURULERE,TILL-01,Tunde Bakare,,SKU1003,Golden Morn 500g,Grains & Staples,2,"₦1,500.00",0,POS Card
RCPT-100340,TXN100340,2026-06-12,18:45:00,MiniMart Express - Yaba,TILL-03,Amaka Eze,8608058810,SKU1024,"Pampers Diapers (pack, medium)",Baby Products,2,4790,10,ATM Card
RCPT-102560,TXN102560,2026-05-13,09:18 PM,Ikeja Branch,TILL-01,Chidinma Okafor,+2348552639973,SKU1021,Bournvita 500g,Beverages,2,2220,0,POS Card
RCPT-102302,TXN102302,2026-05-03,11:15:00,minimart express-ikeja ,TILL-01,Blessing Nwosu,2347541733655,SKU1021,Bournvita 500g,Beverages,3,2300,0,pos
RCPT-101201,TXN101201,2026-05-04,05:12 PM,IKEJA,TILL-02,Ibrahim Musa,,SKU1015,Close Up Toothpaste 140ml,Personal Care,5,850,0,cash
RCPT-102485,TXN102485,29/06/2026,11:53:00,MiniMart Express - Ikeja,TILL-01,Fatima Bello,,SKU1026,Chivita Juice 1L,Beverages,2,1270,0,cash
RCPT-100751,TXN100751,2026-06-27,18:44:00,IKEJA,TILL-01,Segun Adeyemi,,SKU1008,Milo 400g,Beverages,1,,0,CASH
RCPT-101900,TXN101900,22/04/2026,18:34:00,MiniMart Express - Ikeja,TILL-01,Tunde Bakare,,SKU1020,Cerelac Infant Cereal 400g,Baby Products,4,"₦2,990.00",15,Cash
RCPT-102535,TXN102535,02-06-2026,17:02:00, Yaba,TILL-02,Chidinma Okafor,,SKU1001, Indomie Noodles 70g ,,2,150,0,transfer
RCPT-101161,TXN101161,29/04/2026,16:17:00,Yaba Branch,TILL-02,Fatima Bello,2348355810257,SKU1026,Chivita Juice 1L,Beverages,1,1230,0,Bank Transfer
RCPT-101970,TXN101970,2026-03-12,21:43:00,IKEJA,TILL-02,Segun Adeyemi,,SKU1024,"Pampers Diapers (pack, medium)",Baby Products,1,,0,cash
RCPT-102477,TXN102477,2026-05-20,11:16:00,SURULERE,TILL-01,Segun Adeyemi,9002354484,SKU1027,Amstel Malta 33cl,Beverages,3,420,0,Cash
RCPT-101163,TXN101163,26-07-2026,18:24:00,MiniMart Express - Ikeja,TILL-01,Ibrahim Musa,+2347129877446,SKU1027,Amstel Malta 33cl,Beverages,1,360,0,POS Card
RCPT-100057,TXN100057,2026-07-16,11:49:00,IKEJA,TILL-02,Ibrahim Musa,,SKU1004,DANGOTE SUGAR 1KG ,Grains & Staples,3,1240,0,Bank Transfer
RCPT-101757,TXN101757,02-06-2026,09:15:00,Yaba Branch,TILL-01,Ibrahim Musa,07596141585,SKU1028,Semovita 2kg,Grains & Staples,3,2190,0,Bank Transfer
RCPT-101598,TXN101598,2026-07-02,18:44:00, Yaba,TILL-03,Fatima Bello,8313863119,SKU1005,COCA COLA 50CL,Beverages,1,390,0,pos
RCPT-100191,,2026-07-14,17:02:00,MiniMart Express - Surulere,TILL-01,Ibrahim Musa,07439783147,SKU1012,Kings Vegetable Oil 1L,Grains & Staples,5,2780,0,POS Card
RCPT-102143,TXN102143,01/04/2026,19:00:00,minimart express-ikeja ,TILL-02,Emeka Obi,8568887739,SKU1012,Kings Vegetable Oil 1L,Grains & Staples,3,2930,0,POS
RCPT-101948,TXN101948,30/03/2026,10:01:00,SURULERE,TILL-01,Chidinma Okafor,,SKU1004,Dangote sugar 1Kg,Grains & Staples,1,1160,0,pos
RCPT-100915,TXN100915,2026-03-01,12:23:00,Ikeja Branch,TILL-02,Tunde Bakare,,SKU1025,Tom Tom Sweet (pack),Snacks,3,300,0,POS
RCPT-102256,TXN102256,03-04-2026,17:54:00,Ikeja Branch,TILL-02,Ibrahim Musa,+ 2 3 4 8 5 6 5 6 4 1 6 6 6,SKU1009,Cowbell Milk Powder 360g,Dairy,5,"1,940.00",0,Cash
RCPT-102441,TXN102441,2026-06-16,08:51:00,Yaba Branch,TILL-02,,,SKU1027,Amstel Malta 33cl,Beverages,1,390,0,Cash
RCPT-101878,TXN101878,2026-07-24,12:59:00,IKEJA,TILL-01,Ibrahim Musa,,SKU1009,Cowbell Milk Powder 360g,Dairy,4,"₦1,640.00",0,POS Card
RCPT-100438,TXN100438,2026-04-23,15:21:00,MiniMart Express - Surulere,TILL-01,Chidinma Okafor,+2348372913893,SKU1018,Maltina 33cl,Beverages,1,490,0,Card
RCPT-100671,TXN100671,2026-06-24,08:17:00,MiniMart Express - Yaba,TILL-01,Emeka Obi,2347505866530,SKU1026,Chivita Juice 1L,Beverages,2,1330,0,POS Card
RCPT-100719,TXN100719,2026-04-03,10:36:00,MiniMart Express - Ikeja,TILL-02,Fatima Bello,,SKU1004,Dangote Sugar 1kg,Grains & Staples,2,1160,10,POS Card
RCPT-102415,TXN102415,2026-03-19,12:32:00,MiniMart Express - Surulere,TILL-01,Chidinma Okafor,,SKU1001,indomie noodles 70g,Grains & Staples,1,160.00,0,POS
RCPT-101841,TXN101841,2026-06-28,17:31:00,MiniMart Express - Yaba,TILL-02,Amaka Eze,2 3 4 7 3 1 6 6 0 5 0 9 4,SKU1002,Peak Milk Evap 170g,Dairy,4,640.00,0,pos
RCPT-102372,TXN102372,2026-07-23,14:52:00,MiniMart Express - Yaba,TILL-02,Chidinma Okafor,,SKU1027,Amstel Malta 33cl,Beverages,2,430,0,POS Card
RCPT-100866,TXN100866,05/03/2026,13:45:00,Yaba Branch,TILL-03,Emeka Obi,+2348342078700,SKU1006,Bigi Cola 50cl,Beverages,2,350,0,Card
RCPT-101741,TXN101741,2026-03-17,02:54 PM,Surulere Branch,TILL-01,Blessing Nwosu,8686685244,SKU1009,Cowbell Milk Powder 360g,Dairy,4,"1,870.00",0,pos
RCPT-101019,TXN101019,06/17/2026,13:49:00,Surulere Branch,TILL-01,Fatima Bello,2348083845685,SKU1017,La Casera 50cl,Beverages,4,,0,ATM Card
RCPT-100380,TXN100380,2026-06-17,11:04:00,Yaba Branch,TILL-03,Fatima Bello,,SKU1027,Amstel Malta 33cl,BEVERAGES,4,450,0,ATM Card
RCPT-101269,TXN101269,2026-03-01,16:48:00,SURULERE,TILL-01,Blessing Nwosu,2348494414674,SKU1026,Chivita Juice 1L,Beverages,3,1300,0,Card
RCPT-101266,TXN101266,2026-03-16,12:16:00,Ikeja Branch,TILL-01,Emeka Obi,,SKU1023,Ariel Detergent 900g,Household,1,"₦1,820.00",0,Transfer
RCPT-101632,TXN101632,2026-07-06,15:35:00,Ikeja Branch,TILL-01,Fatima Bello,,SKU1030,Nasco Cornflakes 500g,Grains & Staples,2,1860,0,POS Card
RCPT-100144,TXN100144,2026-04-07,18:06:00,MiniMart Express - Yaba,TILL-03,Blessing Nwosu,,SKU1005,Coca Cola 50cl,Beverages,1,400,0,pos
RCPT-100503,TXN100503,2026-07-26,17:25:00,MiniMart Express - Surulere,TILL-01,Blessing Nwosu,,SKU1018,Maltina 33cl,Beverages,5,480,0,Bank Transfer
RCPT-101270,TXN101270,2026-04-23,18:40:00,minimart express-ikeja ,TILL-02,Amaka Eze,8862278892,SKU1014,Dettol Soap 65g,Personal Care,2,400,0,Bank Transfer
RCPT-100005,TXN100005,2026-03-25,09:27:00,YABA,TILL-02,Ibrahim Musa,,SKU1021,Bournvita 500g,Beverages,3,2740,0,POS Card
RCPT-100800,TXN100800,01-05-2026,11:54:00,Surulere Branch,TILL-01,Emeka Obi,,SKU1004,DANGOTE SUGAR 1KG ,Grains & Staples,1,1300,0,Bank Transfer
RCPT-101841,TXN101841,2026-06-28,17:31:00, Yaba,TILL-02,Amaka Eze,2 3 4 7 3 1 6 6 0 5 0 9 4,SKU1016,Eva Water 75cl,Beverages,1,210,10,pos
RCPT-100607,TXN100607,03/19/2026,16:02:00,SURULERE,TILL-01,Segun Adeyemi,,SKU1012,Kings Vegetable Oil 1L,Grains & Staples,2,2860,0,POS
RCPT-101523,TXN101523,2026-07-03,08:10:00,IKEJA,TILL-01,Amaka Eze,+2347435977174,SKU1021,Bournvita 500g,Beverages,1,"₦2,420.00",0,Cash
RCPT-101041,TXN101041,07/12/2026,13:41:00,minimart express-ikeja ,TILL-02,Fatima Bello,,SKU1019,Titus Sardine 125g,Canned Foods,1,₦800.00,0,POS
RCPT-102437,TXN102437,2026-05-28,14:15:00,SURULERE,TILL-01,Ibrahim Musa,2348177721404,SKU1030,Nasco Cornflakes 500g,Grains & Staples,1,2090,0,USSD
RCPT-100778,TXN100778,07/27/2026,13:50:00,YABA,TILL-02,Segun Adeyemi,,SKU1023,Ariel Detergent 900g,Household,2,"₦1,820.00",0,Cash
RCPT-100043,TXN100043,2026-04-27,20:19:00,IKEJA,TILL-02,Blessing Nwosu,8804477544,SKU1009,Cowbell Milk Powder 360g,Dairy,2,2020,0,POS Card
RCPT-101853,TXN101853,2026-07-06,10:03:00,MiniMart Express - Surulere,TILL-01,Emeka Obi,+2348699597349,SKU1023,Ariel Detergent 900g,Household,2,1770,0,Cash
RCPT-100947,TXN100947,29/04/2026,12:01:00,MiniMart Express - Ikeja,TILL-02,Tunde Bakare,08019696694,SKU1013,Omo Detergent 900g,Household,2,"₦1,730.00",0,POS
RCPT-102123,TXN102123,2026-03-05,19:30:00,SURULERE,TILL-01,Chidinma Okafor,,SKU1025,Tom Tom Sweet (pack),Snacks,1,290,0,POS Card
RCPT-100283,TXN100283,2026-07-19,07:50 PM,SURULERE,TILL-01,Emeka Obi,,SKU1005,Coca Cola 50cl,Beverages,2,420.00,0,ATM Card
RCPT-101571,TXN101571,09-06-2026,08:18:00,IKEJA,TILL-01,Blessing Nwosu,+2347187595100,SKU1026,Chivita Juice 1L,Beverages,2,1420,5,POS Card
RCPT-101397,TXN101397,03/07/2026,16:01:00,MiniMart Express - Yaba,TILL-03,Blessing Nwosu,,SKU1004,DANGOTE SUGAR 1KG ,Grains & Staples,1,1340,0,transfer
RCPT-101932,TXN101932,18-05-2026,08:49:00,Surulere Branch,TILL-01,Segun Adeyemi,+2348813834716,SKU1003,Golden Morn 500g,Grains & Staples,1,1310,0,POS Card
RCPT-101369,TXN101369,2026-04-15,20:00:00,YABA,TILL-02,,,SKU1018,Maltina 33cl,Beverages,-2,410.00,0,Cash
RCPT-101078,TXN101078,2026-05-14,08:38:00,MiniMart Express - Surulere,TILL-01,Emeka Obi,07142056781,SKU1028,Semovita 2kg,Grains & Staples,3,"₦2,140.00",0,Card
RCPT-101628,TXN101628,2026-07-09,18:52:00,YABA,TILL-02,Tunde Bakare,,SKU1026,Chivita Juice 1L,Beverages,1,"1,460.00",0,transfer
RCPT-101992,TXN101992,2026-03-24,18:20:00,MiniMart Express - Ikeja,TILL-01,Ibrahim Musa,,SKU1027,Amstel Malta 33cl,Beverages,4,380,0,Cash
RCPT-100861,TXN100861,2026-06-17,07:17:00,YABA,TILL-02,Tunde Bakare,,SKU1009,Cowbell Milk Powder 360g,Dairy,1,"1,670.00",0,USSD
RCPT-102313,TXN102313,2026-07-25,19:35:00, Yaba,TILL-01,Blessing Nwosu,,SKU1017,La Casera 50cl,Beverages,1,390,0,USSD
RCPT-102561,TXN102561,02/05/2026,20:42:00,Surulere Branch,TILL-01,Tunde Bakare,8348421701,SKU1020,Cerelac Infant Cereal 400g,Baby Products,3,3070,0,Bank Transfer
RCPT-101563,TXN101563,2026-06-02,12:17:00,IKEJA,TILL-01,Amaka Eze,07818506789,SKU1015,Close Up Toothpaste 140ml,Personal Care,1,910,0,POS Card
RCPT-100706,TXN100706,2026-04-27,15:59:00,Ikeja Branch,TILL-02,Emeka Obi,,SKU1013,Omo Detergent 900g,Household,5,1620,0,POS Card
RCPT-101139,TXN101139,2026-05-12,10:31:00,MiniMart Express - Yaba,TILL-02,Segun Adeyemi,,SKU1014,Dettol Soap 65g,Personal Care,1,320,0,ATM Card
RCPT-101749,TXN101749,04/25/2026,11:50 AM,IKEJA,TILL-01,Amaka Eze,,SKU1013,Omo Detergent 900g,Household,2,1820,0,pos
RCPT-101211,TXN101211,2026-04-24,17:12:00,Surulere Branch,TILL-01,Amaka Eze,,SKU1025,Tom Tom Sweet (pack),Snacks,1,280,0,pos
RCPT-101681,TXN101681,2026-06-09,17:13:00,MiniMart Express - Surulere,TILL-01,Chidinma Okafor,,SKU1005,Coke 50cl,Beverages,2,370,0,transfer
RCPT-100782,TXN100782,07-05-2026,17:34:00,SURULERE,TILL-01,Amaka Eze,,SKU1015,Close Up Toothpaste 140ml,Personal Care,1,₦860.00,0,Bank Transfer
RCPT-102136,TXN102136,2026-05-20,18:21:00,IKEJA,TILL-02,Amaka Eze,,SKU1012,Kings Vegetable Oil 1L,Grains & Staples,2,2890,0,POS Card
RCPT-100668,TXN100668,2026-07-26,09:50 PM,Ikeja Branch,TILL-01,Tunde Bakare,,SKU1028,Semovita 2kg,Grains & Staples,1,2100,0,Cash
RCPT-101632,TXN101632,07/06/2026,15:35:00,Ikeja Branch,TILL-01,Fatima Bello,,SKU1017,La Casera 50cl,BEVERAGES,1,320,5,POS Card
RCPT-100875,TXN100875,2026-05-01,17:48:00,Surulere Branch,TILL-01,Fatima Bello,8271763581,SKU1011,Honeywell Semolina 2kg,Grains & Staples,1,2470,0,POS
RCPT-100299,TXN100299,2026-06-30,10:07:00,minimart express-ikeja ,TILL-01,Chidinma Okafor,,SKU1019,Titus Sardine 125g,Canned Foods,1,₦700.00,0,cash
RCPT-100316,TXN100316,2026-06-30,17:23:00,IKEJA,TILL-02,Ibrahim Musa,,SKU1002,Peak Milk Evap 170g,Dairy,3,710,0,Cash
RCPT-101460,TXN101460,17/07/2026,18:02:00,MiniMart Express - Ikeja,TILL-01,Fatima Bello,,SKU1003,Golden Morn 500g,Grains & Staples,1,1420,0,Cash
RCPT-100116,TXN100116,2026-05-24,19:59:00,MiniMart Express - Ikeja,TILL-01,Ibrahim Musa,08211596568,SKU1011,Honeywell Semolina 2kg,Grains & Staples,2,"2,090.00",0,Card
RCPT-100648,TXN100648,2026-03-14,12:39:00,YABA,TILL-01,Emeka Obi,8259983324,SKU1013,Omo Detergent 900g,Household,1,"₦1,720.00",0,Transfer
RCPT-101848,TXN101848,2026-05-15,14:22:00,minimart express-ikeja ,TILL-01,Amaka Eze,2 3 4 7 8 3 3 0 0 4 5 3 9,SKU1017,La Casera 50cl,Beverages,4,320,0,Transfer
RCPT-100164,TXN100164,2026-04-11,09:08 AM,Yaba Branch,TILL-03,Fatima Bello,,SKU1007,Gala Sausage Roll,Snacks,3,280,0,POS Card
RCPT-102142,TXN102142,2026-05-25,18:29:00,IKEJA,TILL-01,Chidinma Okafor,,SKU1020,Cerelac Infant Cereal 400g,Baby Products,1,3330,0,Bank Transfer
RCPT-102042,TXN102042,2026-06-19,19:18:00,IKEJA,TILL-01,Segun Adeyemi,,SKU1027,Amstel Malta 33cl,Beverages,4,420,0,Transfer
RCPT-100381,TXN100381,2026-06-25,11:05:00,Ikeja Branch,TILL-02,Emeka Obi,2347359191941,SKU1018,Maltina 33cl,Beverages,2,450.00,0,Cash
RCPT-101963,TXN101963,21/03/2026,16:46:00, Yaba,TILL-03,Segun Adeyemi,7018815397,SKU1005,Coca Cola 50cl,BEVERAGES,1,410,0,Cash
RCPT-101771,TXN101771,2026-06-18,08:58:00,MiniMart Express - Ikeja,TILL-01,Emeka Obi,07641155409,SKU1011,Honeywell Semolina 2kg,Grains & Staples,5,"₦2,120.00",0,cash
RCPT-102536,TXN102536,2026-03-07,08:43:00,MiniMart Express - Ikeja,TILL-02,Emeka Obi,2348776760702,SKU1025,Tom Tom Sweet (pack),Snacks,2,270.00,0,Cash
RCPT-101960,TXN101960,31-05-2026,10:59:00,MiniMart Express - Ikeja,TILL-01,Tunde Bakare,2347021362563,SKU1012,Kings Vegetable Oil 1L,Grains & Staples,3,2820,0,POS Card
RCPT-101591,TXN101591,2026-07-14,19:26:00,YABA,TILL-01,Chidinma Okafor,2347944356536,SKU1003,Golden Morn 500g,Grains & Staples,1,1400,0,ATM Card
RCPT-102538,TXN102538,2026-06-21,09:27:00, Yaba,TILL-01,Chidinma Okafor,+2347245637874,SKU1001,indomie noodles 70g,Grains & Staples,1,140,0,USSD
RCPT-101508,TXN101508,2026-04-23,16:52:00,Surulere Branch,TILL-01,Fatima Bello,2347072124792,SKU1024,"Pampers Diapers (pack, medium)",Baby Products,4,4080,0,pos
RCPT-102526,TXN102526,2026-06-25,07:00:00,minimart express-ikeja ,TILL-01,Ibrahim Musa,,SKU1013,Omo Detergent 900g,Household,1,1770,0,Cash
RCPT-100845,TXN100845,04/04/2026,18:04:00,Yaba Branch,TILL-02,Tunde Bakare,,SKU1003,Golden Morn 500g,Grains & Staples,1,"1,360.00",0,Cash
RCPT-101589,TXN101589,2026-07-29,18:03:00,MiniMart Express - Yaba,TILL-01,Ibrahim Musa,7 3 1 5 0 7 3 1 9 3,SKU1001,indomie noodles 70g,Grains & Staples,1,₦160.00,0,pos
RCPT-100869,TXN100869,03/03/2026,07:53:00,MiniMart Express - Yaba,TILL-01,Tunde Bakare,7857930154,SKU1026,Chivita Juice 1L,Beverages,5,"₦1,230.00",0,cash
RCPT-102132,TXN102132,2026-03-14,15:14:00,MiniMart Express - Surulere,TILL-01,Emeka Obi,,SKU1006,Bigi Cola 50cl,Beverages,5,₦390.00,0,Cash
RCPT-102553,TXN102553,2026-06-21,19:02:00,SURULERE,TILL-01,Blessing Nwosu,2347063103866,SKU1024,"Pampers Diapers (pack, medium)",Baby Products,1,"₦4,790.00",0,cash
RCPT-102184,TXN102184,2026-05-23,13:36:00, Yaba,TILL-01,Amaka Eze,+ 2 3 4 8 3 9 2 4 1 1 2 8 6,SKU1018,Maltina 33cl,Beverages,1,410,0,cash
RCPT-101742,TXN101742,2026-05-07,09:09:00,MiniMart Express - Surulere,TILL-01,Emeka Obi,+2348994499565,SKU1029,Dano Milk Powder 400g,Dairy,1,2750,15,POS Card
RCPT-101311,TXN101311,2026-06-03,13:56:00,MiniMart Express - Yaba,TILL-02,Segun Adeyemi,2 3 4 7 4 1 5 1 2 5 8 0 1,SKU1011,Honeywell Semolina 2kg,Grains & Staples,2,2160,0,ussd
RCPT-100322,TXN100322,2026-03-25,21:37:00,MiniMart Express - Ikeja,TILL-01,Tunde Bakare,,SKU1026,Chivita Juice 1L,Beverages,1,1380,0,Transfer
RCPT-100247,TXN100247,04/15/2026,18:23:00,MiniMart Express - Surulere,TILL-01,Ibrahim Musa,,SKU1020,Cerelac Infant Cereal 400g,Baby Products,3,"₦3,120.00",0,pos
RCPT-102478,TXN102478,06/07/2026,08:53:00,Yaba Branch,TILL-01,Fatima Bello,,SKU1007,Gala Sausage Roll,Snacks,1,280,0,cash
RCPT-102220,TXN102220,2026-06-21,17:23:00,SURULERE,TILL-01,Amaka Eze,2347724994729,SKU1006,Bigi Cola 50cl,Beverages,1,380,0,Cash
RCPT-102023,TXN102023,2026-07-02,16:56:00,Yaba Branch,TILL-02,Emeka Obi,,SKU1027,Amstel Malta 33cl,Beverages,1,410,0,ussd
RCPT-100867,TXN100867,2026-04-14,09:29:00,IKEJA,TILL-01,Ibrahim Musa,2 3 4 7 4 4 6 5 0 2 4 8 6,SKU1008,Milo 400g,Beverages,2,2200,0,CASH
RCPT-101727,TXN101727,2026-07-28,20:00:00,Ikeja Branch,TILL-01,Ibrahim Musa,07749681121,SKU1016,Eva Water 75cl,Beverages,2,220,0,Transfer
RCPT-100890,TXN100890,2026-06-16,21:36:00, Yaba,TILL-02,Tunde Bakare,8502873952,SKU1001, Indomie Noodles 70g ,Grains & Staples,3,₦150.00,0,Bank Transfer
RCPT-101387,TXN101387,29-05-2026,18:37:00,SURULERE,TILL-01,Blessing Nwosu,,SKU1001,INDOMIE NOODLES 70G,Grains & Staples,1,,0,pos
RCPT-100404,TXN100404,2026-07-14,19:44:00,MiniMart Express - Ikeja,TILL-01,Fatima Bello,,SKU1013,Omo Detergent 900g,Household,4,1530,0,ussd
RCPT-100083,TXN100083,2026-07-09,16:41:00,IKEJA,TILL-01,Blessing Nwosu,+2347877095875,SKU1025,Tom Tom Sweet (pack),Snacks,2,290,0,transfer
RCPT-102441,TXN102441,16/06/2026,08:51:00,MiniMart Express - Yaba,TILL-02,Blessing Nwosu,,SKU1022,Knorr Chicken Cubes (pack),Grains & Staples,2,320,0,Cash
RCPT-100614,TXN100614,2026-03-29,12:31:00,MiniMart Express - Yaba,TILL-01,Emeka Obi,7807005275,SKU1026,Chivita Juice 1L,BEVERAGES,1,"1,420.00",0,Transfer
RCPT-100383,TXN100383,2026-07-02,08:50:00,MiniMart Express - Surulere,TILL-01,Chidinma Okafor,,SKU1003,Golden Morn 500g,Grains & Staples,3,1600,0,POS
RCPT-100843,TXN100843,2026-03-03,14:35:00,Yaba Branch,TILL-01,Segun Adeyemi,8911929242,SKU1010,MAMA GOLD RICE 5KG,Grains & Staples,3,6150,0,Bank Transfer
RCPT-101447,,2026-03-08,17:24:00,MiniMart Express - Surulere,TILL-01,Fatima Bello,,SKU1023,Ariel Detergent 900g,Household,1,"1,950.00",0,ussd
RCPT-100441,TXN100441,2026-07-24,10:32:00,MiniMart Express - Yaba,TILL-03,Chidinma Okafor,,SKU1015,Close Up Toothpaste 140ml,Personal Care,3,990,0,Transfer
RCPT-101707,TXN101707,05/22/2026,02:38 PM,minimart express-ikeja ,TILL-02,Chidinma Okafor,2348478910656,SKU1018,Maltina 33cl,Beverages,1,₦410.00,0,Bank Transfer
RCPT-101621,TXN101621,2026-07-08,16:55:00,Surulere Branch,TILL-01,Ibrahim Musa,07291360798,SKU1006,Bigi Cola 50cl,Beverages,1,350,0,POS
RCPT-102306,TXN102306,05/14/2026,12:13:00,minimart express-ikeja ,TILL-02,Tunde Bakare,2347072264559,SKU1006,Bigi Cola 50cl,Beverages,1,340.00,0,Bank Transfer
RCPT-100190,TXN100190,08/05/2026,21:44:00,Ikeja Branch,TILL-01,Tunde Bakare,08827243511,SKU1014,Dettol Soap 65g,Personal Care,1,350,0,Cash
RCPT-100433,TXN100433,2026-03-02,14:05:00,IKEJA,TILL-01,Segun Adeyemi,2347736587097,SKU1001,indomie noodles 70g,Grains & Staples,1,150,0,Cash
RCPT-101660,TXN101660,2026-03-01,15:52:00,MiniMart Express - Ikeja,TILL-01,Fatima Bello,,SKU1006,Bigi Cola 50cl,Beverages,1,380,0,CASH
RCPT-100382,TXN100382,02/06/2026,11:08:00,YABA,TILL-01,Blessing Nwosu,,SKU1027,Amstel Malta 33cl,Beverages,4,450,0,POS
RCPT-100654,TXN100654,19-06-2026,08:11:00,minimart express-ikeja ,TILL-01,Blessing Nwosu,,SKU1012,Kings Vegetable Oil 1L,Grains & Staples,2,2760,0,pos
RCPT-101818,TXN101818,2026-04-17,20:00:00,Surulere Branch,TILL-01,Ibrahim Musa,,SKU1009,Cowbell Milk Powder 360g,,2,2000,0,POS Card
RCPT-101379,TXN101379,2026-03-23,16:12:00,SURULERE,TILL-01,Segun Adeyemi,,SKU1013,Omo Detergent 900g,Household,1,1470,15,POS Card
RCPT-101196,TXN101196,2026-07-21,10:10:00,Yaba Branch,TILL-03,Tunde Bakare,,SKU1026,Chivita Juice 1L,Beverages,1,1270,0,Bank Transfer
RCPT-102505,TXN102505,2026-06-06,19:10:00,Ikeja Branch,TILL-01,Ibrahim Musa,08618615421,SKU1025,Tom Tom Sweet (pack),Snacks,4,330,0,Card
RCPT-100419,TXN100419,2026-06-25,18:10:00,Surulere Branch,TILL-01,Tunde Bakare,+2347335910256,SKU1024,"Pampers Diapers (pack, medium)",Baby Products,1,4770,0,Cash
RCPT-101510,TXN101510,2026-07-11,19:22:00,Yaba Branch,TILL-03,Tunde Bakare,,SKU1023,Ariel Detergent 900g,Household,1,1960,0,cash
RCPT-102368,TXN102368,2026-06-04,20:50:00,Yaba Branch,TILL-03,Fatima Bello,,SKU1029,Dano Milk Powder 400g,Dairy,1,2840,0,CASH
RCPT-101006,TXN101006,2026-06-29,15:33:00,SURULERE,TILL-01,Emeka Obi,,SKU1003,Golden Morn 500g,Grains & Staples,2,1590,0,POS Card
RCPT-102049,TXN102049,2026-03-25,08:34:00,MiniMart Express - Surulere,TILL-01,Ibrahim Musa,2347424225818,SKU1007,Gala Sausage Roll,Snacks,1,230,0,Card
RCPT-101249,TXN101249,2026-03-30,12:46 PM,SURULERE,TILL-01,Chidinma Okafor,2348728756150,SKU1019,Titus Sardine 125g,Canned Foods,1,720,0,Cash
RCPT-102065,TXN102065,01/04/2026,18:32:00,minimart express-ikeja ,TILL-02,Tunde Bakare,,SKU1021,Bournvita 500g,Beverages,3,2530,0,ATM Card
RCPT-101052,TXN101052,2026-03-06,10:16:00,Surulere Branch,TILL-01,Emeka Obi,0 8 1 0 7 3 8 1 3 7 6,SKU1026,Chivita Juice 1L,Beverages,2,1270,0,POS Card
RCPT-100996,TXN100996,14/05/2026,12:38:00, Yaba,TILL-01,Amaka Eze,8468896929,SKU1010,Mama Gold Rice5kg,Grains & Staples,1,"6,810.00",0,Cash
RCPT-100321,TXN100321,2026-05-12,12:45:00,YABA,TILL-01,Chidinma Okafor,,SKU1020,Cerelac Infant Cereal 400g,Baby Products,1,3340,5,Cash
RCPT-100873,TXN100873,2026-05-06,07:04:00,YABA,TILL-02,Fatima Bello,2348706321605,SKU1023,Ariel Detergent 900g,Household,1,,0,Bank Transfer
RCPT-101399,TXN101399,2026-04-06,10:08 AM,MiniMart Express - Surulere,TILL-01,Tunde Bakare,,SKU1022,Knorr Chicken Cubes (pack),Grains & Staples,1,,0,Cash
RCPT-101496,TXN101496,07/21/2026,21:51:00,MiniMart Express - Surulere,TILL-01,Ibrahim Musa,,SKU1018,Maltina 33cl,Beverages,1,430,0,Card
RCPT-100260,TXN100260,2026-03-25,20:28:00,Yaba Branch,TILL-03,Blessing Nwosu,,SKU1008,Milo 400g,Beverages,1,2060,0,Bank Transfer
RCPT-101959,TXN101959,21/03/2026,12:25:00,Ikeja Branch,TILL-02,Fatima Bello,,SKU1001, Indomie Noodles 70g ,Grains & Staples,236,170,0,cash
RCPT-102231,TXN102231,2026-03-02,12:20:00,MiniMart Express - Surulere,TILL-01,Emeka Obi,,SKU1010,Mama Gold Rice 5kg,Grains & Staples,1,"6,360.00",0,POS Card
RCPT-101434,TXN101434,2026-04-28,16:55:00,SURULERE,TILL-01,Segun Adeyemi,2347623800518,SKU1020,Cerelac Infant Cereal 400g,Baby Products,4,2930,0,ATM Card
RCPT-100449,TXN100449,2026-05-03,18:47:00,MiniMart Express - Ikeja,TILL-01,Fatima Bello,08038607411,SKU1017,La Casera 50cl,Beverages,2,320,0,Card
RCPT-101738,TXN101738,2026-03-16,12:09:00,Surulere Branch,TILL-01,,08918426572,SKU1019,Titus Sardine 125g,Canned Foods,1,₦790.00,0,USSD
RCPT-100997,TXN100997,2026-05-11,13:10:00,SURULERE,TILL-01,Chidinma Okafor,08574173773,SKU1030,Nasco Cornflakes 500g,Grains & Staples,1,1950,0,POS Card
RCPT-102398,TXN102398,2026-07-31,11:05:00,MiniMart Express - Surulere,TILL-01,Fatima Bello,07971976370,SKU1020,Cerelac Infant Cereal 400g,Baby Products,1,"₦3,510.00",0,Bank Transfer
RCPT-100666,TXN100666,05/14/2026,07:52:00,Ikeja Branch,TILL-01,Emeka Obi,07285012736,SKU1019,Titus Sardine 125g,Canned Foods,1,780.00,0,Cash
RCPT-101519,TXN101519,2026-04-02,19:58:00,Yaba Branch,TILL-03,Blessing Nwosu,,SKU1007,Gala Sausage Roll,Snacks,1,280,0,USSD
RCPT-101480,TXN101480,2026-03-13,14:39:00,MiniMart Express - Ikeja,TILL-01,Tunde Bakare,2349024897763,SKU1027,Amstel Malta 33cl,Beverages,1,420.00,0,POS Card
RCPT-102228,TXN102228,2026-07-22,18:18:00,MiniMart Express - Ikeja,TILL-01,Segun Adeyemi,08895932455,SKU1007,Gala Sausage Roll,Snacks,4,270,0,Bank Transfer
RCPT-102281,TXN102281,2026-04-05,14:18:00,MiniMart Express - Surulere,TILL-01,Ibrahim Musa,8331991142,SKU1014,Dettol Soap 65g,Personal Care,3,330,0,Bank Transfer
RCPT-102490,TXN102490,07/23/2026,18:24:00,MiniMart Express - Yaba,TILL-03,Ibrahim Musa,0 8 3 0 4 7 6 5 9 8 9,SKU1012,Kings Vegetable Oil 1L,,2,2680,0,ATM Card
RCPT-101480,TXN101480,2026-03-13,14:39:00,Ikeja Branch,TILL-01,Tunde Bakare,2349024897763,SKU1022,Knorr Chicken Cubes (pack),Grains & Staples,2,340,0,POS Card
RCPT-101368,TXN101368,04/15/2026,09:41:00,MiniMart Express - Yaba,TILL-03,Ibrahim Musa,2347841376903,SKU1017,La Casera 50cl,Beverages,1,390,0,POS Card
RCPT-102188,TXN102188,07-07-2026,15:44:00,MiniMart Express - Surulere,TILL-01,Tunde Bakare,+2348458391651,SKU1030,Nasco Cornflakes 500g,Grains & Staples,1,1950,0,Cash
RCPT-102332,TXN102332,2026-05-19,18:33:00,SURULERE,TILL-01,Tunde Bakare,07755600233,SKU1030,Nasco Cornflakes 500g,Grains & Staples,3,2160,0,Cash
RCPT-101843,TXN101843,30-06-2026,21:29:00,minimart express-ikeja ,TILL-01,Ibrahim Musa,2348643510869,SKU1015,Close Up Toothpaste 140ml,Personal Care,1,980,0,Card
RCPT-102020,TXN102020,2026-05-14,09:32:00, Yaba,TILL-01,Emeka Obi,,SKU1013,Omo Detergent 900g,Household,2,1460,0,pos
RCPT-101263,TXN101263,2026-05-27,07:02:00,Surulere Branch,TILL-01,Ibrahim Musa,,SKU1001, Indomie Noodles 70g ,Grains & Staples,1,140,0,POS
RCPT-100558,TXN100558,2026-07-20,13:43:00,MiniMart Express - Yaba,TILL-02,Amaka Eze,,SKU1023,Ariel Detergent 900g,Household,2,"1,910.00",0,Cash
RCPT-100715,TXN100715,2026-07-31,17:07:00,MiniMart Express - Ikeja,TILL-01,Emeka Obi,07702008669,SKU1004,Dangote Sugar 1kg,Grains & Staples,1,"₦1,180.00",0,Cash
RCPT-101412,TXN101412,2026-06-02,12:18:00,Ikeja Branch,TILL-01,Emeka Obi,7606462073,SKU1016,Eva Water 75cl,Beverages,4,210,0,CASH
RCPT-100448,TXN100448,2026-07-16,20:16:00, Yaba,TILL-03,Blessing Nwosu,,SKU1017,La Casera 50cl,Beverages,1,₦350.00,0,POS Card
RCPT-100721,TXN100721,05/12/2026,08:39:00,MiniMart Express - Ikeja,TILL-01,Fatima Bello,08754982314,SKU1006,Bigi Cola 50cl,Beverages,1,380,0,POS Card
RCPT-101735,TXN101735,2026-05-05,17:44:00,Ikeja Branch,TILL-01,Tunde Bakare,,SKU1027,Amstel Malta 33cl,Beverages,1,410,0,ussd
RCPT-101391,TXN101391,2026-05-30,13:16:00,SURULERE,TILL-01,Amaka Eze,,SKU1005,Coca Cola 50cl,Beverages,3,₦420.00,0,POS Card
RCPT-101682,TXN101682,2026-04-13,09:06:00,Ikeja Branch,TILL-01,Tunde Bakare,7906166118,SKU1010,MAMA GOLD RICE 5KG,Grains & Staples,4,6510,5,cash
RCPT-100086,TXN100086,30/04/2026,15:50:00,SURULERE,TILL-01,Fatima Bello,7731788191,SKU1002,peak milk evaporated170g,Dairy,4,660,0,USSD
RCPT-101539,TXN101539,2026-04-16,18:17:00,MiniMart Express - Surulere,TILL-01,Fatima Bello,,SKU1009,Cowbell Milk Powder 360g,Dairy,4,"₦1,740.00",0,cash
RCPT-101691,TXN101691,03/31/2026,20:02:00,IKEJA,TILL-01,Chidinma Okafor,,SKU1025,Tom Tom Sweet (pack),Snacks,1,300,0,transfer
RCPT-102153,TXN102153,2026-07-15,18:24:00,SURULERE,TILL-01,Fatima Bello,2347847215512,SKU1008,Milo 400g,Beverages,1,2200,0,POS Card
RCPT-100898,TXN100898,2026-06-20,13:54:00, Yaba,TILL-02,Emeka Obi,,SKU1011,Honeywell Semolina 2kg,Grains & Staples,1,2100,0,USSD
RCPT-101614,TXN101614,2026-03-28,18:07:00,Yaba Branch,TILL-01,Tunde Bakare,,SKU1003,Golden Morn 500g,Grains & Staples,2,1490,0,POS Card
RCPT-101200,TXN101200,2026-04-22,08:03:00,MiniMart Express - Surulere,TILL-01,Tunde Bakare,+2348555111189,SKU1023,Ariel Detergent 900g,Household,1,1840,0,pos
RCPT-102593,TXN102593,06/14/2026,10:05:00,SURULERE,TILL-01,Chidinma Okafor,,SKU1004,DANGOTE SUGAR 1KG ,Grains & Staples,3,1340,0,ATM Card
RCPT-102587,TXN102587,2026-07-04,07:44:00,Ikeja Branch,TILL-01,Emeka Obi,,SKU1005,Coke 50cl,Beverages,1,450,0,USSD
RCPT-100795,TXN100795,2026-04-22,11:26:00,IKEJA,TILL-02,Ibrahim Musa,,SKU1016,Eva Water 75cl,Beverages,1,190.00,0,pos
RCPT-100835,TXN100835,2026-07-26,11:56:00,Yaba Branch,TILL-03,Ibrahim Musa,2348324678367,SKU1005,Coca-Cola 50cl,BEVERAGES,2,420,0,transfer
RCPT-100847,TXN100847,2026-03-04,12:00:00,SURULERE,TILL-01,Tunde Bakare,,SKU1029,Dano Milk Powder 400g,Dairy,1,3040,0,POS
RCPT-101974,TXN101974,2026-03-10,19:23:00,SURULERE,TILL-01,Amaka Eze,,SKU1018,Maltina 33cl,Beverages,1,420,5,POS Card
RCPT-102530,TXN102530,2026-06-28,18:15:00,SURULERE,TILL-01,Segun Adeyemi,,SKU1011,Honeywell Semolina 2kg,Grains & Staples,4,,10,POS Card
RCPT-102443,TXN102443,2026-05-05,19:09:00,MiniMart Express - Surulere,TILL-01,Tunde Bakare,,SKU1015,Close Up Toothpaste 140ml,Personal Care,2,980,5,Card
RCPT-100180,TXN100180,2026-06-14,11:38:00,IKEJA,TILL-01,Ibrahim Musa,,SKU1026,Chivita Juice 1L,Beverages,2,1390,0,ussd
RCPT-100720,TXN100720,2026-04-21,08:05:00,MiniMart Express - Surulere,TILL-01,Blessing Nwosu,,SKU1011,Honeywell Semolina 2kg,Grains & Staples,1,2580,0,POS Card
RCPT-101246,TXN101246,2026-03-25,12:46:00,MiniMart Express - Surulere,TILL-01,Tunde Bakare,,SKU1026,Chivita Juice 1L,Beverages,2,1470,0,pos
RCPT-101420,TXN101420,2026-03-21,11:55:00,MiniMart Express - Ikeja,TILL-01,Emeka Obi,,SKU1001,INDOMIE NOODLES 70G,Grains & Staples,4,140,0,Bank Transfer
RCPT-102188,TXN102188,2026-07-07,15:44:00,MiniMart Express - Surulere,TILL-01,Tunde Bakare,+2348458391651,SKU1028,Semovita 2kg,,5,2220,0,Cash
RCPT-101982,TXN101982,01/05/2026,13:23:00,MiniMart Express - Yaba,TILL-02,Emeka Obi,,SKU1013,Omo Detergent 900g,Household,1,1440,0,POS
RCPT-101643,TXN101643,03/06/2026,13:00:00,MiniMart Express - Ikeja,TILL-01,Fatima Bello,8819293596,SKU1018,Maltina 33cl,Beverages,1,410,0,cash
RCPT-101987,TXN101987,2026-04-14,17:12:00,MiniMart Express - Surulere,TILL-01,Emeka Obi,7027294692,SKU1011,Honeywell Semolina 2kg,Grains & Staples,1,2210,0,ussd
RCPT-101450,TXN101450,2026-03-13,17:45:00,SURULERE,TILL-01,Chidinma Okafor,,SKU1011,Honeywell Semolina 2kg,Grains & Staples,1,2130,0,POS Card
RCPT-100435,TXN100435,14-04-2026,14:30:00,Surulere Branch,TILL-01,Segun Adeyemi,,SKU1011,Honeywell Semolina 2kg,Grains & Staples,2,2320,0,CASH
RCPT-102341,TXN102341,15/07/2026,12:13:00, Yaba,TILL-01,Segun Adeyemi,2348736325266,SKU1025,Tom Tom Sweet (pack),Snacks,4,330,0,POS
RCPT-101275,TXN101275,2026-05-17,19:20:00,Surulere Branch,TILL-01,Fatima Bello,,SKU1014,Dettol Soap 65g,Personal Care,2,370.00,0,Card
RCPT-101984,TXN101984,2026-05-13,08:37:00,Ikeja Branch,TILL-01,Tunde Bakare,,SKU1026,Chivita Juice 1L,Beverages,1,1430,0,CASH
RCPT-102128,TXN102128,2026-04-18,18:27:00,Ikeja Branch,TILL-01,Emeka Obi,09008732801,SKU1019,Titus Sardine 125g,Canned Foods,1,650,0,POS
RCPT-102489,TXN102489,2026-06-29,19:05:00,SURULERE,TILL-01,Amaka Eze,8681834937,SKU1030,Nasco Cornflakes 500g,Grains & Staples,2,"₦2,140.00",0,ussd
RCPT-100770,TXN100770,2026-07-12,10:04:00,YABA,TILL-02,Emeka Obi,8464350726,SKU1012,Kings Vegetable Oil 1L,Grains & Staples,5,2980,0,Cash
RCPT-102341,TXN102341,2026-07-15,12:13:00,MiniMart Express - Yaba,TILL-01,Segun Adeyemi,2348736325266,SKU1014,Dettol Soap 65g,Personal Care,1,400,0,POS
RCPT-102158,TXN102158,04/10/2026,20:40:00,MiniMart Express - Ikeja,TILL-02,Segun Adeyemi,7244479042,SKU1019,Titus Sardine 125g,Canned Foods,1,650,0,Bank Transfer
RCPT-102465,TXN102465,05/04/2026,14:22:00,SURULERE,TILL-01,Blessing Nwosu,,SKU1015,Close Up Toothpaste 140ml,Personal Care,2,860,0,Cash
RCPT-101187,TXN101187,2026-06-03,09:51:00, Yaba,TILL-03,Fatima Bello,+2347833721550,SKU1019,Titus Sardine 125g,Canned Foods,5,650,0,POS Card
RCPT-100842,TXN100842,05/22/2026,08:42:00,Yaba Branch,TILL-03,Emeka Obi,,SKU1020,Cerelac Infant Cereal 400g,Baby Products,1,3600,0,CASH
RCPT-101478,TXN101478,2026-06-14,14:25:00,MiniMart Express - Ikeja,TILL-02,Segun Adeyemi,,SKU1015,Close Up Toothpaste 140ml,Personal Care,1,930,0,transfer
RCPT-100107,TXN100107,2026-03-10,14:09:00,SURULERE,TILL-01,Tunde Bakare,,SKU1008,Milo 400g,Beverages,3,"2,310.00",0,POS Card
RCPT-100557,TXN100557,2026-07-31,10:17:00,IKEJA,TILL-02,Chidinma Okafor,,SKU1007,Gala Sausage Roll,Snacks,1,280.00,0,Cash
RCPT-102044,TXN102044,2026-05-06,16:43:00,YABA,TILL-01,Emeka Obi,,SKU1007,Gala Sausage Roll,SNACKS,3,270.00,0,Transfer
RCPT-101047,TXN101047,23-06-2026,17:44:00,MiniMart Express - Ikeja,TILL-02,Blessing Nwosu,,SKU1021,Bournvita 500g,Beverages,4,2220,0,cash
RCPT-101510,TXN101510,11-07-2026,19:22:00, Yaba,TILL-03,Tunde Bakare,,SKU1002,peak milk evaporated170g,Dairy,4,₦720.00,0,cash
RCPT-101434,TXN101434,2026-04-28,16:55:00,SURULERE,TILL-01,Segun Adeyemi,2347623800518,SKU1027,Amstel Malta 33cl,BEVERAGES,1,390,0,ATM Card
RCPT-102506,TXN102506,2026-07-17,16:43:00,MiniMart Express - Surulere,TILL-01,Fatima Bello,07277550481,SKU1017,La Casera 50cl,Beverages,2,380,0,CASH
RCPT-101426,TXN101426,2026-04-20,14:17:00,MiniMart Express - Yaba,TILL-02,Emeka Obi,,SKU1005,Coca-Cola 50cl,Beverages,5,,0,ATM Card
RCPT-101425,TXN101425,2026-04-19,10:32:00,IKEJA,TILL-01,Segun Adeyemi,,SKU1011,Honeywell Semolina 2kg,Grains & Staples,1,"2,100.00",0,Cash
RCPT-101247,TXN101247,2026-04-16,20:27:00,Yaba Branch,TILL-02,Tunde Bakare,,SKU1009,Cowbell Milk Powder 360g,Dairy,1,2040,0,ATM Card
RCPT-100924,TXN100924,2026-03-09,16:39:00, Yaba,TILL-02,Emeka Obi,,SKU1020,Cerelac Infant Cereal 400g,,3,3420,0,Cash
RCPT-100103,TXN100103,06/08/2026,17:19:00,Ikeja Branch,TILL-01,,+2347401707762,SKU1029,Dano Milk Powder 400g,Dairy,1,,0,ATM Card
RCPT-102042,TXN102042,2026-06-19,19:18:00,minimart express-ikeja ,TILL-01,Segun Adeyemi,,SKU1009,Cowbell Milk Powder 360g,,1,1840,0,Transfer
RCPT-100535,TXN100535,2026-03-03,15:43:00,Yaba Branch,TILL-01,Segun Adeyemi,,SKU1010,Mama Gold Rice5kg,Grains & Staples,1,6080,5,Bank Transfer
RCPT-100884,TXN100884,2026-03-06,11:26:00,Ikeja Branch,TILL-02,Chidinma Okafor,,SKU1013,Omo Detergent 900g,Household,3,1450,0,POS Card
RCPT-101651,TXN101651,14/06/2026,11:34:00,Ikeja Branch,TILL-02,Ibrahim Musa,+2347597294737,SKU1017,La Casera 50cl,,2,400,0,POS Card
RCPT-100487,TXN100487,2026-06-07,11:47:00,minimart express-ikeja ,TILL-02,Segun Adeyemi,2348783272177,SKU1006,Bigi Cola 50cl,Beverages,3,370,0,POS Card
RCPT-101299,TXN101299,20-03-2026,15:03:00,Surulere Branch,TILL-01,Segun Adeyemi,,SKU1026,Chivita Juice 1L,Beverages,303,1400,0,Cash
RCPT-102037,TXN102037,2026-04-28,17:23:00,YABA,TILL-02,Ibrahim Musa,,SKU1002,Peak Milk Evaporated 170g,Dairy,1,610.00,0,POS Card
RCPT-101153,TXN101153,2026-04-10,15:27:00,IKEJA,TILL-02,Emeka Obi,,SKU1004,Dangote sugar 1Kg,Grains & Staples,1,"1,140.00",0,Transfer
RCPT-102158,TXN102158,2026-04-10,20:40:00,Ikeja Branch,TILL-02,Segun Adeyemi,7244479042,SKU1007,Gala Sausage Roll,Snacks,4,₦260.00,0,Bank Transfer
RCPT-100583,TXN100583,01-04-2026,09:22:00,MiniMart Express - Yaba,TILL-01,Emeka Obi,,SKU1002,Peak Milk Evap 170g,Dairy,1,740,15,POS Card
RCPT-101276,TXN101276,2026-05-04,21:53:00,SURULERE,TILL-01,Ibrahim Musa,08641903147,SKU1026,Chivita Juice 1L,Beverages,1,"1,480.00",0,USSD
RCPT-102231,TXN102231,2026-03-02,12:20 PM,SURULERE,TILL-01,Emeka Obi,,SKU1017,La Casera 50cl,Beverages,1,370,0,POS Card
RCPT-101238,TXN101238,2026-05-29,10:46:00,MiniMart Express - Ikeja,TILL-02,Segun Adeyemi,,SKU1002,Peak Milk Evap 170g,Dairy,3,700,0,ATM Card
RCPT-100932,TXN100932,2026-06-22,14:21:00,MiniMart Express - Yaba,TILL-01,Blessing Nwosu,8789545034,SKU1015,Close Up Toothpaste 140ml,Personal Care,5,,0,pos
RCPT-100094,TXN100094,2026-06-08,21:00:00,Surulere Branch,TILL-01,,7 3 7 8 9 1 3 2 8 6,SKU1020,Cerelac Infant Cereal 400g,Baby Products,3,3640,0,cash
RCPT-101266,TXN101266,2026-03-16,12:16:00,minimart express-ikeja ,TILL-01,Emeka Obi,,SKU1010,MAMA GOLD RICE 5KG,Grains & Staples,3,6230,0,Transfer
RCPT-101395,TXN101395,2026-03-13,12:20:00,Ikeja Branch,TILL-01,Emeka Obi,,SKU1011,Honeywell Semolina 2kg,Grains & Staples,2,"₦2,550.00",0,CASH
RCPT-101702,TXN101702,06/11/2026,17:00:00,Surulere Branch,TILL-01,Segun Adeyemi,,SKU1009,Cowbell Milk Powder 360g,Dairy,2,"1,930.00",0,Cash
RCPT-101254,TXN101254,04/23/2026,14:47:00,Ikeja Branch,TILL-01,Ibrahim Musa,,SKU1023,Ariel Detergent 900g,Household,4,1610,0,Transfer
RCPT-102445,TXN102445,02/06/2026,04:43 PM,MiniMart Express - Surulere,TILL-01,Tunde Bakare,,SKU1002,Peak Milk Evaporated 170g,Dairy,1,750,0,POS Card
RCPT-100203,TXN100203,2026-07-23,21:30:00, Yaba,TILL-01,Chidinma Okafor,,SKU1013,Omo Detergent 900g,Household,1,1540,0,POS Card
RCPT-100257,TXN100257,2026-06-05,19:31:00,SURULERE,TILL-01,Segun Adeyemi,08349087498,SKU1011,Honeywell Semolina 2kg,Grains & Staples,1,2230,0,POS Card
RCPT-102517,TXN102517,10-03-2026,10:52:00,MiniMart Express - Ikeja,TILL-01,Emeka Obi,,SKU1007,Gala Sausage Roll,Snacks,3,₦280.00,0,Cash
RCPT-102171,TXN102171,12-04-2026,19:57:00,Yaba Branch,TILL-02,Ibrahim Musa,+2347251839207,SKU1027,Amstel Malta 33cl,Beverages,1,₦380.00,0,Bank Transfer
RCPT-100695,TXN100695,2026-05-09,19:25:00,YABA,TILL-03,Amaka Eze,8527930068,SKU1027,Amstel Malta 33cl,,1,390,0,Cash
RCPT-101175,TXN101175,2026-05-07,10:22:00,MiniMart Express - Yaba,TILL-01,Chidinma Okafor,2 3 4 7 1 9 9 7 3 6 5 1 0,SKU1020,Cerelac Infant Cereal 400g,Baby Products,3,2920,0,Transfer
RCPT-102170,TXN102170,2026-06-24,11:23:00,minimart express-ikeja ,TILL-01,Chidinma Okafor,0 7 9 4 7 5 9 2 0 5 4,SKU1010,Mama Gold Rice 5kg,Grains & Staples,2,5870,0,Bank Transfer
RCPT-100203,TXN100203,2026-07-23,21:30:00,MiniMart Express - Yaba,TILL-01,Chidinma Okafor,,SKU1010,MAMA GOLD RICE 5KG,Grains & Staples,2,5870,0,POS Card
RCPT-100807,TXN100807,2026-06-22,15:17:00,minimart express-ikeja ,TILL-02,Emeka Obi,+2347627710193,SKU1005,COCA COLA 50CL,Beverages,1,410,0,POS Card
RCPT-100514,TXN100514,2026-07-16,21:07:00,IKEJA,TILL-01,Fatima Bello,,SKU1025,Tom Tom Sweet (pack),Snacks,3,340.00,0,Bank Transfer
RCPT-102336,TXN102336,2026-05-29,16:31:00, Yaba,TILL-03,Emeka Obi,,SKU1030,Nasco Cornflakes 500g,Grains & Staples,1,"2,000.00",0,POS Card
RCPT-101375,TXN101375,2026-05-09,20:11:00, Yaba,TILL-03,Blessing Nwosu,2347603359706,SKU1010,Mama Gold Rice5kg,Grains & Staples,1,6770,0,Transfer
RCPT-101820,TXN101820,2026-03-31,17:20:00,MiniMart Express - Surulere,TILL-01,Chidinma Okafor,2348561586562,SKU1012,Kings Vegetable Oil 1L,Grains & Staples,3,2960,0,Cash
RCPT-100653,TXN100653,2026-03-11,20:09:00,MiniMart Express - Yaba,TILL-03,Chidinma Okafor,08075440882,SKU1030,Nasco Cornflakes 500g,Grains & Staples,1,2130,0,ussd
RCPT-101824,TXN101824,2026-04-12,17:00:00,MiniMart Express - Yaba,TILL-01,Tunde Bakare,7737992456,SKU1011,Honeywell Semolina 2kg,Grains & Staples,3,2410,15,Card
RCPT-100706,TXN100706,2026-04-27,15:59:00,MiniMart Express - Ikeja,TILL-02,Emeka Obi,,SKU1022,Knorr Chicken Cubes (pack),Grains & Staples,2,330,0,POS Card
RCPT-102525,TXN102525,06/16/2026,17:38:00,Surulere Branch,TILL-01,Blessing Nwosu,08759244184,SKU1026,Chivita Juice 1L,Beverages,1,1190,0,Bank Transfer
RCPT-101054,TXN101054,2026-03-18,15:24:00,Ikeja Branch,TILL-01,Ibrahim Musa,,SKU1003,Golden Morn 500g,Grains & Staples,3,"₦1,400.00",15,ATM Card
RCPT-100420,TXN100420,2026-06-25,19:55:00,Surulere Branch,TILL-01,Tunde Bakare,07741604880,SKU1020,Cerelac Infant Cereal 400g,Baby Products,2,2990,0,POS Card
RCPT-101854,TXN101854,2026-07-15,18:06:00,SURULERE,TILL-01,Chidinma Okafor,,SKU1029,Dano Milk Powder 400g,Dairy,1,"2,890.00",0,POS Card
RCPT-100124,TXN100124,2026-06-21,18:10:00, Yaba,TILL-02,Ibrahim Musa,,SKU1021,Bournvita 500g,Beverages,1,2610,0,Bank Transfer
RCPT-102045,TXN102045,2026-05-02,11:44:00,MiniMart Express - Yaba,TILL-02,Amaka Eze,2 3 4 7 6 2 3 2 2 6 7 7 1,SKU1002,Peak Milk Evap 170g,DAIRY,4,620,0,Bank Transfer
RCPT-101444,TXN101444,2026-05-04,21:39:00,MiniMart Express - Yaba,TILL-02,Ibrahim Musa,,SKU1016,Eva Water 75cl,,2,200,0,transfer
RCPT-102399,TXN102399,2026-06-21,11:36:00, Yaba,TILL-02,Blessing Nwosu,,SKU1027,Amstel Malta 33cl,Beverages,1,430,0,pos
RCPT-102190,TXN102190,2026-03-17,11:54:00,Yaba Branch,TILL-03,Chidinma Okafor,,SKU1005,Coke 50cl,Beverages,2,430,0,ussd
RCPT-100957,TXN100957,2026-06-06,17:26:00,Ikeja Branch,TILL-01,Chidinma Okafor,,SKU1015,Close Up Toothpaste 140ml,Personal Care,1,1020,0,Transfer
RCPT-100237,TXN100237,2026-05-17,07:40:00,Ikeja Branch,TILL-01,Blessing Nwosu,2347631566701,SKU1013,Omo Detergent 900g,Household,3,1740,15,transfer
RCPT-101632,TXN101632,06-07-2026,15:35:00,minimart express-ikeja ,TILL-01,Fatima Bello,,SKU1013,Omo Detergent 900g,Household,2,1600,5,POS Card
RCPT-100583,TXN100583,01/04/2026,09:22:00,MiniMart Express - Yaba,TILL-01,Emeka Obi,,SKU1026,Chivita Juice 1L,Beverages,5,1380,10,POS Card
RCPT-101967,TXN101967,2026-06-14,20:58:00,MiniMart Express - Yaba,TILL-01,Amaka Eze,8 8 4 3 2 6 2 2 8 5,SKU1025,Tom Tom Sweet (pack),,1,320.00,0,pos
RCPT-100170,TXN100170,2026-06-21,18:40:00,SURULERE,TILL-01,Tunde Bakare,,SKU1013,Omo Detergent 900g,Household,1,1640,0,Cash
RCPT-102447,TXN102447,2026-05-27,16:06:00,MiniMart Express - Ikeja,TILL-02,Segun Adeyemi,,SKU1006,Bigi Cola 50cl,Beverages,3,350.00,15,POS
RCPT-102301,TXN102301,04/13/2026,10:10:00,Ikeja Branch,TILL-02,Blessing Nwosu,+2348421866300,SKU1026,Chivita Juice 1L,Beverages,5,1170,0,Cash
RCPT-100180,TXN100180,2026-06-14,11:38:00,IKEJA,TILL-01,Ibrahim Musa,,SKU1026,Chivita Juice 1L,Beverages,2,1390,0,ussd
RCPT-101737,TXN101737,2026-04-27,09:13:00,YABA,TILL-03,,,SKU1019,Titus Sardine 125g,Canned Foods,1,750,0,Transfer
RCPT-100482,TXN100482,2026-05-23,11:40:00,MiniMart Express - Ikeja,TILL-01,Ibrahim Musa,2347042895065,SKU1020,Cerelac Infant Cereal 400g,Baby Products,4,3210,0,POS
RCPT-100465,TXN100465,28/05/2026,18:43:00,IKEJA,TILL-02,Chidinma Okafor,,SKU1007,Gala Sausage Roll,Snacks,2,,0,transfer
RCPT-100955,TXN100955,27/05/2026,13:55:00,Surulere Branch,TILL-01,Chidinma Okafor,07809033685,SKU1002,Peak Milk Evap 170g,DAIRY,1,,0,Card
RCPT-101269,TXN101269,01/03/2026,16:48:00,Surulere Branch,TILL-01,Blessing Nwosu,2348494414674,SKU1009,Cowbell Milk Powder 360g,Dairy,2,"₦1,710.00",0,Card
RCPT-101173,TXN101173,2026-07-22,16:51:00,MiniMart Express - Ikeja,TILL-02,Emeka Obi,08341252589,SKU1019,Titus Sardine 125g,Canned Foods,3,670,15,Bank Transfer
RCPT-100256,TXN100256,2026-07-24,17:30:00, Yaba,TILL-03,Amaka Eze,08725947259,SKU1010,Mama Gold Rice 5kg,Grains & Staples,4,5870,0,Bank Transfer
RCPT-101046,TXN101046,05/14/2026,11:42:00,MiniMart Express - Surulere,TILL-01,Tunde Bakare,,SKU1005,Coke 50cl,Beverages,3,430,0,cash
RCPT-102298,TXN102298,2026-06-18,14:46:00,Surulere Branch,TILL-01,Blessing Nwosu,,SKU1025,Tom Tom Sweet (pack),Snacks,1,₦290.00,0,Bank Transfer
RCPT-101669,TXN101669,2026-04-20,21:51:00,MiniMart Express - Surulere,TILL-01,Tunde Bakare,,SKU1009,Cowbell Milk Powder 360g,Dairy,1,,0,USSD
RCPT-100431,TXN100431,2026-05-09,20:19:00,IKEJA,TILL-01,Ibrahim Musa,+2347643206651,SKU1014,Dettol Soap 65g,Personal Care,2,350,0,CASH
RCPT-102520,TXN102520,2026-06-15,21:39:00,Surulere Branch,TILL-01,Ibrahim Musa,8174065586,SKU1021,Bournvita 500g,Beverages,4,2230,0,Cash
RCPT-101787,TXN101787,16/07/2026,13:15:00,SURULERE,TILL-01,Emeka Obi,7 6 9 7 5 4 8 5 8 3,SKU1003,Golden Morn 500g,Grains & Staples,1,"1,550.00",0,POS Card
RCPT-100172,TXN100172,2026-04-05,13:50:00,YABA,TILL-01,Chidinma Okafor,2347864527197,SKU1006,Bigi Cola 50cl,Beverages,5,330.00,0,POS Card
RCPT-100979,TXN100979,03/26/2026,11:49:00,MiniMart Express - Surulere,TILL-01,Chidinma Okafor,,SKU1029,Dano Milk Powder 400g,Dairy,5,2750,15,cash
RCPT-102426,TXN102426,2026-07-03,12:23:00,Surulere Branch,TILL-01,Blessing Nwosu,07662629313,SKU1027,Amstel Malta 33cl,Beverages,4,₦440.00,0,Cash
RCPT-101653,TXN101653,2026-05-20,11:17:00,Ikeja Branch,TILL-02,Blessing Nwosu,,SKU1009,Cowbell Milk Powder 360g,Dairy,2,1910,0,Bank Transfer
RCPT-101979,TXN101979,2026-06-20,17:33:00,MiniMart Express - Surulere,TILL-01,Emeka Obi,+2348467643221,SKU1020,Cerelac Infant Cereal 400g,Baby Products,1,2950,0,Transfer
RCPT-102121,TXN102121,2026-04-01,08:13:00,minimart express-ikeja ,TILL-01,Tunde Bakare,,SKU1030,Nasco Cornflakes 500g,Grains & Staples,1,1910,0,POS Card
RCPT-100096,TXN100096,2026-04-16,21:58:00,MiniMart Express - Surulere,TILL-01,Emeka Obi,,SKU1017,La Casera 50cl,Beverages,2,390,0,POS Card
RCPT-101351,TXN101351,2026-07-08,11:26:00,MiniMart Express - Ikeja,TILL-01,,+2347171529751,SKU1023,Ariel Detergent 900g,Household,2,1760,0,Transfer
RCPT-100170,TXN100170,21/06/2026,18:40:00,Surulere Branch,TILL-01,Tunde Bakare,,SKU1011,Honeywell Semolina 2kg,Grains & Staples,1,2150,0,Cash
RCPT-101344,TXN101344,2026-07-26,09:38:00,MiniMart Express - Surulere,TILL-01,Amaka Eze,,SKU1013,Omo Detergent 900g,Household,1,"1,610.00",0,Bank Transfer
RCPT-101306,TXN101306,23/06/2026,20:10:00, Yaba,TILL-02,Segun Adeyemi,+2348378194417,SKU1003,Golden Morn 500g,Grains & Staples,1,1600,0,Cash
RCPT-100588,TXN100588,2026-04-09,19:23:00,YABA,TILL-02,Emeka Obi,2347432434306,SKU1007,Gala Sausage Roll,Snacks,1,240,0,Bank Transfer
RCPT-102239,TXN102239,25-07-2026,15:28:00,IKEJA,TILL-01,Fatima Bello,2348685322142,SKU1017,La Casera 50cl,BEVERAGES,3,320,0,POS Card
RCPT-101689,TXN101689,2026-04-29,08:32:00,MiniMart Express - Yaba,TILL-03,Fatima Bello,07917232835,SKU1016,Eva Water 75cl,Beverages,-1,180,0,POS Card
RCPT-100391,TXN100391,06/16/2026,19:02:00,Surulere Branch,TILL-01,Chidinma Okafor,,SKU1018,Maltina 33cl,Beverages,2,430.00,0,Cash
RCPT-102574,TXN102574,06/03/2026,17:25:00,Yaba Branch,TILL-03,Segun Adeyemi,2348211255994,SKU1028,Semovita 2kg,Grains & Staples,1,2180,0,transfer
RCPT-100723,TXN100723,2026-07-26,18:09:00,Ikeja Branch,TILL-01,Amaka Eze,,SKU1005,Coca Cola 50cl,Beverages,4,360,0,Bank Transfer
RCPT-101623,TXN101623,2026-05-15,09:38:00,Yaba Branch,TILL-02,Amaka Eze,,SKU1003,Golden Morn 500g,Grains & Staples,2,1520,0,USSD
RCPT-100626,TXN100626,03/15/2026,12:44:00, Yaba,TILL-01,Chidinma Okafor,8494021783,SKU1013,Omo Detergent 900g,Household,3,1530,0,ussd
RCPT-102038,TXN102038,16-03-2026,13:43:00,MiniMart Express - Yaba,TILL-03,Ibrahim Musa,,SKU1011,Honeywell Semolina 2kg,Grains & Staples,4,"2,470.00",0,Transfer
RCPT-101842,TXN101842,2026-03-14,04:49 PM,MiniMart Express - Ikeja,TILL-02,Ibrahim Musa,+2348863915623,SKU1020,Cerelac Infant Cereal 400g,,3,3150,0,pos
RCPT-101837,TXN101837,2026-07-05,18:50:00,MiniMart Express - Ikeja,TILL-02,Chidinma Okafor,,SKU1008,Milo 400g,Beverages,1,1910,0,POS Card
RCPT-101128,TXN101128,2026-06-25,08:05:00,YABA,TILL-02,Segun Adeyemi,07203812733,SKU1023,Ariel Detergent 900g,Household,2,"1,820.00",0,cash
RCPT-100086,TXN100086,30/04/2026,15:50:00,SURULERE,TILL-01,Fatima Bello,7731788191,SKU1011,Honeywell Semolina 2kg,Grains & Staples,1,2480,0,USSD
RCPT-100271,TXN100271,05/05/2026,09:29:00,MiniMart Express - Yaba,TILL-01,Fatima Bello,,SKU1016,Eva Water 75cl,Beverages,1,₦210.00,0,Cash
RCPT-102328,TXN102328,2026-03-17,18:24:00,Yaba Branch,TILL-01,Amaka Eze,7704960797,SKU1019,Titus Sardine 125g,Canned Foods,-1,770,0,USSD
RCPT-100422,TXN100422,2026-04-23,10:56:00,Ikeja Branch,TILL-02,Fatima Bello,07817947694,SKU1011,Honeywell Semolina 2kg,Grains & Staples,1,"₦2,270.00",0,POS Card
RCPT-101495,TXN101495,2026-04-14,14:08:00,MiniMart Express - Yaba,TILL-02,Chidinma Okafor,,SKU1006,Bigi Cola 50cl,Beverages,3,₦330.00,0,Card
RCPT-100008,TXN100008,07/03/2026,10:59:00,MiniMart Express - Ikeja,TILL-01,Fatima Bello,,SKU1026,Chivita Juice 1L,Beverages,1,1210,0,USSD
RCPT-101031,TXN101031,2026-05-19,17:53:00,Yaba Branch,TILL-01,Chidinma Okafor,,SKU1008,Milo 400g,Beverages,1,"₦1,920.00",0,Bank Transfer
RCPT-101623,TXN101623,2026-05-15,09:38:00,YABA,TILL-02,Amaka Eze,,SKU1016,Eva Water 75cl,Beverages,2,230.00,0,USSD
RCPT-100837,TXN100837,2026-04-24,11:56:00,YABA,TILL-01,Segun Adeyemi,+ 2 3 4 7 7 2 5 1 3 9 0 8 0,SKU1024,"Pampers Diapers (pack, medium)",Baby Products,1,5050,0,Cash
RCPT-100145,TXN100145,07/06/2026,15:16:00,YABA,TILL-01,Blessing Nwosu,,SKU1001,Indomie Noodle 70g,Grains & Staples,1,₦150.00,0,transfer
RCPT-101344,TXN101344,2026-07-26,09:38:00,Surulere Branch,TILL-01,Amaka Eze,,SKU1008,Milo 400g,Beverages,3,,10,Bank Transfer
RCPT-102128,TXN102128,18/04/2026,18:27:00,MiniMart Express - Ikeja,TILL-01,Emeka Obi,09008732801,SKU1009,Cowbell Milk Powder 360g,Dairy,1,1810,0,POS
RCPT-100597,TXN100597,20/04/2026,18:23:00,MiniMart Express - Ikeja,TILL-01,Ibrahim Musa,,SKU1027,Amstel Malta 33cl,Beverages,2,380,0,Bank Transfer
RCPT-100179,TXN100179,2026-04-25,18:57:00,Yaba Branch,TILL-02,Amaka Eze,+2347558416504,SKU1023,Ariel Detergent 900g,Household,1,,0,transfer
RCPT-102582,TXN102582,2026-06-29,20:58:00,YABA,TILL-01,Blessing Nwosu,7275310239,SKU1029,Dano Milk Powder 400g,Dairy,2,2650,0,POS Card
RCPT-100111,TXN100111,2026-06-14,21:19:00,minimart express-ikeja ,TILL-01,Segun Adeyemi,,SKU1024,"Pampers Diapers (pack, medium)",Baby Products,1,"₦4,910.00",0,USSD
RCPT-100637,TXN100637,24-06-2026,09:15:00,MiniMart Express - Ikeja,TILL-02,Chidinma Okafor,,SKU1001,Indomie Noodle 70g,Grains & Staples,1,150,5,Cash
RCPT-101607,TXN101607,2026-07-02,10:43 AM,MiniMart Express - Yaba,TILL-02,Tunde Bakare,,SKU1018,Maltina 33cl,Beverages,3,₦410.00,0,POS Card
RCPT-101396,TXN101396,2026-04-10,13:37:00,SURULERE,TILL-01,Amaka Eze,,SKU1008,Milo 400g,Beverages,3,1960,15,Cash
RCPT-101382,TXN101382,2026-03-09,19:15:00,Ikeja Branch,TILL-01,,,SKU1005,Coke 50cl,Beverages,3,400,0,Cash
RCPT-101332,TXN101332,2026-04-26,11:32:00,Yaba Branch,TILL-03,Tunde Bakare,,SKU1009,Cowbell Milk Powder 360g,Dairy,2,1830,10,USSD
RCPT-100874,TXN100874,2026-05-21,09:54:00,MiniMart Express - Surulere,TILL-01,Fatima Bello,2347738125083,SKU1014,Dettol Soap 65g,Personal Care,3,370,0,Bank Transfer
RCPT-100133,TXN100133,2026-06-18,18:44:00,Surulere Branch,TILL-01,Blessing Nwosu,+2348384475340,SKU1030,Nasco Cornflakes 500g,Grains & Staples,3,1950,10,POS Card
RCPT-102185,TXN102185,25/05/2026,11:59:00,Surulere Branch,TILL-01,Amaka Eze,,SKU1014,Dettol Soap 65g,Personal Care,1,370,0,Cash
RCPT-100136,TXN100136,2026-04-19,16:14:00,minimart express-ikeja ,TILL-02,Chidinma Okafor,0 8 9 6 5 6 6 2 8 4 4,SKU1003,Golden Morn 500g,Grains & Staples,1,1600,0,pos
RCPT-102520,TXN102520,2026-06-15,21:39:00,Surulere Branch,TILL-01,Ibrahim Musa,8174065586,SKU1022,Knorr Chicken Cubes (pack),Grains & Staples,1,300,0,Cash
RCPT-101069,TXN101069,2026-03-26,19:38:00,SURULERE,TILL-01,Tunde Bakare,7463015027,SKU1005,COCA COLA 50CL,Beverages,180,380,0,Bank Transfer
RCPT-100568,TXN100568,09/05/2026,08:38:00,YABA,TILL-01,Emeka Obi,+2347476413525,SKU1027,Amstel Malta 33cl,Beverages,1,360,0,transfer
RCPT-102391,TXN102391,2026-05-04,11:06:00,Yaba Branch,TILL-02,Segun Adeyemi,2348485030059,SKU1004,Dangote Sugar 1kg,Grains & Staples,1,1330,0,Cash
RCPT-102070,TXN102070,2026-06-19,14:50:00,MiniMart Express - Surulere,TILL-01,Segun Adeyemi,,SKU1019,Titus Sardine 125g,Canned Foods,1,650,0,Bank Transfer
RCPT-102472,TXN102472,2026-07-28,09:27:00,MiniMart Express - Ikeja,TILL-01,Chidinma Okafor,,SKU1008,Milo 400g,Beverages,4,2000,0,Transfer
RCPT-100911,TXN100911,2026-06-11,12:17:00,IKEJA,TILL-01,Segun Adeyemi,07136237113,SKU1025,Tom Tom Sweet (pack),Snacks,3,270,0,USSD
RCPT-100585,TXN100585,2026-07-13,10:15:00,SURULERE,TILL-01,Tunde Bakare,,SKU1011,Honeywell Semolina 2kg,Grains & Staples,3,2610,0,Cash
RCPT-102020,TXN102020,14/05/2026,09:32:00, Yaba,TILL-01,Emeka Obi,,SKU1028,Semovita 2kg,Grains & Staples,1,1920,0,pos
RCPT-100276,TXN100276,2026-03-14,18:22:00,SURULERE,TILL-01,Chidinma Okafor,+2348982191407,SKU1020,Cerelac Infant Cereal 400g,Baby Products,1,3030,0,Bank Transfer
RCPT-102539,TXN102539,2026-03-07,21:37:00,SURULERE,TILL-01,Amaka Eze,2347358886956,SKU1010,Mama Gold Rice5kg,Grains & Staples,3,7030,0,POS
RCPT-101202,TXN101202,2026-03-04,12:33:00,Surulere Branch,TILL-01,Segun Adeyemi,+2348867573554,SKU1010,Mama Gold Rice 5kg,Grains & Staples,2,6880,0,Cash
RCPT-102106,TXN102106,06/22/2026,20:43:00,MiniMart Express - Ikeja,TILL-02,Emeka Obi,2348274116918,SKU1019,Titus Sardine 125g,Canned Foods,1,650,0,Cash
RCPT-101191,TXN101191,2026-06-20,10:02:00,Yaba Branch,TILL-03,Ibrahim Musa,+2348598071758,SKU1026,Chivita Juice 1L,Beverages,1,1370,0,POS
RCPT-100323,TXN100323,2026-03-02,17:56:00,SURULERE,TILL-01,Fatima Bello,,SKU1007,Gala Sausage Roll,Snacks,1,250,0,transfer
RCPT-100616,TXN100616,02/05/2026,16:07:00,Surulere Branch,TILL-01,Fatima Bello,,SKU1012,Kings Vegetable Oil 1L,Grains & Staples,2,2410,0,pos
RCPT-102362,TXN102362,2026-04-20,12:38:00,IKEJA,TILL-02,Emeka Obi,2347761582073,SKU1023,Ariel Detergent 900g,Household,1,1820,0,transfer
RCPT-102461,TXN102461,2026-06-20,02:52 PM,Yaba Branch,TILL-02,Blessing Nwosu,,SKU1005,COCA COLA 50CL,Beverages,1,₦380.00,0,POS
RCPT-100722,TXN100722,2026-05-10,19:16:00,IKEJA,TILL-02,Blessing Nwosu,,SKU1006,Bigi Cola 50cl,Beverages,1,,0,POS
RCPT-100127,TXN100127,2026-06-11,08:41:00, Yaba,TILL-02,Blessing Nwosu,,SKU1003,Golden Morn 500g,Grains & Staples,2,"₦1,450.00",0,pos
RCPT-102114,TXN102114,2026-04-24,14:42:00, Yaba,TILL-01,Blessing Nwosu,,SKU1008,Milo 400g,Beverages,1,"₦2,050.00",0,pos
RCPT-101590,TXN101590,2026-04-06,19:36:00,minimart express-ikeja ,TILL-01,Amaka Eze,,SKU1002,Peak Milk Evap 170g,Dairy,1,620,0,cash
RCPT-101476,TXN101476,2026-07-21,11:35:00,Yaba Branch,TILL-01,Ibrahim Musa,07335142398,SKU1013,Omo Detergent 900g,Household,2,1570,0,Cash
RCPT-101935,TXN101935,02/04/2026,09:49:00,IKEJA,TILL-01,Fatima Bello,,SKU1017,La Casera 50cl,Beverages,2,360,0,cash
RCPT-101748,TXN101748,2026-05-31,12:50:00,MiniMart Express - Surulere,TILL-01,Chidinma Okafor,2347031761987,SKU1005,Coke 50cl,Beverages,3,420,0,Cash
RCPT-102131,TXN102131,2026-07-03,11:01:00,minimart express-ikeja ,TILL-01,Fatima Bello,2348618222847,SKU1006,Bigi Cola 50cl,Beverages,4,₦360.00,0,ATM Card
RCPT-101590,TXN101590,2026-04-06,19:36:00,minimart express-ikeja ,TILL-01,Amaka Eze,,SKU1026,Chivita Juice 1L,Beverages,1,1400,5,cash
RCPT-100148,TXN100148,2026-03-24,11:07:00,MiniMart Express - Surulere,TILL-01,Emeka Obi,7806524500,SKU1005,Coca-Cola 50cl,Beverages,3,450,0,Bank Transfer
RCPT-100164,TXN100164,2026-04-11,09:08:00,YABA,TILL-03,Fatima Bello,,SKU1023,Ariel Detergent 900g,Household,1,1810,0,POS Card
RCPT-101385,TXN101385,2026-07-05,15:33:00, Yaba,TILL-01,,,SKU1022,Knorr Chicken Cubes (pack),Grains & Staples,1,₦270.00,0,Cash
RCPT-102582,TXN102582,2026-06-29,20:58:00,MiniMart Express - Yaba,TILL-01,Blessing Nwosu,7275310239,SKU1008,Milo 400g,Beverages,3,1980,0,POS Card
RCPT-101786,TXN101786,2026-06-08,14:28:00, Yaba,TILL-01,Segun Adeyemi,+2348759684189,SKU1011,Honeywell Semolina 2kg,Grains & Staples,2,2380,0,POS
RCPT-100267,TXN100267,2026-05-03,11:11 AM,MiniMart Express - Yaba,TILL-03,Tunde Bakare,7776513425,SKU1029,Dano Milk Powder 400g,Dairy,3,2630,0,pos
RCPT-100999,TXN100999,2026-05-08,15:47:00,YABA,TILL-01,Tunde Bakare,,SKU1025,Tom Tom Sweet (pack),Snacks,1,290,0,ATM Card
RCPT-102437,TXN102437,2026-05-28,14:15:00,MiniMart Express - Surulere,TILL-01,Ibrahim Musa,2348177721404,SKU1020,Cerelac Infant Cereal 400g,Baby Products,1,3300,0,USSD
RCPT-102379,TXN102379,2026-06-21,08:19:00,YABA,TILL-01,Segun Adeyemi,,SKU1006,Bigi Cola 50cl,Beverages,2,390,0,POS Card
RCPT-101162,TXN101162,2026-06-14,09:37:00,MiniMart Express - Surulere,TILL-01,Segun Adeyemi,,SKU1003,Golden Morn 500g,,4,"₦1,320.00",0,Cash
RCPT-100342,TXN100342,2026-06-05,15:39:00,IKEJA,TILL-01,,+2347205916304,SKU1025,Tom Tom Sweet (pack),Snacks,4,270,0,POS Card
RCPT-100966,TXN100966,2026-07-29,19:43:00,MiniMart Express - Surulere,TILL-01,Segun Adeyemi,,SKU1024,"Pampers Diapers (pack, medium)",Baby Products,1,4430,0,POS Card
RCPT-100651,TXN100651,29-05-2026,17:36:00,Yaba Branch,TILL-01,Amaka Eze,,SKU1023,Ariel Detergent 900g,Household,3,1870,0,Bank Transfer
RCPT-100338,TXN100338,07/08/2026,09:15:00,MiniMart Express - Surulere,TILL-01,Ibrahim Musa,,SKU1003,Golden Morn 500g,Grains & Staples,4,"₦1,650.00",0,POS Card
RCPT-102435,TXN102435,24-05-2026,20:27:00,Yaba Branch,TILL-02,,,SKU1007,Gala Sausage Roll,Snacks,1,260,0,POS Card
RCPT-102486,TXN102486,2026-06-26,07:29:00,IKEJA,TILL-01,Chidinma Okafor,+2347121924708,SKU1004,DANGOTE SUGAR 1KG ,Grains & Staples,3,"1,080.00",0,Cash
RCPT-102476,TXN102476,2026-07-18,10:36:00,Yaba Branch,TILL-01,Tunde Bakare,,SKU1005,Coca Cola 50cl,Beverages,4,410,0,USSD
RCPT-101027,TXN101027,2026-05-10,07:03 AM,SURULERE,TILL-01,Tunde Bakare,08412694115,SKU1029,Dano Milk Powder 400g,Dairy,1,3130,0,Bank Transfer
RCPT-101137,TXN101137,2026-07-06,08:25:00,Surulere Branch,TILL-01,Fatima Bello,,SKU1011,Honeywell Semolina 2kg,Grains & Staples,4,2460,0,Transfer
RCPT-100169,TXN100169,30/05/2026,09:24 PM,YABA,TILL-03,Tunde Bakare,07917488605,SKU1007,Gala Sausage Roll,Snacks,2,240,0,transfer
RCPT-101282,TXN101282,2026-07-25,08:15:00,MiniMart Express - Surulere,TILL-01,Fatima Bello,2348408970099,SKU1025,Tom Tom Sweet (pack),Snacks,444,340,0,transfer
RCPT-101512,TXN101512,2026-07-07,18:17:00,IKEJA,TILL-02,Segun Adeyemi,,SKU1024,"Pampers Diapers (pack, medium)",Baby Products,3,4550,0,POS Card
RCPT-102170,TXN102170,2026-06-24,11:23 AM,Ikeja Branch,TILL-01,Chidinma Okafor,0 7 9 4 7 5 9 2 0 5 4,SKU1027,Amstel Malta 33cl,Beverages,4,440,5,Bank Transfer
RCPT-101996,TXN101996,2026-03-31,20:27:00, Yaba,TILL-03,Fatima Bello,0 8 3 1 6 7 2 9 1 1 6,SKU1025,Tom Tom Sweet (pack),Snacks,3,340,0,Bank Transfer
RCPT-100796,TXN100796,2026-03-05,05:58 PM, Yaba,TILL-01,Amaka Eze,,SKU1006,Bigi Cola 50cl,Beverages,5,360.00,0,cash
RCPT-100584,TXN100584,2026-05-11,14:37:00,MiniMart Express - Surulere,TILL-01,Chidinma Okafor,,SKU1025,Tom Tom Sweet (pack),Snacks,1,270,0,Bank Transfer
RCPT-101277,TXN101277,2026-03-22,06:16 PM,minimart express-ikeja ,TILL-01,Segun Adeyemi,,SKU1030,Nasco Cornflakes 500g,Grains & Staples,1,"1,980.00",0,Transfer
RCPT-101527,TXN101527,2026-04-14,17:12:00,minimart express-ikeja ,TILL-01,Tunde Bakare,07366554077,SKU1008,Milo 400g,Beverages,3,1900,0,Cash
RCPT-100867,TXN100867,04/14/2026,09:29:00,IKEJA,TILL-01,Ibrahim Musa,2 3 4 7 4 4 6 5 0 2 4 8 6,SKU1022,Knorr Chicken Cubes (pack),Grains & Staples,2,310,0,CASH
RCPT-102520,TXN102520,2026-06-15,21:39:00,SURULERE,TILL-01,Ibrahim Musa,8174065586,SKU1028,Semovita 2kg,GRAINS & STAPLES,1,,0,Cash
RCPT-101957,TXN101957,2026-07-16,14:57:00,MiniMart Express - Ikeja,TILL-02,Fatima Bello,,SKU1012,Kings Vegetable Oil 1L,Grains & Staples,4,2600,0,Cash
RCPT-100615,TXN100615,18-04-2026,17:44:00,MiniMart Express - Yaba,TILL-01,Blessing Nwosu,+2347069475621,SKU1003,Golden Morn 500g,Grains & Staples,4,1520,0,Card
RCPT-102519,TXN102519,2026-04-23,08:47 PM,MiniMart Express - Yaba,TILL-03,Chidinma Okafor,08561369894,SKU1015,Close Up Toothpaste 140ml,Personal Care,4,₦940.00,0,Card
RCPT-101064,TXN101064,14-04-2026,18:53:00,Ikeja Branch,TILL-01,Amaka Eze,,SKU1027,Amstel Malta 33cl,Beverages,3,450,0,Cash
RCPT-102034,TXN102034,2026-05-15,11:25:00,SURULERE,TILL-01,Fatima Bello,07912703225,SKU1010,Mama Gold Rice5kg,Grains & Staples,1,"₦6,220.00",0,POS Card
RCPT-102011,TXN102011,2026-03-21,13:23:00,MiniMart Express - Surulere,TILL-01,Fatima Bello,0 8 5 3 4 7 6 8 1 4 0,SKU1019,Titus Sardine 125g,Canned Foods,3,750.00,0,Cash
RCPT-100733,TXN100733,2026-07-21,10:20:00,IKEJA,TILL-01,Emeka Obi,8353224737,SKU1014,Dettol Soap 65g,Personal Care,1,350,5,cash
RCPT-101845,TXN101845,2026-05-23,11:05:00, Yaba,TILL-02,Emeka Obi,,SKU1007,Gala Sausage Roll,,1,₦240.00,0,USSD
RCPT-101307,TXN101307,2026-04-27,19:14:00, Yaba,TILL-02,Fatima Bello,,SKU1027,Amstel Malta 33cl,Beverages,1,370,0,transfer
RCPT-101869,TXN101869,2026-06-09,07:00:00,SURULERE,TILL-01,Ibrahim Musa,8043100208,SKU1009,Cowbell Milk Powder 360g,Dairy,447,"₦2,020.00",0,Bank Transfer
RCPT-100001,TXN100001,10/05/2026,11:08:00,SURULERE,TILL-01,Chidinma Okafor,8 7 3 2 4 5 8 5 9 1,SKU1020,Cerelac Infant Cereal 400g,Baby Products,1,"₦3,530.00",0,Cash
RCPT-101746,TXN101746,2026-04-05,21:19:00,Ikeja Branch,TILL-01,Emeka Obi,2 3 4 8 5 7 9 2 8 6 8 4 9,SKU1007,Gala Sausage Roll,Snacks,4,250,0,pos
RCPT-101323,TXN101323,2026-07-02,20:10:00, Yaba,TILL-01,Blessing Nwosu,2347443105758,SKU1026,Chivita Juice 1L,Beverages,1,1200,15,USSD
RCPT-101962,TXN101962,2026-05-09,18:01:00,MiniMart Express - Ikeja,TILL-02,Emeka Obi,,SKU1028,Semovita 2kg,Grains & Staples,3,2340,0,ussd
RCPT-100689,TXN100689,2026-03-08,08:54:00,SURULERE,TILL-01,Tunde Bakare,,SKU1018,Maltina 33cl,Beverages,4,₦490.00,0,POS Card
RCPT-101679,TXN101679,2026-07-22,19:01:00,Yaba Branch,TILL-03,Amaka Eze,,SKU1022,Knorr Chicken Cubes (pack),Grains & Staples,1,310,0,POS Card
RCPT-100241,TXN100241,2026-07-26,18:37:00,MiniMart Express - Surulere,TILL-01,Segun Adeyemi,09068942448,SKU1003,Golden Morn 500g,Grains & Staples,89,1460,0,Bank Transfer
RCPT-100225,TXN100225,2026-03-30,07:53:00,Surulere Branch,TILL-01,Emeka Obi,,SKU1003,Golden Morn 500g,Grains & Staples,4,1600,0,CASH
RCPT-102541,TXN102541,2026-06-01,11:23:00,Surulere Branch,TILL-01,Blessing Nwosu,+2348783841045,SKU1023,Ariel Detergent 900g,Household,4,1590,0,Cash
RCPT-102052,TXN102052,2026-04-05,09:53:00,YABA,TILL-03,Tunde Bakare,,SKU1024,"Pampers Diapers (pack, medium)",Baby Products,1,,0,POS Card
RCPT-101908,TXN101908,2026-04-18,19:50:00,SURULERE,TILL-01,Emeka Obi,,SKU1029,Dano Milk Powder 400g,Dairy,1,3070,0,POS
RCPT-100520,TXN100520,2026-05-04,20:17:00,IKEJA,TILL-01,Tunde Bakare,,SKU1022,Knorr Chicken Cubes (pack),Grains & Staples,2,330,0,Bank Transfer
RCPT-101625,TXN101625,2026-03-12,16:44:00,SURULERE,TILL-01,Blessing Nwosu,,SKU1021,Bournvita 500g,Beverages,5,2660,0,POS Card
RCPT-101405,TXN101405,2026-07-29,17:54:00,Surulere Branch,TILL-01,Blessing Nwosu,2347533003935,SKU1003,Golden Morn 500g,Grains & Staples,2,1500,0,Cash
RCPT-101282,TXN101282,2026-07-25,08:15:00,SURULERE,TILL-01,Fatima Bello,2348408970099,SKU1010,MAMA GOLD RICE 5KG,Grains & Staples,1,6880,15,transfer
RCPT-102401,TXN102401,2026-04-23,18:22:00,MiniMart Express - Ikeja,TILL-01,Amaka Eze,2347812108946,SKU1030,Nasco Cornflakes 500g,Grains & Staples,1,1860,0,POS
RCPT-100368,TXN100368,2026-06-07,15:46:00,MiniMart Express - Surulere,TILL-01,Fatima Bello,,SKU1015,Close Up Toothpaste 140ml,Personal Care,2,840,0,Card
RCPT-101137,,07/06/2026,08:25:00,MiniMart Express - Surulere,TILL-01,Fatima Bello,,SKU1024,"Pampers Diapers (pack, medium)",Baby Products,1,5110,10,Transfer
RCPT-102088,TXN102088,06/02/2026,10:23:00,Ikeja Branch,TILL-02,,2348046253825,SKU1006,Bigi Cola 50cl,Beverages,2,320,0,Cash
RCPT-100476,TXN100476,2026-03-05,18:39:00, Yaba,TILL-03,Chidinma Okafor,,SKU1008,Milo 400g,Beverages,1,"₦2,130.00",0,Bank Transfer
RCPT-101133,TXN101133,2026-05-24,16:02:00,Surulere Branch,TILL-01,Emeka Obi,8616547750,SKU1007,Gala Sausage Roll,Snacks,1,₦270.00,0,Card
RCPT-101512,TXN101512,2026-07-07,18:17:00,Ikeja Branch,TILL-02,Segun Adeyemi,,SKU1011,Honeywell Semolina 2kg,Grains & Staples,3,2270,0,POS Card
RCPT-101851,TXN101851,2026-05-18,12:46:00,Surulere Branch,TILL-01,Segun Adeyemi,2348603784695,SKU1003,Golden Morn 500g,Grains & Staples,1,1400,0,POS
RCPT-101234,TXN101234,2026-04-18,16:29:00,SURULERE,TILL-01,Amaka Eze,7493192171,SKU1010,Mama Gold Rice5kg,Grains & Staples,3,"₦7,450.00",15,Cash
RCPT-101355,TXN101355,01/03/2026,17:40:00,YABA,TILL-02,Fatima Bello,2348697764881,SKU1008,Milo 400g,,3,2300,0,ussd
RCPT-101832,TXN101832,2026-05-09,14:57:00,YABA,TILL-02,Amaka Eze,,SKU1015,Close Up Toothpaste 140ml,Personal Care,1,890,0,Cash
RCPT-101357,TXN101357,2026-04-07,09:53:00,MiniMart Express - Surulere,TILL-01,Emeka Obi,8987568709,SKU1014,Dettol Soap 65g,Personal Care,1,₦320.00,15,Card
RCPT-102051,TXN102051,2026-03-22,08:00:00,MiniMart Express - Ikeja,TILL-01,Ibrahim Musa,2348568751603,SKU1020,Cerelac Infant Cereal 400g,Baby Products,1,"₦3,300.00",0,ussd
RCPT-102286,TXN102286,2026-05-25,15:28:00,Ikeja Branch,TILL-02,Segun Adeyemi,,SKU1006,Bigi Cola 50cl,Beverages,3,400,0,Cash
RCPT-100386,TXN100386,2026-04-05,15:21:00,MiniMart Express - Surulere,TILL-01,Fatima Bello,,SKU1023,Ariel Detergent 900g,Household,1,"₦1,960.00",0,POS Card
RCPT-101387,TXN101387,2026-05-29,18:37:00,MiniMart Express - Surulere,TILL-01,Blessing Nwosu,,SKU1018,Maltina 33cl,Beverages,2,470,0,pos
RCPT-102118,TXN102118,05/07/2026,13:47:00,YABA,TILL-02,Chidinma Okafor,,SKU1010,Mama Gold Rice 5kg,Grains & Staples,1,5990,0,Cash
RCPT-101820,TXN101820,2026-03-31,17:20:00,Surulere Branch,TILL-01,Chidinma Okafor,2348561586562,SKU1030,Nasco Cornflakes 500g,,3,1850,0,Cash
RCPT-100560,TXN100560,2026-07-30,15:58:00,YABA,TILL-01,Segun Adeyemi,8738025845,SKU1009,Cowbell Milk Powder 360g,Dairy,2,1940,0,transfer
RCPT-102169,TXN102169,2026-06-12,12:15:00,Surulere Branch,TILL-01,Emeka Obi,08685380499,SKU1002,peak milk evaporated170g,Dairy,3,650.00,0,Cash
RCPT-100793,TXN100793,06/07/2026,13:00:00, Yaba,TILL-03,Fatima Bello,2348074548029,SKU1028,Semovita 2kg,Grains & Staples,2,"2,220.00",0,POS Card
RCPT-101033,TXN101033,2026-03-18,19:29:00,SURULERE,TILL-01,Emeka Obi,+2348276811566,SKU1003,Golden Morn 500g,Grains & Staples,3,1460,0,Cash
RCPT-101825,TXN101825,2026-04-29,16:25:00,YABA,TILL-03,Segun Adeyemi,2347502376620,SKU1008,Milo 400g,Beverages,2,1990,0,ussd
RCPT-101142,TXN101142,2026-03-01,21:48:00,MiniMart Express - Ikeja,TILL-01,Segun Adeyemi,+2348466700339,SKU1006,Bigi Cola 50cl,Beverages,3,400,0,CASH
RCPT-100017,TXN100017,2026-04-28,12:19:00,MiniMart Express - Ikeja,TILL-01,Blessing Nwosu,,SKU1002,Peak Milk Evap 170g,DAIRY,2,630,0,pos
RCPT-100564,TXN100564,2026-07-18,19:33:00,Yaba Branch,TILL-01,Ibrahim Musa,,SKU1007,Gala Sausage Roll,Snacks,1,280,0,CASH
RCPT-100902,TXN100902,2026-03-04,19:34:00,minimart express-ikeja ,TILL-02,Tunde Bakare,,SKU1028,Semovita 2kg,Grains & Staples,4,2320,0,POS Card
RCPT-101710,TXN101710,2026-03-08,18:30:00,minimart express-ikeja ,TILL-02,Amaka Eze,07035376065,SKU1022,Knorr Chicken Cubes (pack),Grains & Staples,4,300,0,transfer
RCPT-101303,TXN101303,2026-05-06,11:43 AM,IKEJA,TILL-01,Emeka Obi,2349073037536,SKU1002,peak milk evaporated170g,Dairy,1,,0,USSD
RCPT-100404,TXN100404,2026-07-14,19:44:00,minimart express-ikeja ,TILL-01,Fatima Bello,,SKU1020,Cerelac Infant Cereal 400g,Baby Products,2,"3,540.00",5,ussd
RCPT-102460,TXN102460,2026-07-21,10:10:00,MiniMart Express - Surulere,TILL-01,Tunde Bakare,+2347049463709,SKU1014,Dettol Soap 65g,Personal Care,2,350.00,0,cash
RCPT-102376,TXN102376,2026-07-21,12:43:00,Surulere Branch,TILL-01,Chidinma Okafor,,SKU1009,Cowbell Milk Powder 360g,Dairy,5,1780,0,Transfer
RCPT-101867,TXN101867,2026-07-31,16:39:00, Yaba,TILL-02,Chidinma Okafor,,SKU1012,Kings Vegetable Oil 1L,Grains & Staples,1,2950,0,ussd
RCPT-100309,TXN100309,30/03/2026,16:26:00,minimart express-ikeja ,TILL-02,Blessing Nwosu,,SKU1016,Eva Water 75cl,Beverages,1,220.00,0,CASH
RCPT-101393,TXN101393,2026-04-14,10:50:00,Yaba Branch,TILL-03,Blessing Nwosu,7498484757,SKU1029,Dano Milk Powder 400g,Dairy,1,3270,0,cash
RCPT-100573,TXN100573,2026-05-06,16:46:00,MiniMart Express - Yaba,TILL-02,Blessing Nwosu,07525766182,SKU1017,La Casera 50cl,Beverages,2,350,0,POS Card
RCPT-101032,TXN101032,2026-06-19,21:47:00,IKEJA,TILL-02,Tunde Bakare,2348708913298,SKU1002,Peak Milk Evaporated 170g,Dairy,1,650.00,0,USSD
RCPT-100982,TXN100982,2026-04-02,14:08:00,IKEJA,TILL-02,Chidinma Okafor,07426171636,SKU1025,Tom Tom Sweet (pack),Snacks,4,340,0,POS Card
RCPT-100150,TXN100150,03-06-2026,10:56:00,minimart express-ikeja ,TILL-01,Fatima Bello,,SKU1001,Indomie Noodles 70g,Grains & Staples,2,160.00,0,transfer
RCPT-101559,TXN101559,2026-07-06,18:09:00,IKEJA,TILL-02,Chidinma Okafor,,SKU1025,Tom Tom Sweet (pack),Snacks,1,280.00,0,Cash
RCPT-101591,TXN101591,2026-07-14,19:26:00,Yaba Branch,TILL-01,Chidinma Okafor,2347944356536,SKU1022,Knorr Chicken Cubes (pack),Grains & Staples,3,310,0,ATM Card
RCPT-102437,TXN102437,28/05/2026,14:15:00,SURULERE,TILL-01,,2348177721404,SKU1001, Indomie Noodles 70g ,Grains & Staples,1,150,0,USSD
RCPT-102464,TXN102464,2026-06-27,15:02:00,SURULERE,TILL-01,Fatima Bello,,SKU1014,Dettol Soap 65g,Personal Care,3,390,0,ussd
RCPT-101654,TXN101654,2026-06-20,13:58:00,IKEJA,TILL-01,Ibrahim Musa,,SKU1008,Milo 400g,Beverages,4,"2,250.00",0,Cash
RCPT-101663,TXN101663,04/12/2026,10:01:00,Ikeja Branch,TILL-01,Fatima Bello,2347011496985,SKU1002,peak milk evaporated170g,Dairy,2,710,0,Bank Transfer
RCPT-102213,TXN102213,24/03/2026,20:42:00,MiniMart Express - Surulere,TILL-01,Fatima Bello,7604242411,SKU1006,Bigi Cola 50cl,Beverages,1,320,0,Cash
RCPT-101767,TXN101767,2026-04-12,11:20:00,YABA,TILL-01,Tunde Bakare,,SKU1028,Semovita 2kg,Grains & Staples,2,2010,0,Bank Transfer
RCPT-102145,TXN102145,2026-04-18,20:11:00,IKEJA,TILL-02,Emeka Obi,+2348793106109,SKU1008,Milo 400g,Beverages,4,2330,0,Bank Transfer
RCPT-101860,TXN101860,2026-07-25,17:41:00,Surulere Branch,TILL-01,Ibrahim Musa,+2347852820861,SKU1016,Eva Water 75cl,Beverages,1,180,0,POS Card
RCPT-101790,TXN101790,28/06/2026,20:08:00,MiniMart Express - Surulere,TILL-01,Fatima Bello,,SKU1008,Milo 400g,Beverages,2,2350,0,Bank Transfer
RCPT-101010,TXN101010,07/05/2026,12:55:00,Ikeja Branch,TILL-02,Ibrahim Musa,,SKU1015,Close Up Toothpaste 140ml,Personal Care,1,930,0,Transfer
RCPT-102546,TXN102546,2026-05-02,21:41:00,minimart express-ikeja ,TILL-02,Blessing Nwosu,,SKU1016,Eva Water 75cl,Beverages,1,190,0,POS
RCPT-100180,TXN100180,14-06-2026,11:38:00,minimart express-ikeja ,TILL-01,Ibrahim Musa,,SKU1028,Semovita 2kg,Grains & Staples,1,"1,970.00",15,ussd
RCPT-102476,TXN102476,18/07/2026,10:36:00, Yaba,TILL-01,Tunde Bakare,,SKU1028,Semovita 2kg,Grains & Staples,3,2380,0,USSD
RCPT-100543,TXN100543,2026-04-24,13:28:00,SURULERE,TILL-01,Ibrahim Musa,07971384885,SKU1016,Eva Water 75cl,Beverages,3,190,0,Bank Transfer
RCPT-101898,TXN101898,2026-07-09,19:48:00,MiniMart Express - Ikeja,TILL-01,Segun Adeyemi,2348395587522,SKU1001, Indomie Noodles 70g ,Grains & Staples,2,160,5,POS Card
RCPT-101129,TXN101129,2026-06-29,09:22:00,Surulere Branch,TILL-01,Blessing Nwosu,,SKU1002,Peak Milk Evaporated 170g,Dairy,1,690,0,POS Card
RCPT-101588,TXN101588,2026-03-18,14:46:00,IKEJA,TILL-02,Fatima Bello,07603515171,SKU1024,"Pampers Diapers (pack, medium)",Baby Products,3,"5,100.00",0,Cash
RCPT-101141,TXN101141,2026-05-17,11:16:00,MiniMart Express - Yaba,TILL-02,Tunde Bakare,7966684251,SKU1001,indomie noodles 70g,Grains & Staples,3,170,0,Cash
RCPT-100125,TXN100125,2026-06-23,13:20:00, Yaba,TILL-01,Blessing Nwosu,+2348741688161,SKU1028,Semovita 2kg,Grains & Staples,5,2100,0,ATM Card
RCPT-101835,TXN101835,2026-06-23,15:59:00,minimart express-ikeja ,TILL-02,Chidinma Okafor,,SKU1027,Amstel Malta 33cl,Beverages,267,400,0,Cash
RCPT-100934,TXN100934,2026-04-23,15:28:00,MiniMart Express - Surulere,TILL-01,Tunde Bakare,,SKU1030,Nasco Cornflakes 500g,Grains & Staples,5,1950,0,Bank Transfer
RCPT-101020,TXN101020,2026-07-31,15:01:00,MiniMart Express - Ikeja,TILL-02,Amaka Eze,+2347485904217,SKU1009,Cowbell Milk Powder 360g,Dairy,1,1760,0,POS Card
RCPT-101064,TXN101064,2026-04-14,06:53 PM,IKEJA,TILL-01,Amaka Eze,,SKU1010,Mama Gold Rice5kg,Grains & Staples,3,6760,0,Cash
RCPT-101731,TXN101731,05/14/2026,04:41 PM,Yaba Branch,TILL-01,Blessing Nwosu,,SKU1026,Chivita Juice 1L,Beverages,2,1260,0,Cash
RCPT-100909,TXN100909,2026-07-13,10:41:00,MiniMart Express - Ikeja,TILL-01,Emeka Obi,8805046844,SKU1017,La Casera 50cl,Beverages,5,320,0,POS Card
RCPT-101053,TXN101053,2026-06-17,18:25:00,IKEJA,TILL-01,Tunde Bakare,2349025272784,SKU1024,"Pampers Diapers (pack, medium)",Baby Products,1,4880,0,Cash
RCPT-101545,TXN101545,28/03/2026,08:11:00,IKEJA,TILL-01,Amaka Eze,,SKU1020,Cerelac Infant Cereal 400g,Baby Products,3,3340,0,Card
RCPT-100957,TXN100957,06-06-2026,17:26:00,MiniMart Express - Ikeja,TILL-01,Chidinma Okafor,,SKU1023,Ariel Detergent 900g,Household,1,1770,0,Transfer
RCPT-101122,TXN101122,07/15/2026,18:34:00,SURULERE,TILL-01,Segun Adeyemi,,SKU1028,Semovita 2kg,Grains & Staples,1,2160,0,Cash
RCPT-101103,TXN101103,2026-07-26,20:19:00,minimart express-ikeja ,TILL-01,Segun Adeyemi,,SKU1015,Close Up Toothpaste 140ml,Personal Care,1,870,0,Bank Transfer
RCPT-102449,TXN102449,05-04-2026,09:47 PM,Surulere Branch,TILL-01,Ibrahim Musa,+2348257250502,SKU1001, Indomie Noodles 70g ,Grains & Staples,1,₦170.00,0,Card
RCPT-101254,TXN101254,23-04-2026,14:47:00,minimart express-ikeja ,TILL-01,Ibrahim Musa,,SKU1022,Knorr Chicken Cubes (pack),Grains & Staples,3,290,0,Transfer
RCPT-100805,TXN100805,2026-03-30,16:44:00,YABA,TILL-02,Tunde Bakare,+2347035074092,SKU1011,Honeywell Semolina 2kg,Grains & Staples,2,2270,0,POS Card
RCPT-102467,TXN102467,18/07/2026,21:04:00,Yaba Branch,TILL-02,Fatima Bello,+2349083228545,SKU1019,Titus Sardine 125g,Canned Foods,4,630,0,ATM Card
RCPT-101570,TXN101570,2026-03-07,13:07:00,Surulere Branch,TILL-01,Chidinma Okafor,8734744008,SKU1023,Ariel Detergent 900g,Household,2,1680,0,POS Card
RCPT-102528,TXN102528,2026-07-04,20:17:00,MiniMart Express - Ikeja,TILL-01,Segun Adeyemi,,SKU1024,"Pampers Diapers (pack, medium)",Baby Products,1,,0,CASH
RCPT-101429,TXN101429,02-05-2026,20:55:00,SURULERE,TILL-01,Tunde Bakare,,SKU1026,Chivita Juice 1L,Beverages,3,,0,POS Card
RCPT-101423,TXN101423,2026-05-14,18:22:00,YABA,TILL-03,Emeka Obi,,SKU1029,Dano Milk Powder 400g,Dairy,2,3190,0,Card
RCPT-100423,TXN100423,2026-03-11,13:04:00,MiniMart Express - Surulere,TILL-01,Amaka Eze,,SKU1021,Bournvita 500g,Beverages,2,"₦2,670.00",0,cash
RCPT-100992,TXN100992,17/05/2026,11:56:00,MiniMart Express - Surulere,TILL-01,Chidinma Okafor,7062721172,SKU1013,Omo Detergent 900g,Household,1,1770,0,Cash
RCPT-101046,TXN101046,14-05-2026,11:42:00,MiniMart Express - Surulere,TILL-01,Tunde Bakare,,SKU1009,Cowbell Milk Powder 360g,Dairy,1,1740,0,cash
RCPT-100591,TXN100591,17-05-2026,19:23:00,minimart express-ikeja ,TILL-02,Emeka Obi,7 2 5 7 8 5 8 2 6 0,SKU1009,Cowbell Milk Powder 360g,Dairy,2,"₦1,680.00",0,Bank Transfer
RCPT-102146,TXN102146,2026-04-22,08:51:00,minimart express-ikeja ,TILL-02,Segun Adeyemi,,SKU1001,indomie noodles 70g,Grains & Staples,2,170.00,0,Bank Transfer
RCPT-100554,TXN100554,05/03/2026,09:46:00,MiniMart Express - Ikeja,TILL-01,Ibrahim Musa,+2347871221337,SKU1016,Eva Water 75cl,Beverages,1,190.00,0,POS Card
RCPT-100877,TXN100877,02/07/2026,11:23:00,MiniMart Express - Ikeja,TILL-02,Ibrahim Musa,2348162099000,SKU1019,Titus Sardine 125g,Canned Foods,1,670,0,Cash
RCPT-102065,TXN102065,01-04-2026,18:32:00,minimart express-ikeja ,TILL-02,Tunde Bakare,,SKU1030,Nasco Cornflakes 500g,Grains & Staples,5,1770,0,ATM Card
RCPT-101947,TXN101947,2026-03-24,14:49:00,YABA,TILL-02,Tunde Bakare,,SKU1023,Ariel Detergent 900g,Household,1,"1,800.00",0,Bank Transfer
RCPT-102440,TXN102440,2026-06-30,10:13:00,SURULERE,TILL-01,Tunde Bakare,,SKU1003,Golden Morn 500g,Grains & Staples,2,1470,0,Bank Transfer
RCPT-100307,TXN100307,2026-07-13,12:01:00,IKEJA,TILL-02,Fatima Bello,,SKU1020,Cerelac Infant Cereal 400g,Baby Products,3,3050,0,Card
RCPT-101372,TXN101372,2026-06-03,09:44:00,Yaba Branch,TILL-01,Fatima Bello,07528643891,SKU1002,Peak Milk Evap 170g,Dairy,1,710,0,ATM Card
RCPT-100525,TXN100525,2026-05-03,13:29:00,IKEJA,TILL-01,Segun Adeyemi,2348215068524,SKU1020,Cerelac Infant Cereal 400g,Baby Products,1,,0,POS
RCPT-100596,TXN100596,14-05-2026,14:30:00,Ikeja Branch,TILL-02,Fatima Bello,,SKU1030,Nasco Cornflakes 500g,Grains & Staples,3,"₦1,980.00",0,POS
RCPT-100966,TXN100966,29-07-2026,19:43:00,MiniMart Express - Surulere,TILL-01,Segun Adeyemi,,SKU1001,Indomie Noodle 70g,Grains & Staples,2,140,0,POS Card
RCPT-100918,TXN100918,2026-07-29,15:14:00, Yaba,TILL-02,Tunde Bakare,07928589578,SKU1020,Cerelac Infant Cereal 400g,Baby Products,1,3130,0,POS Card
RCPT-101684,TXN101684,18-05-2026,07:49 PM, Yaba,TILL-03,Tunde Bakare,2347948624615,SKU1008,Milo 400g,Beverages,1,"2,080.00",5,Bank Transfer
RCPT-100802,TXN100802,2026-04-17,09:58:00, Yaba,TILL-02,Ibrahim Musa,,SKU1013,Omo Detergent 900g,Household,2,1670,0,Cash
RCPT-100892,TXN100892,05/31/2026,20:43:00,MiniMart Express - Surulere,TILL-01,Emeka Obi,2347733667872,SKU1010,Mama Gold Rice 5kg,,2,"7,440.00",0,POS Card
RCPT-102183,TXN102183,10-05-2026,15:14:00,IKEJA,TILL-01,Chidinma Okafor,+2348825739064,SKU1007,Gala Sausage Roll,Snacks,1,270,0,Bank Transfer
RCPT-101739,TXN101739,2026-05-17,20:23:00,MiniMart Express - Surulere,TILL-01,Amaka Eze,+2348839586708,SKU1019,Titus Sardine 125g,Canned Foods,2,640,0,POS Card
RCPT-100412,TXN100412,2026-05-18,18:50:00,YABA,TILL-02,Ibrahim Musa,,SKU1019,Titus Sardine 125g,Canned Foods,1,730,0,Transfer
RCPT-102028,TXN102028,2026-06-11,07:43:00,MiniMart Express - Ikeja,TILL-02,Tunde Bakare,8075384412,SKU1009,Cowbell Milk Powder 360g,DAIRY,3,,0,Cash
RCPT-101022,TXN101022,2026-04-29,09:51:00,YABA,TILL-02,Chidinma Okafor,,SKU1005,Coca Cola 50cl,Beverages,3,440,0,POS Card
RCPT-100569,TXN100569,2026-05-15,21:45:00,YABA,TILL-03,Ibrahim Musa,07783224727,SKU1020,Cerelac Infant Cereal 400g,Baby Products,4,,0,Bank Transfer
RCPT-101013,TXN101013,2026-05-15,13:42:00,Yaba Branch,TILL-01,Ibrahim Musa,,SKU1027,Amstel Malta 33cl,Beverages,3,₦380.00,0,Cash
RCPT-100174,TXN100174,2026-05-04,11:52:00, Yaba,TILL-01,Segun Adeyemi,07704198449,SKU1009,Cowbell Milk Powder 360g,Dairy,3,2000,0,Bank Transfer
RCPT-101245,TXN101245,2026-05-06,17:40:00,minimart express-ikeja ,TILL-02,Emeka Obi,2347494859689,SKU1011,Honeywell Semolina 2kg,Grains & Staples,3,2500,0,Cash
RCPT-102315,TXN102315,2026-03-15,18:13:00,Yaba Branch,TILL-03,Emeka Obi,,SKU1001,indomie noodles 70g,Grains & Staples,1,150,0,Cash
RCPT-102337,TXN102337,2026-04-06,12:06:00,MiniMart Express - Surulere,TILL-01,Tunde Bakare,,SKU1008,Milo 400g,Beverages,2,"2,090.00",5,Transfer
RCPT-100725,TXN100725,2026-04-17,19:45:00,minimart express-ikeja ,TILL-02,Ibrahim Musa,8218102034,SKU1023,Ariel Detergent 900g,Household,1,1660,0,Cash
RCPT-102488,TXN102488,2026-04-04,16:26:00,IKEJA,TILL-02,Amaka Eze,7679760453,SKU1029,Dano Milk Powder 400g,Dairy,424,,0,Cash
RCPT-100485,TXN100485,2026-04-03,20:18:00,MiniMart Express - Surulere,TILL-01,Chidinma Okafor,,SKU1010,Mama Gold Rice5kg,Grains & Staples,5,6870,0,POS Card
RCPT-102423,TXN102423,2026-04-01,17:05:00,IKEJA,TILL-02,Blessing Nwosu,,SKU1010,Mama Gold Rice 5kg,Grains & Staples,1,6240,0,USSD
RCPT-101104,TXN101104,24/03/2026,11:30:00, Yaba,TILL-01,Emeka Obi,,SKU1018,Maltina 33cl,Beverages,2,490,0,POS Card
RCPT-101163,TXN101163,2026-07-26,18:24:00,IKEJA,TILL-01,Ibrahim Musa,+2347129877446,SKU1028,Semovita 2kg,Grains & Staples,4,"₦2,330.00",0,POS Card
RCPT-102061,TXN102061,2026-06-27,21:30:00,Yaba Branch,TILL-02,Blessing Nwosu,,SKU1030,Nasco Cornflakes 500g,Grains & Staples,1,,0,ussd
RCPT-100318,TXN100318,07/04/2026,12:42 PM,SURULERE,TILL-01,Ibrahim Musa,2348909472177,SKU1030,Nasco Cornflakes 500g,Grains & Staples,2,"₦2,020.00",0,Transfer
RCPT-102427,TXN102427,2026-07-08,17:28:00,IKEJA,TILL-01,Segun Adeyemi,,SKU1001,INDOMIE NOODLES 70G,Grains & Staples,4,140.00,0,Cash
RCPT-100325,TXN100325,2026-03-29,20:09:00,Yaba Branch,TILL-01,Fatima Bello,,SKU1016,Eva Water 75cl,Beverages,2,190,0,Cash
RCPT-101174,TXN101174,2026-06-30,19:58:00,Surulere Branch,TILL-01,Chidinma Okafor,,SKU1003,Golden Morn 500g,Grains & Staples,4,1440,0,Card
RCPT-102439,TXN102439,2026-05-27,15:22:00,MiniMart Express - Ikeja,TILL-02,Fatima Bello,7625703208,SKU1027,Amstel Malta 33cl,Beverages,2,380,0,cash
RCPT-100366,TXN100366,2026-03-19,21:59:00,MiniMart Express - Ikeja,TILL-02,Chidinma Okafor,,SKU1025,Tom Tom Sweet (pack),Snacks,2,₦310.00,0,cash
RCPT-100686,TXN100686,2026-06-10,18:46:00,MiniMart Express - Ikeja,TILL-02,,,SKU1005,Coca Cola 50cl,Beverages,1,430,0,POS Card
RCPT-100246,TXN100246,26/05/2026,14:25:00,Ikeja Branch,TILL-02,Segun Adeyemi,,SKU1030,Nasco Cornflakes 500g,Grains & Staples,3,"₦1,790.00",0,ussd
RCPT-102275,TXN102275,07/14/2026,17:45:00,Surulere Branch,TILL-01,Chidinma Okafor,,SKU1005,COCA COLA 50CL,Beverages,3,,0,Cash
RCPT-100601,TXN100601,04/25/2026,15:59:00,Surulere Branch,TILL-01,Tunde Bakare,,SKU1025,Tom Tom Sweet (pack),Snacks,4,330.00,0,POS
RCPT-100526,TXN100526,2026-06-09,13:20:00, Yaba,TILL-02,Blessing Nwosu,7864496008,SKU1018,Maltina 33cl,Beverages,3,440,0,ATM Card
RCPT-100540,TXN100540,11/03/2026,09:49:00,YABA,TILL-01,Amaka Eze,,SKU1026,Chivita Juice 1L,Beverages,1,1430,0,Transfer
RCPT-100035,TXN100035,2026-04-30,13:05:00,MiniMart Express - Yaba,TILL-03,Segun Adeyemi,,SKU1023,Ariel Detergent 900g,Household,2,1850,10,Cash
RCPT-102289,TXN102289,17-05-2026,18:06:00, Yaba,TILL-01,Chidinma Okafor,,SKU1026,Chivita Juice 1L,Beverages,4,,0,CASH
RCPT-100973,TXN100973,2026-04-02,08:09:00,MiniMart Express - Yaba,TILL-01,Segun Adeyemi,8234388603,SKU1018,Maltina 33cl,Beverages,2,410,0,Cash
RCPT-101156,TXN101156,2026-06-20,19:51:00,YABA,TILL-01,Blessing Nwosu,,SKU1025,Tom Tom Sweet (pack),Snacks,4,340,0,Bank Transfer
RCPT-102028,TXN102028,06/11/2026,07:43:00,minimart express-ikeja ,TILL-02,Tunde Bakare,8075384412,SKU1007,Gala Sausage Roll,SNACKS,1,₦280.00,0,Cash
RCPT-100253,TXN100253,2026-06-11,11:34 AM, Yaba,TILL-01,Amaka Eze,08958784988,SKU1014,Dettol Soap 65g,Personal Care,2,400,0,Cash
RCPT-101733,TXN101733,2026-03-02,16:47:00,MiniMart Express - Yaba,TILL-02,Blessing Nwosu,2347491702222,SKU1010,Mama Gold Rice5kg,Grains & Staples,1,"6,680.00",0,Bank Transfer
RCPT-100540,TXN100540,2026-03-11,09:49:00,YABA,TILL-01,Amaka Eze,,SKU1006,Bigi Cola 50cl,,1,350.00,0,Transfer
RCPT-102210,TXN102210,2026-04-17,13:39:00,SURULERE,TILL-01,Segun Adeyemi,,SKU1025,Tom Tom Sweet (pack),Snacks,1,330,0,ATM Card
RCPT-101887,TXN101887,2026-07-21,19:00:00,IKEJA,TILL-02,Chidinma Okafor,,SKU1012,Kings Vegetable Oil 1L,Grains & Staples,2,2800,0,pos
RCPT-100486,TXN100486,2026-04-15,10:22:00, Yaba,TILL-03,Fatima Bello,,SKU1020,Cerelac Infant Cereal 400g,Baby Products,2,3470,0,ussd
RCPT-101963,TXN101963,2026-03-21,16:46:00, Yaba,TILL-03,Segun Adeyemi,7018815397,SKU1025,Tom Tom Sweet (pack),Snacks,1,,0,Cash
RCPT-100852,TXN100852,07/29/2026,20:29:00,MiniMart Express - Yaba,TILL-01,Chidinma Okafor,,SKU1028,Semovita 2kg,Grains & Staples,5,2210,0,ATM Card
RCPT-101683,TXN101683,2026-06-12,19:21:00,Ikeja Branch,TILL-01,Blessing Nwosu,8513750815,SKU1010,MAMA GOLD RICE 5KG,Grains & Staples,3,6990,0,Cash
RCPT-100549,TXN100549,2026-05-12,16:30:00,Surulere Branch,TILL-01,,9095230360,SKU1021,Bournvita 500g,Beverages,2,2260,0,Transfer
RCPT-102229,TXN102229,03-07-2026,17:40:00,Yaba Branch,TILL-01,Tunde Bakare,,SKU1006,Bigi Cola 50cl,Beverages,1,390,0,Bank Transfer
RCPT-102158,TXN102158,2026-04-10,20:40:00,minimart express-ikeja ,TILL-02,Segun Adeyemi,7244479042,SKU1024,"Pampers Diapers (pack, medium)",Baby Products,5,4790,0,Bank Transfer
RCPT-101540,TXN101540,04-04-2026,14:26:00,MiniMart Express - Surulere,TILL-01,Segun Adeyemi,,SKU1003,Golden Morn 500g,Grains & Staples,3,1630,0,pos
RCPT-100576,TXN100576,2026-05-01,08:53 PM,Surulere Branch,TILL-01,Blessing Nwosu,,SKU1028,Semovita 2kg,Grains & Staples,1,2140,0,POS Card
RCPT-100245,TXN100245,2026-05-22,17:40:00,Surulere Branch,TILL-01,Chidinma Okafor,,SKU1016,Eva Water 75cl,Beverages,1,₦190.00,0,USSD
RCPT-100217,TXN100217,31-05-2026,15:15:00,MiniMart Express - Yaba,TILL-01,Amaka Eze,2348788226291,SKU1004,Dangote sugar 1Kg,Grains & Staples,3,"₦1,230.00",0,Cash
RCPT-102308,TXN102308,2026-07-14,10:17:00, Yaba,TILL-02,Fatima Bello,+2348318914475,SKU1021,Bournvita 500g,Beverages,2,2280,0,Transfer
RCPT-100095,TXN100095,2026-03-18,20:35:00,MiniMart Express - Surulere,TILL-01,Chidinma Okafor,,SKU1012,Kings Vegetable Oil 1L,Grains & Staples,5,"₦2,410.00",0,transfer
RCPT-101057,TXN101057,02/06/2026,09:46:00,Yaba Branch,TILL-02,Chidinma Okafor,+2348408822168,SKU1024,"Pampers Diapers (pack, medium)",Baby Products,2,4890,0,Bank Transfer
RCPT-101593,TXN101593,2026-03-02,17:39:00,minimart express-ikeja ,TILL-02,Fatima Bello,,SKU1016,Eva Water 75cl,Beverages,2,220.00,0,Cash
RCPT-100542,TXN100542,06/22/2026,17:56:00,IKEJA,TILL-01,Ibrahim Musa,,SKU1009,Cowbell Milk Powder 360g,,1,"₦2,050.00",0,Cash
RCPT-100609,TXN100609,25-07-2026,08:51:00,Surulere Branch,TILL-01,Amaka Eze,,SKU1005,Coca-Cola 50cl,Beverages,4,380,0,USSD
RCPT-101140,TXN101140,2026-06-12,08:49:00,MiniMart Express - Surulere,TILL-01,Segun Adeyemi,,SKU1013,Omo Detergent 900g,Household,2,1680,0,Cash
RCPT-100099,TXN100099,2026-04-23,10:06:00,Yaba Branch,TILL-03,Tunde Bakare,,SKU1001,INDOMIE NOODLES 70G,Grains & Staples,1,170,0,USSD
RCPT-100040,TXN100040,07/10/2026,16:20:00,YABA,TILL-01,Segun Adeyemi,,SKU1005,Coca Cola 50cl,Beverages,1,380,0,Cash
RCPT-100868,TXN100868,2026-05-12,10:15:00,IKEJA,TILL-02,Chidinma Okafor,,SKU1009,Cowbell Milk Powder 360g,Dairy,-5,1890,0,Bank Transfer
RCPT-100318,TXN100318,2026-04-07,12:42:00,SURULERE,TILL-01,Ibrahim Musa,2348909472177,SKU1007,Gala Sausage Roll,Snacks,1,280,0,Transfer
RCPT-101936,TXN101936,2026-05-08,17:28:00,Yaba Branch,TILL-01,Segun Adeyemi,,SKU1010,MAMA GOLD RICE 5KG,Grains & Staples,2,7350,0,POS Card
RCPT-101673,TXN101673,2026-07-26,11:48 AM,MiniMart Express - Yaba,TILL-02,Amaka Eze,8657396013,SKU1024,"Pampers Diapers (pack, medium)",Baby Products,1,4320,0,pos
RCPT-102370,TXN102370,2026-04-21,11:38:00,IKEJA,TILL-02,Amaka Eze,2348573205551,SKU1013,Omo Detergent 900g,Household,3,1550,10,USSD
RCPT-102232,TXN102232,2026-07-08,20:08:00,MiniMart Express - Surulere,TILL-01,Chidinma Okafor,07558489576,SKU1026,Chivita Juice 1L,Beverages,1,1310,15,Bank Transfer
RCPT-100187,TXN100187,27-04-2026,17:03:00, Yaba,TILL-01,Ibrahim Musa,8984003461,SKU1006,Bigi Cola 50cl,Beverages,1,370.00,10,CASH
RCPT-101103,TXN101103,2026-07-26,20:19:00,IKEJA,TILL-01,Segun Adeyemi,,SKU1004,Dangote Sugar 1kg,Grains & Staples,4,1220,0,Bank Transfer
RCPT-101054,TXN101054,2026-03-18,15:24:00,minimart express-ikeja ,TILL-01,Ibrahim Musa,,SKU1022,Knorr Chicken Cubes (pack),Grains & Staples,2,340,0,ATM Card
RCPT-100035,TXN100035,2026-04-30,13:05:00,MiniMart Express - Yaba,TILL-03,Segun Adeyemi,,SKU1027,Amstel Malta 33cl,Beverages,1,430,5,Cash
RCPT-101048,TXN101048,2026-05-06,15:16:00, Yaba,TILL-02,Fatima Bello,,SKU1027,Amstel Malta 33cl,Beverages,1,,0,Bank Transfer
RCPT-100540,TXN100540,2026-03-11,09:49:00,Yaba Branch,TILL-01,Amaka Eze,,SKU1012,Kings Vegetable Oil 1L,Grains & Staples,2,2630,0,Transfer
RCPT-102565,TXN102565,2026-05-17,16:38:00,YABA,TILL-01,Ibrahim Musa,,SKU1026,Chivita Juice 1L,,1,1390,0,cash
RCPT-102405,TXN102405,22-05-2026,18:36:00,Surulere Branch,TILL-01,Tunde Bakare,,SKU1027,Amstel Malta 33cl,,1,₦400.00,0,Cash
RCPT-100666,TXN100666,05/14/2026,07:52:00,minimart express-ikeja ,TILL-01,Emeka Obi,07285012736,SKU1026,Chivita Juice 1L,Beverages,1,1480,0,Cash
RCPT-102441,TXN102441,2026-06-16,08:51:00,YABA,TILL-02,Blessing Nwosu,,SKU1017,La Casera 50cl,Beverages,1,350,0,Cash
RCPT-102262,TXN102262,2026-06-03,13:10:00,Ikeja Branch,TILL-02,Chidinma Okafor,,SKU1025,Tom Tom Sweet (pack),Snacks,4,290,10,CASH
RCPT-100980,TXN100980,2026-07-21,06:02 PM,Surulere Branch,TILL-01,Segun Adeyemi,,SKU1009,Cowbell Milk Powder 360g,Dairy,1,,0,POS
RCPT-101642,TXN101642,2026-07-10,20:12:00,SURULERE,TILL-01,Segun Adeyemi,8845457503,SKU1011,Honeywell Semolina 2kg,Grains & Staples,2,,0,ussd
RCPT-100903,TXN100903,2026-03-14,17:27:00, Yaba,TILL-01,,,SKU1008,Milo 400g,Beverages,3,1920,0,pos
RCPT-100392,TXN100392,2026-04-11,11:48:00,minimart express-ikeja ,TILL-01,Segun Adeyemi,7464171650,SKU1022,Knorr Chicken Cubes (pack),Grains & Staples,4,320.00,0,Cash
RCPT-101763,,2026-06-28,16:11:00,MiniMart Express - Ikeja,TILL-01,Fatima Bello,07737589407,SKU1013,Omo Detergent 900g,Household,1,1590,0,POS Card
RCPT-101784,TXN101784,2026-06-24,20:29:00,Surulere Branch,TILL-01,Segun Adeyemi,,SKU1018,Maltina 33cl,Beverages,3,₦490.00,0,USSD
RCPT-101716,TXN101716,2026-03-26,18:14:00,minimart express-ikeja ,TILL-01,Tunde Bakare,,SKU1013,Omo Detergent 900g,Household,3,"₦1,500.00",0,Cash
RCPT-102352,TXN102352,2026-05-14,14:15:00,MiniMart Express - Ikeja,TILL-01,Fatima Bello,+2348728318296,SKU1017,La Casera 50cl,Beverages,2,350,0,Cash
RCPT-102288,TXN102288,2026-06-10,09:38 AM, Yaba,TILL-03,Tunde Bakare,,SKU1029,Dano Milk Powder 400g,Dairy,1,3040,0,Cash
RCPT-100739,TXN100739,30/04/2026,11:34:00,Yaba Branch,TILL-02,,,SKU1005,COCA COLA 50CL,Beverages,1,₦410.00,0,Bank Transfer
RCPT-100537,TXN100537,07/06/2026,17:29:00,minimart express-ikeja ,TILL-01,Tunde Bakare,,SKU1011,Honeywell Semolina 2kg,Grains & Staples,2,2270,0,Bank Transfer
RCPT-101049,TXN101049,06/28/2026,09:24:00,YABA,TILL-01,Ibrahim Musa,,SKU1019,Titus Sardine 125g,Canned Foods,1,770,0,CASH
RCPT-100192,TXN100192,2026-05-18,20:41:00,Surulere Branch,TILL-01,Ibrahim Musa,,SKU1016,Eva Water 75cl,Beverages,1,220,0,Transfer
RCPT-101249,TXN101249,30/03/2026,12:46:00,MiniMart Express - Surulere,TILL-01,Chidinma Okafor,2348728756150,SKU1026,Chivita Juice 1L,Beverages,2,1450,0,Cash
RCPT-100205,TXN100205,06/30/2026,09:29:00,Surulere Branch,TILL-01,Ibrahim Musa,,SKU1007,Gala Sausage Roll,Snacks,2,250,0,Cash
RCPT-101123,TXN101123,13-03-2026,15:53:00, Yaba,TILL-03,Tunde Bakare,,SKU1006,Bigi Cola 50cl,Beverages,2,330,0,cash
RCPT-102247,TXN102247,2026-05-27,12:37:00,MiniMart Express - Yaba,TILL-01,Fatima Bello,+2348305678530,SKU1026,Chivita Juice 1L,BEVERAGES,1,1470,0,POS Card
RCPT-101394,TXN101394,2026-06-23,15:33:00,Yaba Branch,TILL-03,Blessing Nwosu,2348353374056,SKU1017,La Casera 50cl,Beverages,2,380,0,Card
RCPT-100165,TXN100165,10/05/2026,18:15:00,MiniMart Express - Surulere,TILL-01,Chidinma Okafor,+2348488452933,SKU1002,Peak Milk Evap 170g,,4,670,0,Card
RCPT-100307,TXN100307,2026-07-13,12:01:00,minimart express-ikeja ,TILL-02,Fatima Bello,,SKU1005,Coca-Cola 50cl,Beverages,1,390.00,0,Card
RCPT-101491,TXN101491,05/21/2026,17:27:00,Surulere Branch,TILL-01,Emeka Obi,,SKU1016,Eva Water 75cl,BEVERAGES,1,190,0,pos
RCPT-102168,TXN102168,2026-07-05,07:20:00,IKEJA,TILL-02,Blessing Nwosu,,SKU1021,Bournvita 500g,Beverages,2,2190,0,Bank Transfer
RCPT-100651,TXN100651,29-05-2026,17:36:00,MiniMart Express - Yaba,TILL-01,Amaka Eze,,SKU1006,Bigi Cola 50cl,Beverages,2,,0,Bank Transfer
RCPT-100944,TXN100944,2026-06-12,16:57:00,MiniMart Express - Surulere,TILL-01,Ibrahim Musa,,SKU1006,Bigi Cola 50cl,Beverages,1,330,0,Bank Transfer
RCPT-101008,TXN101008,2026-06-09,13:25:00,IKEJA,TILL-02,Chidinma Okafor,+2348268184146,SKU1021,Bournvita 500g,Beverages,1,2290,0,POS Card
RCPT-100582,TXN100582,2026-03-24,07:57:00,SURULERE,TILL-01,Fatima Bello,08799832135,SKU1004,Dangote Sugar 1kg,Grains & Staples,1,1230,0,cash
RCPT-100306,TXN100306,05-06-2026,19:25:00,MiniMart Express - Ikeja,TILL-02,,,SKU1016,Eva Water 75cl,Beverages,1,220,15,Cash
RCPT-100088,TXN100088,2026-07-15,10:47:00,MiniMart Express - Ikeja,TILL-02,Amaka Eze,,SKU1005,Coke 50cl,Beverages,4,440.00,0,transfer
RCPT-102232,TXN102232,2026-07-08,20:08:00,SURULERE,TILL-01,Chidinma Okafor,07558489576,SKU1013,Omo Detergent 900g,Household,2,1660,0,Bank Transfer
RCPT-100817,TXN100817,2026-03-09,11:06:00,IKEJA,TILL-02,Ibrahim Musa,,SKU1014,Dettol Soap 65g,Personal Care,1,₦340.00,0,USSD
RCPT-101962,TXN101962,09-05-2026,18:01:00,IKEJA,TILL-02,Emeka Obi,,SKU1001,INDOMIE NOODLES 70G,GRAINS & STAPLES,1,160.00,0,ussd
RCPT-101386,TXN101386,2026-03-02,19:33:00,MiniMart Express - Surulere,TILL-01,Ibrahim Musa,+2348081831016,SKU1019,Titus Sardine 125g,Canned Foods,5,670,0,POS Card
RCPT-102269,TXN102269,2026-07-18,15:05:00,MiniMart Express - Surulere,TILL-01,Tunde Bakare,,SKU1003,Golden Morn 500g,Grains & Staples,1,1380,0,POS Card
RCPT-100200,TXN100200,2026-07-06,17:59:00,Yaba Branch,TILL-01,Blessing Nwosu,,SKU1028,Semovita 2kg,Grains & Staples,2,2110,0,USSD
RCPT-100319,TXN100319,01-04-2026,03:53 PM,MiniMart Express - Ikeja,TILL-02,Segun Adeyemi,+2348199569459,SKU1003,Golden Morn 500g,Grains & Staples,1,1420,0,Card
RCPT-102209,TXN102209,2026-06-08,11:10:00,MiniMart Express - Surulere,TILL-01,Chidinma Okafor,8232635004,SKU1008,Milo 400g,Beverages,2,,0,Bank Transfer
RCPT-100530,TXN100530,05/22/2026,18:06:00,MiniMart Express - Yaba,TILL-01,Tunde Bakare,+2347229313318,SKU1019,Titus Sardine 125g,Canned Foods,4,630,0,Cash
RCPT-100911,TXN100911,2026-06-11,12:17:00,minimart express-ikeja ,TILL-01,Segun Adeyemi,07136237113,SKU1027,Amstel Malta 33cl,,1,₦400.00,10,USSD
RCPT-100558,TXN100558,2026-07-20,13:43:00, Yaba,TILL-02,Amaka Eze,,SKU1002,Peak Milk Evap 170g,Dairy,1,₦610.00,0,Cash
RCPT-101186,TXN101186,2026-05-23,08:28:00,SURULERE,TILL-01,Segun Adeyemi,07885781484,SKU1029,Dano Milk Powder 400g,,1,3330,5,POS
RCPT-102452,TXN102452,2026-05-03,17:42:00,IKEJA,TILL-01,Emeka Obi,,SKU1012,Kings Vegetable Oil 1L,Grains & Staples,3,2570,0,Card
RCPT-100491,TXN100491,05/01/2026,10:07:00,YABA,TILL-01,Fatima Bello,,SKU1015,Close Up Toothpaste 140ml,Personal Care,3,₦920.00,0,ATM Card
RCPT-101181,TXN101181,22-07-2026,19:32:00,SURULERE,TILL-01,Chidinma Okafor,,SKU1028,Semovita 2kg,Grains & Staples,2,"₦1,980.00",0,Bank Transfer
RCPT-101342,TXN101342,23-03-2026,17:50:00,SURULERE,TILL-01,Ibrahim Musa,,SKU1017,La Casera 50cl,Beverages,4,330,0,POS Card
RCPT-102037,TXN102037,28-04-2026,17:23:00, Yaba,TILL-02,Ibrahim Musa,,SKU1021,Bournvita 500g,,4,"₦2,400.00",0,POS Card
RCPT-102080,TXN102080,28/04/2026,13:09:00,MiniMart Express - Ikeja,TILL-02,Ibrahim Musa,2 3 4 8 2 5 8 8 2 4 8 7 6,SKU1023,Ariel Detergent 900g,Household,4,1970,0,Cash
RCPT-101451,TXN101451,2026-07-10,15:50:00,IKEJA,TILL-01,Amaka Eze,,SKU1004,Dangote Sugar 1kg,Grains & Staples,2,1340,0,Cash
RCPT-102419,TXN102419,2026-06-19,11:21:00, Yaba,TILL-02,Fatima Bello,+2348638663892,SKU1018,Maltina 33cl,Beverages,1,460,0,POS Card
RCPT-101184,TXN101184,07/03/2026,08:37:00,YABA,TILL-03,Segun Adeyemi,,SKU1002,peak milk evaporated170g,Dairy,2,620,0,Bank Transfer
RCPT-102151,TXN102151,12/04/2026,09:08:00,SURULERE,TILL-01,Segun Adeyemi,,SKU1006,Bigi Cola 50cl,Beverages,3,370,0,Transfer
RCPT-101604,TXN101604,2026-05-11,08:09:00,SURULERE,TILL-01,Ibrahim Musa,,SKU1003,Golden Morn 500g,Grains & Staples,5,1590,0,Bank Transfer
RCPT-100573,TXN100573,06/05/2026,16:46:00,MiniMart Express - Yaba,TILL-02,Blessing Nwosu,07525766182,SKU1019,Titus Sardine 125g,Canned Foods,1,730,0,POS Card
RCPT-100957,,2026-06-06,17:26:00,Ikeja Branch,TILL-01,Chidinma Okafor,,SKU1012,Kings Vegetable Oil 1L,Grains & Staples,1,2380,0,Transfer
RCPT-102598,TXN102598,06-04-2026,19:19:00,Surulere Branch,TILL-01,Tunde Bakare,,SKU1027,Amstel Malta 33cl,Beverages,3,420,0,Card
RCPT-101441,TXN101441,2026-04-11,20:47:00,Surulere Branch,TILL-01,Amaka Eze,+2347498382225,SKU1004,DANGOTE SUGAR 1KG ,Grains & Staples,2,1340,0,ussd
RCPT-101023,TXN101023,23-06-2026,18:36:00,MiniMart Express - Ikeja,TILL-01,Fatima Bello,,SKU1005,Coca Cola 50cl,Beverages,5,360,0,Cash
RCPT-100803,TXN100803,2026-03-22,04:59 PM,MiniMart Express - Surulere,TILL-01,Ibrahim Musa,,SKU1009,Cowbell Milk Powder 360g,Dairy,3,1660,0,POS Card
RCPT-102043,TXN102043,2026-03-06,11:55:00,MiniMart Express - Yaba,TILL-03,Blessing Nwosu,,SKU1009,Cowbell Milk Powder 360g,Dairy,1,2030,0,Cash
RCPT-101921,TXN101921,2026-05-29,18:07:00, Yaba,TILL-01,Chidinma Okafor,8246512387,SKU1005,Coca Cola 50cl,Beverages,1,380,0,pos
RCPT-101574,TXN101574,2026-03-22,18:58:00,Surulere Branch,TILL-01,,,SKU1029,Dano Milk Powder 400g,Dairy,1,"2,950.00",0,Cash
RCPT-102413,TXN102413,2026-06-14,15:50:00,MiniMart Express - Yaba,TILL-02,Blessing Nwosu,,SKU1029,Dano Milk Powder 400g,Dairy,1,3030,0,transfer
RCPT-100828,TXN100828,2026-06-10,19:29:00,minimart express-ikeja ,TILL-01,Fatima Bello,,SKU1015,Close Up Toothpaste 140ml,Personal Care,3,900,0,pos
RCPT-102022,TXN102022,10-03-2026,20:31:00,MiniMart Express - Surulere,TILL-01,Chidinma Okafor,9047042631,SKU1025,Tom Tom Sweet (pack),Snacks,4,320,0,pos
RCPT-101675,TXN101675,2026-06-22,11:03:00,Yaba Branch,TILL-01,Chidinma Okafor,,SKU1012,Kings Vegetable Oil 1L,Grains & Staples,1,2940,0,POS Card
RCPT-101397,TXN101397,2026-07-03,16:01:00,YABA,TILL-03,,,SKU1026,Chivita Juice 1L,Beverages,1,1460,0,transfer
RCPT-102404,TXN102404,06/21/2026,21:04:00,Yaba Branch,TILL-02,Emeka Obi,7845889139,SKU1025,Tom Tom Sweet (pack),Snacks,2,290,0,transfer
RCPT-102294,TXN102294,2026-07-01,11:34:00,MiniMart Express - Surulere,TILL-01,Emeka Obi,2347048760684,SKU1022,Knorr Chicken Cubes (pack),Grains & Staples,3,290,0,POS Card
RCPT-101667,TXN101667,2026-06-17,21:41:00,Ikeja Branch,TILL-02,Tunde Bakare,2347203511843,SKU1020,Cerelac Infant Cereal 400g,Baby Products,5,3500,0,USSD
RCPT-100557,TXN100557,31/07/2026,10:17:00,IKEJA,TILL-02,Chidinma Okafor,,SKU1009,Cowbell Milk Powder 360g,Dairy,3,"₦1,950.00",0,Cash
RCPT-102179,TXN102179,2026-06-11,17:09:00, Yaba,TILL-01,Segun Adeyemi,,SKU1025,Tom Tom Sweet (pack),Snacks,5,340,0,transfer
RCPT-100634,TXN100634,2026-06-18,11:38:00,Ikeja Branch,TILL-01,Chidinma Okafor,7066376671,SKU1012,Kings Vegetable Oil 1L,Grains & Staples,2,2650,0,transfer
RCPT-101168,TXN101168,06/03/2026,11:32 AM,SURULERE,TILL-01,Fatima Bello,,SKU1012,Kings Vegetable Oil 1L,Grains & Staples,1,"₦2,400.00",0,transfer
RCPT-100027,TXN100027,14/04/2026,09:55:00,minimart express-ikeja ,TILL-01,Blessing Nwosu,,SKU1019,Titus Sardine 125g,Canned Foods,2,700,0,Cash
RCPT-102328,TXN102328,2026-03-17,18:24:00,Yaba Branch,TILL-01,Amaka Eze,7704960797,SKU1029,Dano Milk Powder 400g,Dairy,2,"₦3,000.00",0,USSD
RCPT-100741,TXN100741,2026-07-05,21:09:00,YABA,TILL-01,Chidinma Okafor,,SKU1006,Bigi Cola 50cl,Beverages,3,,0,POS Card
RCPT-100093,TXN100093,28-04-2026,20:30:00,MiniMart Express - Yaba,TILL-01,Fatima Bello,+2347976880713,SKU1030,Nasco Cornflakes 500g,,1,"₦2,060.00",0,cash
RCPT-102059,TXN102059,2026-04-11,10:45 AM,MiniMart Express - Yaba,TILL-03,Fatima Bello,,SKU1006,Bigi Cola 50cl,Beverages,2,320,0,CASH
RCPT-100671,TXN100671,2026-06-24,08:17:00,YABA,TILL-01,Emeka Obi,2347505866530,SKU1012,Kings Vegetable Oil 1L,Grains & Staples,1,2570,10,POS Card
RCPT-101392,TXN101392,18-07-2026,08:35:00,SURULERE,TILL-01,Emeka Obi,,SKU1003,Golden Morn 500g,Grains & Staples,5,1400,0,POS Card
RCPT-100452,TXN100452,2026-05-07,17:57:00,MiniMart Express - Surulere,TILL-01,Emeka Obi,,SKU1014,Dettol Soap 65g,Personal Care,1,320,0,cash
RCPT-100903,TXN100903,2026-03-14,17:27:00,MiniMart Express - Yaba,TILL-01,Chidinma Okafor,,SKU1028,Semovita 2kg,Grains & Staples,2,1890,0,pos
RCPT-102006,TXN102006,2026-05-06,14:41:00,Ikeja Branch,TILL-01,Tunde Bakare,07616578088,SKU1016,Eva Water 75cl,Beverages,1,,0,cash
RCPT-100224,TXN100224,2026-07-01,17:42:00,MiniMart Express - Yaba,TILL-01,Fatima Bello,,SKU1023,Ariel Detergent 900g,Household,3,1800,0,cash
RCPT-101209,TXN101209,01/03/2026,20:09:00,MiniMart Express - Surulere,TILL-01,,,SKU1018,Maltina 33cl,Beverages,2,480,0,Cash
RCPT-102142,TXN102142,2026-05-25,18:29:00,MiniMart Express - Ikeja,TILL-01,Chidinma Okafor,,SKU1010,Mama Gold Rice5kg,Grains & Staples,3,5880,0,Bank Transfer
RCPT-101666,TXN101666,11-05-2026,15:13:00,Surulere Branch,TILL-01,Tunde Bakare,,SKU1026,Chivita Juice 1L,Beverages,2,1270,0,transfer
RCPT-102316,TXN102316,05-05-2026,11:24:00,SURULERE,TILL-01,Chidinma Okafor,,SKU1007,Gala Sausage Roll,Snacks,3,230,0,POS Card
RCPT-100737,TXN100737,2026-07-23,08:21:00,Surulere Branch,TILL-01,Amaka Eze,,SKU1006,Bigi Cola 50cl,Beverages,3,370,0,transfer
RCPT-100474,TXN100474,2026-04-04,13:11:00,YABA,TILL-03,Emeka Obi,,SKU1022,Knorr Chicken Cubes (pack),Grains & Staples,1,290.00,0,pos
RCPT-100511,TXN100511,31-03-2026,08:37 AM, Yaba,TILL-02,Chidinma Okafor,,SKU1018,Maltina 33cl,Beverages,1,480,0,pos
RCPT-100452,TXN100452,2026-05-07,17:57:00,MiniMart Express - Surulere,TILL-01,Emeka Obi,,SKU1007,Gala Sausage Roll,SNACKS,2,270,0,cash
RCPT-102499,TXN102499,2026-07-20,09:49 AM,Yaba Branch,TILL-03,Emeka Obi,7965155017,SKU1003,Golden Morn 500g,Grains & Staples,1,1580,0,POS Card
RCPT-100570,TXN100570,2026-04-14,18:36:00,Yaba Branch,TILL-02,Fatima Bello,,SKU1009,Cowbell Milk Powder 360g,Dairy,1,1750,0,cash
RCPT-102044,TXN102044,2026-05-06,16:43:00,Yaba Branch,TILL-01,,,SKU1020,Cerelac Infant Cereal 400g,Baby Products,1,3110,0,Transfer
RCPT-101013,TXN101013,15-05-2026,13:42:00,Yaba Branch,TILL-01,Ibrahim Musa,,SKU1014,Dettol Soap 65g,Personal Care,3,380,0,Cash
RCPT-102572,TXN102572,2026-07-18,20:13:00,Surulere Branch,TILL-01,Blessing Nwosu,,SKU1013,Omo Detergent 900g,HOUSEHOLD,2,,0,Cash
RCPT-102040,TXN102040,2026-06-09,10:19:00,SURULERE,TILL-01,Fatima Bello,,SKU1004,DANGOTE SUGAR 1KG ,Grains & Staples,1,"₦1,350.00",0,ATM Card
RCPT-101903,,2026-04-25,09:35:00, Yaba,TILL-02,Emeka Obi,0 8 7 2 2 7 9 7 2 1 3,SKU1002,peak milk evaporated170g,Dairy,1,650,0,cash
RCPT-101320,TXN101320,2026-06-10,21:08:00,YABA,TILL-01,Fatima Bello,,SKU1018,Maltina 33cl,Beverages,4,450,0,Card
RCPT-100805,TXN100805,2026-03-30,16:44:00,Yaba Branch,TILL-02,Tunde Bakare,+2347035074092,SKU1024,"Pampers Diapers (pack, medium)",Baby Products,1,4780,0,POS Card
RCPT-101366,TXN101366,2026-05-24,12:59:00,MiniMart Express - Surulere,TILL-01,Tunde Bakare,7404681354,SKU1022,Knorr Chicken Cubes (pack),Grains & Staples,4,₦340.00,0,Bank Transfer
RCPT-102211,TXN102211,2026-07-01,19:12:00,MiniMart Express - Ikeja,TILL-02,Tunde Bakare,08369940034,SKU1018,Maltina 33cl,Beverages,3,480,0,POS Card
RCPT-101779,TXN101779,2026-03-19,13:50:00,Surulere Branch,TILL-01,Blessing Nwosu,,SKU1029,Dano Milk Powder 400g,Dairy,1,,0,Transfer
RCPT-100125,TXN100125,2026-06-23,13:20:00,Yaba Branch,TILL-01,Blessing Nwosu,+2348741688161,SKU1014,Dettol Soap 65g,Personal Care,1,380,0,ATM Card
RCPT-102074,TXN102074,2026-06-22,08:14:00,SURULERE,TILL-01,Chidinma Okafor,+2347951485174,SKU1019,Titus Sardine 125g,Canned Foods,1,680,0,Cash
RCPT-101819,TXN101819,2026-05-20,11:25:00,Ikeja Branch,TILL-02,Ibrahim Musa,,SKU1011,Honeywell Semolina 2kg,Grains & Staples,2,2510,0,Cash
RCPT-102594,TXN102594,2026-07-27,17:03:00,YABA,TILL-02,Fatima Bello,,SKU1009,Cowbell Milk Powder 360g,Dairy,4,2000,0,Cash
RCPT-100337,TXN100337,2026-06-03,16:22:00,MiniMart Express - Surulere,TILL-01,Fatima Bello,,SKU1003,Golden Morn 500g,Grains & Staples,3,1390,0,Cash
RCPT-100698,TXN100698,2026-06-13,12:29:00,IKEJA,TILL-02,Amaka Eze,,SKU1026,Chivita Juice 1L,Beverages,1,1450,0,Card
RCPT-101316,TXN101316,2026-04-09,17:45:00,SURULERE,TILL-01,Tunde Bakare,,SKU1002,peak milk evaporated170g,,2,590,0,Cash
RCPT-102294,TXN102294,01/07/2026,11:34:00,SURULERE,TILL-01,Emeka Obi,2347048760684,SKU1017,La Casera 50cl,Beverages,1,320,0,POS Card
RCPT-100266,TXN100266,2026-03-22,17:51:00,MiniMart Express - Surulere,TILL-01,Ibrahim Musa,,SKU1011,Honeywell Semolina 2kg,Grains & Staples,1,"2,560.00",0,POS Card
RCPT-100593,TXN100593,2026-03-03,17:58:00,MiniMart Express - Surulere,TILL-01,Ibrahim Musa,,SKU1025,Tom Tom Sweet (pack),Snacks,3,300,0,Bank Transfer
RCPT-102187,TXN102187,2026-04-06,08:24 AM,Surulere Branch,TILL-01,Ibrahim Musa,,SKU1029,Dano Milk Powder 400g,Dairy,1,"2,760.00",0,USSD
RCPT-100115,TXN100115,05/06/2026,15:39:00,MiniMart Express - Yaba,TILL-02,Segun Adeyemi,,SKU1017,La Casera 50cl,Beverages,2,₦320.00,0,Cash
RCPT-100813,TXN100813,2026-05-21,14:18:00,Surulere Branch,TILL-01,Tunde Bakare,2 3 4 8 2 6 1 6 2 2 0 5 2,SKU1018,Maltina 33cl,Beverages,2,410,0,POS Card
RCPT-101039,TXN101039,2026-06-18,17:41:00,Ikeja Branch,TILL-01,Amaka Eze,2 3 4 7 9 3 5 4 2 1 4 2 8,SKU1009,Cowbell Milk Powder 360g,Dairy,2,"1,770.00",0,Bank Transfer
RCPT-102556,TXN102556,2026-05-24,12:10:00,Surulere Branch,TILL-01,Chidinma Okafor,,SKU1012,Kings Vegetable Oil 1L,Grains & Staples,1,2920,0,Cash
RCPT-100420,TXN100420,2026-06-25,07:55 PM,MiniMart Express - Surulere,TILL-01,Tunde Bakare,07741604880,SKU1009,Cowbell Milk Powder 360g,Dairy,4,1980,0,POS Card
RCPT-101328,TXN101328,2026-07-06,07:37:00,Surulere Branch,TILL-01,Amaka Eze,,SKU1004,DANGOTE SUGAR 1KG ,Grains & Staples,1,1240,0,Cash
RCPT-100842,TXN100842,05/22/2026,08:42:00,MiniMart Express - Yaba,TILL-03,Emeka Obi,,SKU1015,Close Up Toothpaste 140ml,PERSONAL CARE,1,₦990.00,0,CASH
RCPT-102282,TXN102282,04/19/2026,15:42:00,IKEJA,TILL-02,Ibrahim Musa,2347306056778,SKU1018,Maltina 33cl,Beverages,2,460,0,Cash
RCPT-101873,TXN101873,2026-07-16,16:14:00,IKEJA,TILL-02,Emeka Obi,,SKU1016,Eva Water 75cl,Beverages,1,₦230.00,0,Cash
RCPT-101327,TXN101327,2026-06-27,12:17:00,Ikeja Branch,TILL-02,Fatima Bello,2348651250021,SKU1011,Honeywell Semolina 2kg,Grains & Staples,2,2070,0,pos
RCPT-101481,TXN101481,10/06/2026,08:16:00,MiniMart Express - Surulere,TILL-01,Emeka Obi,,SKU1016,Eva Water 75cl,,1,210,0,Cash
RCPT-101486,TXN101486,2026-03-07,19:24:00,Surulere Branch,TILL-01,Tunde Bakare,8689316051,SKU1005,Coca Cola 50cl,Beverages,1,430.00,0,POS Card
RCPT-100314,TXN100314,2026-07-17,13:57:00,MiniMart Express - Ikeja,TILL-01,Amaka Eze,,SKU1005,Coca Cola 50cl,Beverages,148,390,0,ussd
RCPT-101940,TXN101940,2026-07-20,15:43:00,Surulere Branch,TILL-01,Chidinma Okafor,,SKU1030,Nasco Cornflakes 500g,Grains & Staples,3,1830,0,CASH
RCPT-100678,TXN100678,2026-05-25,08:32:00,IKEJA,TILL-02,Ibrahim Musa,,SKU1013,Omo Detergent 900g,Household,3,"₦1,680.00",0,ATM Card
RCPT-102377,TXN102377,2026-05-20,16:38:00,SURULERE,TILL-01,Segun Adeyemi,07828005804,SKU1007,Gala Sausage Roll,Snacks,2,230,0,POS Card
RCPT-102482,TXN102482,2026-07-29,18:29:00,Ikeja Branch,TILL-02,,7265817459,SKU1022,Knorr Chicken Cubes (pack),Grains & Staples,1,330,0,transfer
RCPT-101442,TXN101442,20/03/2026,10:32:00,Surulere Branch,TILL-01,Fatima Bello,,SKU1005,Coca Cola 50cl,Beverages,3,450,0,Transfer
RCPT-101470,TXN101470,06/07/2026,08:12:00,MiniMart Express - Ikeja,TILL-02,Tunde Bakare,+2347819398566,SKU1030,Nasco Cornflakes 500g,Grains & Staples,4,"1,770.00",0,Cash
RCPT-100085,TXN100085,2026-05-10,01:21 PM,YABA,TILL-02,Ibrahim Musa,08153237608,SKU1027,Amstel Malta 33cl,Beverages,2,450,0,Bank Transfer
RCPT-100186,TXN100186,2026-05-19,08:34:00,YABA,TILL-03,Chidinma Okafor,,SKU1025,Tom Tom Sweet (pack),SNACKS,3,330,0,POS Card
RCPT-100786,TXN100786,2026-05-05,07:52:00,SURULERE,TILL-01,Amaka Eze,8479439429,SKU1017,La Casera 50cl,Beverages,3,360,0,Cash
RCPT-100645,TXN100645,2026-04-19,01:19 PM, Yaba,TILL-02,Tunde Bakare,,SKU1009,Cowbell Milk Powder 360g,Dairy,2,"₦1,920.00",0,USSD
RCPT-100938,TXN100938,2026-03-20,19:21:00,minimart express-ikeja ,TILL-01,Segun Adeyemi,,SKU1019,Titus Sardine 125g,CANNED FOODS,1,680,0,cash
RCPT-100266,TXN100266,2026-03-22,17:51:00,SURULERE,TILL-01,Ibrahim Musa,,SKU1009,Cowbell Milk Powder 360g,Dairy,1,1930,5,POS Card
RCPT-100069,TXN100069,2026-03-06,09:45:00,minimart express-ikeja ,TILL-02,Chidinma Okafor,2348982860938,SKU1011,Honeywell Semolina 2kg,Grains & Staples,1,2290,0,POS Card
RCPT-101059,TXN101059,2026-05-14,18:22:00,MiniMart Express - Ikeja,TILL-02,Fatima Bello,,SKU1012,Kings Vegetable Oil 1L,Grains & Staples,2,2460,0,USSD
RCPT-100533,TXN100533,2026-03-08,09:34:00, Yaba,TILL-03,Ibrahim Musa,,SKU1020,Cerelac Infant Cereal 400g,Baby Products,1,3420,0,Cash
RCPT-100091,TXN100091,2026-07-07,07:15:00,IKEJA,TILL-02,Segun Adeyemi,09063782393,SKU1028,Semovita 2kg,Grains & Staples,2,"2,180.00",0,Cash
RCPT-102557,TXN102557,2026-06-20,18:02:00,IKEJA,TILL-02,Blessing Nwosu,7025428362,SKU1020,Cerelac Infant Cereal 400g,Baby Products,3,3490,0,POS Card
RCPT-102141,TXN102141,2026-07-26,17:12:00,SURULERE,TILL-01,Blessing Nwosu,08404543122,SKU1011,Honeywell Semolina 2kg,Grains & Staples,3,2240,0,ussd
RCPT-100732,TXN100732,15/04/2026,12:49:00,SURULERE,TILL-01,Tunde Bakare,,SKU1023,Ariel Detergent 900g,Household,1,"₦1,620.00",0,Cash
RCPT-101514,TXN101514,2026-04-14,17:34:00,MiniMart Express - Yaba,TILL-03,Tunde Bakare,8627958039,SKU1004,DANGOTE SUGAR 1KG ,Grains & Staples,3,1360,0,ATM Card
RCPT-100621,TXN100621,2026-06-14,13:02:00,IKEJA,TILL-02,Tunde Bakare,09052925327,SKU1010,MAMA GOLD RICE 5KG,Grains & Staples,1,"5,980.00",0,Cash
RCPT-100597,TXN100597,2026-04-20,18:23:00,Ikeja Branch,TILL-01,Ibrahim Musa,,SKU1020,Cerelac Infant Cereal 400g,Baby Products,1,3390,0,Bank Transfer
RCPT-101758,TXN101758,2026-07-19,11:44:00,YABA,TILL-01,Blessing Nwosu,2349037037797,SKU1029,Dano Milk Powder 400g,Dairy,1,2830,0,Card
RCPT-102237,TXN102237,2026-04-30,11:26:00,Surulere Branch,TILL-01,Segun Adeyemi,,SKU1013,Omo Detergent 900g,Household,2,1470,0,POS
RCPT-102382,TXN102382,2026-07-08,16:09:00,MiniMart Express - Surulere,TILL-01,Blessing Nwosu,07713543620,SKU1017,La Casera 50cl,Beverages,2,380.00,0,Card
RCPT-102589,TXN102589,2026-03-29,21:44:00,Yaba Branch,TILL-03,Emeka Obi,,SKU1009,Cowbell Milk Powder 360g,Dairy,1,2030,0,USSD
RCPT-100996,TXN100996,2026-05-14,12:38 PM,YABA,TILL-01,Amaka Eze,8468896929,SKU1023,Ariel Detergent 900g,HOUSEHOLD,4,1640,0,Cash
RCPT-100765,TXN100765,18-04-2026,09:32:00,IKEJA,TILL-02,Segun Adeyemi,,SKU1020,Cerelac Infant Cereal 400g,BABY PRODUCTS,2,"₦3,280.00",10,Bank Transfer
RCPT-101487,TXN101487,2026-04-27,01:05 PM,minimart express-ikeja ,TILL-01,Blessing Nwosu,,SKU1030,Nasco Cornflakes 500g,Grains & Staples,1,"₦2,140.00",0,Bank Transfer
RCPT-101504,TXN101504,06/10/2026,11:26:00,Surulere Branch,TILL-01,Amaka Eze,,SKU1012,Kings Vegetable Oil 1L,Grains & Staples,1,2890,0,Cash
RCPT-102166,TXN102166,2026-07-11,18:45:00,Ikeja Branch,TILL-02,Tunde Bakare,07718233090,SKU1002,Peak Milk Evaporated 170g,,1,750,15,Cash
RCPT-102357,TXN102357,2026-04-05,15:21:00,Ikeja Branch,TILL-02,Amaka Eze,2348873457691,SKU1026,Chivita Juice 1L,,1,"₦1,350.00",0,POS Card
RCPT-100658,TXN100658,2026-04-02,18:14:00,YABA,TILL-01,Chidinma Okafor,08713123388,SKU1001,Indomie Noodle 70g,Grains & Staples,2,170,0,transfer
RCPT-102060,TXN102060,06/06/2026,19:25:00,SURULERE,TILL-01,Ibrahim Musa,,SKU1030,Nasco Cornflakes 500g,Grains & Staples,1,"₦1,930.00",0,POS
RCPT-100221,TXN100221,2026-03-10,19:04:00,MiniMart Express - Ikeja,TILL-02,Tunde Bakare,,SKU1030,Nasco Cornflakes 500g,Grains & Staples,1,1880,0,POS Card
RCPT-101473,TXN101473,2026-05-04,10:38:00,IKEJA,TILL-02,Ibrahim Musa,,SKU1009,Cowbell Milk Powder 360g,Dairy,2,,0,Cash
RCPT-100465,TXN100465,05/28/2026,18:43:00,IKEJA,TILL-02,Chidinma Okafor,,SKU1016,Eva Water 75cl,Beverages,1,180.00,0,transfer
RCPT-101813,TXN101813,2026-04-02,20:13:00,minimart express-ikeja ,TILL-02,Chidinma Okafor,2348819261313,SKU1009,Cowbell Milk Powder 360g,Dairy,2,1950,0,Cash
RCPT-100416,TXN100416,2026-04-23,17:01:00,Ikeja Branch,TILL-02,Fatima Bello,,SKU1014,Dettol Soap 65g,Personal Care,2,400,0,ATM Card
RCPT-101642,TXN101642,2026-07-10,20:12:00,MiniMart Express - Surulere,TILL-01,Segun Adeyemi,8845457503,SKU1013,Omo Detergent 900g,,2,"1,750.00",0,ussd
RCPT-101005,TXN101005,2026-03-12,09:27:00,Ikeja Branch,TILL-02,Segun Adeyemi,,SKU1030,Nasco Cornflakes 500g,Grains & Staples,3,"₦2,130.00",5,Cash
RCPT-100458,TXN100458,26/05/2026,19:02:00,IKEJA,TILL-01,Emeka Obi,,SKU1026,Chivita Juice 1L,Beverages,-3,1490,0,POS Card
RCPT-100907,TXN100907,12/06/2026,14:59:00,Surulere Branch,TILL-01,Ibrahim Musa,+2347449480654,SKU1001, Indomie Noodles 70g ,Grains & Staples,3,170.00,0,POS
RCPT-100656,TXN100656,12-04-2026,17:35:00, Yaba,TILL-01,Chidinma Okafor,0 7 4 5 6 6 8 0 5 7 3,SKU1013,Omo Detergent 900g,Household,4,1490,0,Cash
RCPT-101630,TXN101630,2026-03-08,19:24:00,Ikeja Branch,TILL-02,Amaka Eze,,SKU1011,Honeywell Semolina 2kg,Grains & Staples,-2,"2,390.00",0,transfer
RCPT-100799,TXN100799,2026-03-12,09:43:00,MiniMart Express - Yaba,TILL-02,Segun Adeyemi,,SKU1030,Nasco Cornflakes 500g,Grains & Staples,2,2140,0,POS Card
RCPT-101197,TXN101197,14-06-2026,18:28:00,YABA,TILL-01,,+2348704653073,SKU1008,Milo 400g,Beverages,2,2320,0,ussd
RCPT-100048,TXN100048,21/07/2026,15:24:00,Surulere Branch,TILL-01,Fatima Bello,,SKU1028,Semovita 2kg,Grains & Staples,1,"₦2,150.00",0,Cash
RCPT-102440,TXN102440,2026-06-30,10:13:00,MiniMart Express - Surulere,TILL-01,Tunde Bakare,,SKU1024,"Pampers Diapers (pack, medium)",Baby Products,4,4500,0,Bank Transfer
RCPT-100645,TXN100645,04/19/2026,13:19:00,MiniMart Express - Yaba,TILL-02,Tunde Bakare,,SKU1026,Chivita Juice 1L,Beverages,1,1490,0,USSD
RCPT-100943,TXN100943,2026-04-08,19:26:00, Yaba,TILL-02,Chidinma Okafor,,SKU1026,Chivita Juice 1L,Beverages,1,"1,380.00",0,CASH
RCPT-100542,TXN100542,2026-06-22,17:56:00,Ikeja Branch,TILL-01,Ibrahim Musa,,SKU1023,Ariel Detergent 900g,Household,1,1750,0,Cash
RCPT-102199,TXN102199,2026-06-04,10:50 AM,Surulere Branch,TILL-01,Fatima Bello,7897434646,SKU1023,Ariel Detergent 900g,Household,1,1610,10,POS Card
RCPT-100895,TXN100895,2026-06-21,03:06 PM,MiniMart Express - Ikeja,TILL-02,Segun Adeyemi,,SKU1001,Indomie Noodle 70g,Grains & Staples,3,170,0,POS Card
RCPT-100694,TXN100694,2026-04-15,12:12:00,MiniMart Express - Surulere,TILL-01,Fatima Bello,2348609953228,SKU1020,Cerelac Infant Cereal 400g,Baby Products,1,"3,190.00",0,Bank Transfer
RCPT-100094,TXN100094,2026-06-08,21:00:00,MiniMart Express - Surulere,TILL-01,Amaka Eze,7 3 7 8 9 1 3 2 8 6,SKU1002,peak milk evaporated170g,Dairy,1,,5,cash
RCPT-100110,TXN100110,2026-06-29,07:13:00,MiniMart Express - Ikeja,TILL-02,Emeka Obi,2347544419219,SKU1023,Ariel Detergent 900g,Household,4,"₦1,850.00",0,Card
RCPT-101529,TXN101529,2026-05-29,20:15:00,MiniMart Express - Ikeja,TILL-02,Amaka Eze,,SKU1028,Semovita 2kg,Grains & Staples,1,2280,0,cash
RCPT-101632,TXN101632,2026-07-06,15:35:00,IKEJA,TILL-01,Fatima Bello,,SKU1015,Close Up Toothpaste 140ml,Personal Care,1,840,0,POS Card
RCPT-101642,TXN101642,10/07/2026,20:12:00,SURULERE,TILL-01,Segun Adeyemi,8845457503,SKU1029,Dano Milk Powder 400g,Dairy,5,2850,0,ussd
RCPT-101988,TXN101988,2026-07-27,14:36:00,Ikeja Branch,TILL-02,,2347135478471,SKU1019,Titus Sardine 125g,Canned Foods,3,680.00,0,USSD
RCPT-101319,TXN101319,2026-06-14,15:48:00, Yaba,TILL-02,Ibrahim Musa,+ 2 3 4 7 6 5 2 5 0 6 4 7 4,SKU1006,Bigi Cola 50cl,Beverages,1,390,0,Cash
RCPT-101657,TXN101657,2026-05-25,09:18:00,MiniMart Express - Surulere,TILL-01,Tunde Bakare,,SKU1002,Peak Milk Evaporated 170g,,1,,0,pos
RCPT-101174,TXN101174,06/30/2026,19:58:00,MiniMart Express - Surulere,TILL-01,Chidinma Okafor,,SKU1001,Indomie Noodles 70g,Grains & Staples,1,₦150.00,0,Card
RCPT-100912,TXN100912,2026-04-03,12:43:00,Ikeja Branch,TILL-02,Amaka Eze,,SKU1007,Gala Sausage Roll,,2,260,0,pos
RCPT-102033,TXN102033,2026-07-12,19:38:00,minimart express-ikeja ,TILL-01,Blessing Nwosu,,SKU1014,Dettol Soap 65g,Personal Care,1,320,0,CASH
RCPT-102576,TXN102576,21-03-2026,02:15 PM,YABA,TILL-02,Emeka Obi,,SKU1004,Dangote sugar 1Kg,Grains & Staples,2,,0,cash
RCPT-102094,TXN102094,2026-06-02,14:12:00,YABA,TILL-03,Tunde Bakare,7 6 0 7 0 2 2 1 0 1,SKU1014,Dettol Soap 65g,Personal Care,1,380,0,Transfer
RCPT-100085,TXN100085,2026-05-10,13:21:00,YABA,TILL-02,Ibrahim Musa,08153237608,SKU1023,Ariel Detergent 900g,Household,1,,0,Bank Transfer
RCPT-101116,TXN101116,2026-07-15,07:42:00,Surulere Branch,TILL-01,Fatima Bello,+ 2 3 4 8 4 1 1 6 8 3 4 3 2,SKU1022,Knorr Chicken Cubes (pack),Grains & Staples,4,₦330.00,0,POS Card
RCPT-101435,TXN101435,2026-04-23,17:44:00,Surulere Branch,TILL-01,Blessing Nwosu,+2348668176372,SKU1029,Dano Milk Powder 400g,Dairy,1,"2,910.00",0,pos
RCPT-101351,TXN101351,08/07/2026,11:26:00,MiniMart Express - Ikeja,TILL-01,,+2347171529751,SKU1004,Dangote Sugar 1kg,Grains & Staples,2,1100,0,Transfer
RCPT-100577,TXN100577,2026-06-13,12:22:00,minimart express-ikeja ,TILL-02,Chidinma Okafor,2347385062907,SKU1011,Honeywell Semolina 2kg,Grains & Staples,3,2280,15,POS Card
RCPT-101532,TXN101532,2026-04-28,21:39:00,IKEJA,TILL-01,Segun Adeyemi,,SKU1002,Peak Milk Evaporated 170g,Dairy,1,670,0,USSD
RCPT-100049,TXN100049,05/03/2026,11:59:00,MiniMart Express - Surulere,TILL-01,Amaka Eze,2348848005797,SKU1008,Milo 400g,Beverages,5,2290,0,POS Card
RCPT-100825,TXN100825,06/25/2026,21:17:00,SURULERE,TILL-01,Blessing Nwosu,7 5 1 8 5 4 1 8 2 7,SKU1018,Maltina 33cl,Beverages,4,410,0,Bank Transfer
RCPT-102311,TXN102311,2026-04-08,13:41:00,Surulere Branch,TILL-01,Segun Adeyemi,2347777993162,SKU1024,"Pampers Diapers (pack, medium)",Baby Products,1,4800,0,cash
RCPT-100369,TXN100369,2026-07-15,13:44:00,MiniMart Express - Surulere,TILL-01,Blessing Nwosu,,SKU1016,Eva Water 75cl,Beverages,1,220,15,Card
RCPT-100091,TXN100091,2026-07-07,07:15:00,MiniMart Express - Ikeja,TILL-02,Segun Adeyemi,09063782393,SKU1016,Eva Water 75cl,Beverages,2,190,0,Cash
RCPT-100118,TXN100118,2026-06-07,08:27:00,SURULERE,TILL-01,Tunde Bakare,,SKU1021,Bournvita 500g,Beverages,2,"2,440.00",0,Bank Transfer
RCPT-102353,,2026-03-15,11:35:00,minimart express-ikeja ,TILL-02,Blessing Nwosu,8125870681,SKU1011,Honeywell Semolina 2kg,Grains & Staples,2,"₦2,360.00",0,Cash
RCPT-101889,TXN101889,2026-06-28,12:19:00,minimart express-ikeja ,TILL-01,Chidinma Okafor,+2348864739055,SKU1020,Cerelac Infant Cereal 400g,Baby Products,-2,,0,POS
RCPT-101339,TXN101339,2026-04-28,16:10:00,Surulere Branch,TILL-01,Ibrahim Musa,07439585598,SKU1025,Tom Tom Sweet (pack),,4,270,0,pos
RCPT-101633,TXN101633,07/21/2026,04:13 PM,Yaba Branch,TILL-01,Tunde Bakare,,SKU1028,Semovita 2kg,Grains & Staples,3,2020,0,pos
RCPT-101389,TXN101389,2026-04-03,13:45:00,SURULERE,TILL-01,Chidinma Okafor,08719604097,SKU1019,Titus Sardine 125g,Canned Foods,2,690,0,POS
RCPT-102398,TXN102398,2026-07-31,11:05:00,MiniMart Express - Surulere,TILL-01,Fatima Bello,07971976370,SKU1014,Dettol Soap 65g,Personal Care,1,350,5,Bank Transfer
RCPT-101808,TXN101808,07/20/2026,18:52:00,SURULERE,TILL-01,Amaka Eze,+2348293700550,SKU1020,Cerelac Infant Cereal 400g,Baby Products,2,2890,0,Bank Transfer
RCPT-100983,TXN100983,2026-06-01,12:33:00,SURULERE,TILL-01,Ibrahim Musa,,SKU1008,Milo 400g,Beverages,1,2300,0,POS Card
RCPT-100919,TXN100919,2026-07-25,20:14:00,MiniMart Express - Ikeja,TILL-01,Emeka Obi,,SKU1016,Eva Water 75cl,BEVERAGES,1,190.00,0,ATM Card
RCPT-100118,TXN100118,06/07/2026,08:27:00,Surulere Branch,TILL-01,Tunde Bakare,,SKU1027,Amstel Malta 33cl,Beverages,2,430,0,Bank Transfer
RCPT-102420,TXN102420,23/07/2026,08:38:00,Surulere Branch,TILL-01,Amaka Eze,08511748966,SKU1021,Bournvita 500g,Beverages,1,,0,Card
RCPT-100467,TXN100467,2026-06-23,08:02 PM,minimart express-ikeja ,TILL-02,Ibrahim Musa,+2348751180863,SKU1027,Amstel Malta 33cl,Beverages,2,400,0,Cash
RCPT-100489,TXN100489,2026-07-09,07:22:00,Surulere Branch,TILL-01,Segun Adeyemi,,SKU1029,Dano Milk Powder 400g,Dairy,3,3290,0,Cash
RCPT-101060,TXN101060,2026-06-19,16:14:00,Surulere Branch,TILL-01,Tunde Bakare,08956700018,SKU1011,Honeywell Semolina 2kg,Grains & Staples,5,,5,Bank Transfer
RCPT-100905,TXN100905,2026-05-06,17:02:00,SURULERE,TILL-01,Emeka Obi,+2348887269340,SKU1007,Gala Sausage Roll,Snacks,1,260,0,Card
RCPT-101452,TXN101452,2026-03-14,12:22:00,MiniMart Express - Ikeja,TILL-02,Tunde Bakare,,SKU1024,"Pampers Diapers (pack, medium)",Baby Products,5,"4,280.00",0,pos
RCPT-102345,TXN102345,20-03-2026,13:20:00,SURULERE,TILL-01,Tunde Bakare,+2348544879513,SKU1030,Nasco Cornflakes 500g,Grains & Staples,1,"1,820.00",0,Cash
RCPT-102155,TXN102155,2026-06-21,10:51:00,Surulere Branch,TILL-01,Fatima Bello,,SKU1030,Nasco Cornflakes 500g,GRAINS & STAPLES,2,,15,ussd
RCPT-100014,TXN100014,2026-05-06,13:13:00,MiniMart Express - Yaba,TILL-01,Chidinma Okafor,,SKU1009,Cowbell Milk Powder 360g,Dairy,1,1910,0,POS Card
RCPT-101201,TXN101201,2026-05-04,17:12:00,MiniMart Express - Ikeja,TILL-02,Ibrahim Musa,,SKU1008,Milo 400g,BEVERAGES,1,,0,cash
RCPT-100487,TXN100487,2026-06-07,11:47:00,MiniMart Express - Ikeja,TILL-02,Segun Adeyemi,2348783272177,SKU1005,COCA COLA 50CL,Beverages,2,360,0,POS Card
RCPT-100225,TXN100225,2026-03-30,07:53 AM,Surulere Branch,TILL-01,Emeka Obi,,SKU1027,Amstel Malta 33cl,Beverages,1,360.00,0,CASH
RCPT-101572,TXN101572,2026-05-02,18:21:00,Surulere Branch,TILL-01,Ibrahim Musa,,SKU1023,Ariel Detergent 900g,Household,4,1990,0,POS Card
RCPT-102595,TXN102595,2026-03-21,13:32:00,SURULERE,TILL-01,Chidinma Okafor,+2347457400469,SKU1022,Knorr Chicken Cubes (pack),,4,290,0,Bank Transfer
RCPT-101592,TXN101592,12-06-2026,18:41:00,MiniMart Express - Surulere,TILL-01,Blessing Nwosu,,SKU1017,La Casera 50cl,Beverages,1,380,0,cash
RCPT-100055,TXN100055,2026-07-20,10:35:00,SURULERE,TILL-01,Amaka Eze,,SKU1021,Bournvita 500g,Beverages,1,"2,160.00",0,POS Card
RCPT-100707,TXN100707,2026-05-29,16:51:00,YABA,TILL-03,Fatima Bello,7676616655,SKU1027,Amstel Malta 33cl,Beverages,2,,0,POS Card
RCPT-100785,TXN100785,19/03/2026,16:21:00,MiniMart Express - Yaba,TILL-02,Fatima Bello,,SKU1004,Dangote sugar 1Kg,Grains & Staples,2,1220,0,POS
RCPT-101464,TXN101464,2026-05-18,08:09 AM,Yaba Branch,TILL-01,Ibrahim Musa,,SKU1013,Omo Detergent 900g,Household,1,1670,0,Card
RCPT-101070,TXN101070,14-05-2026,09:49:00,minimart express-ikeja ,TILL-01,Amaka Eze,,SKU1028,Semovita 2kg,Grains & Staples,2,2010,0,Card
RCPT-100190,TXN100190,2026-05-08,21:44:00,IKEJA,TILL-01,Tunde Bakare,08827243511,SKU1013,Omo Detergent 900g,Household,4,1480,0,Cash
RCPT-102051,TXN102051,2026-03-22,08:00:00,MiniMart Express - Ikeja,TILL-01,Ibrahim Musa,2348568751603,SKU1026,Chivita Juice 1L,Beverages,4,1270,15,ussd
RCPT-100786,TXN100786,2026-05-05,07:52:00,Surulere Branch,TILL-01,Amaka Eze,8479439429,SKU1010,Mama Gold Rice 5kg,Grains & Staples,2,,0,Cash
RCPT-101779,TXN101779,2026-03-19,13:50:00,Surulere Branch,TILL-01,Blessing Nwosu,,SKU1009,Cowbell Milk Powder 360g,Dairy,2,"2,000.00",0,Transfer
RCPT-101974,TXN101974,2026-03-10,19:23:00,Surulere Branch,TILL-01,Amaka Eze,,SKU1005,Coca Cola 50cl,Beverages,1,440,0,POS Card
RCPT-101958,TXN101958,2026-06-17,10:43:00,MiniMart Express - Surulere,TILL-01,Tunde Bakare,,SKU1018,Maltina 33cl,,2,510,0,POS
RCPT-100240,TXN100240,2026-04-06,11:43:00,YABA,TILL-03,Amaka Eze,,SKU1020,Cerelac Infant Cereal 400g,Baby Products,2,2930,0,Card
RCPT-101887,TXN101887,2026-07-21,19:00:00,Ikeja Branch,TILL-02,Chidinma Okafor,,SKU1018,Maltina 33cl,Beverages,1,420,0,pos
RCPT-101821,TXN101821,2026-04-27,18:08:00,SURULERE,TILL-01,Emeka Obi,+2347948995525,SKU1027,Amstel Malta 33cl,Beverages,3,₦440.00,0,CASH
RCPT-100305,TXN100305,2026-04-18,17:23:00,Surulere Branch,TILL-01,Blessing Nwosu,08416387876,SKU1024,"Pampers Diapers (pack, medium)",Baby Products,3,,0,Card
RCPT-101072,TXN101072,18/07/2026,11:58:00,Yaba Branch,TILL-02,Tunde Bakare,,SKU1002,Peak Milk Evaporated 170g,DAIRY,3,590,0,Cash
RCPT-100153,TXN100153,2026-05-07,16:48:00, Yaba,TILL-02,Blessing Nwosu,8326251441,SKU1022,Knorr Chicken Cubes (pack),Grains & Staples,1,₦310.00,0,POS Card
RCPT-101614,TXN101614,2026-03-28,18:07:00,YABA,TILL-01,Tunde Bakare,,SKU1020,Cerelac Infant Cereal 400g,Baby Products,1,3420,0,POS Card
RCPT-101871,TXN101871,2026-03-23,18:47:00,SURULERE,TILL-01,Segun Adeyemi,+2347429977814,SKU1006,Bigi Cola 50cl,BEVERAGES,1,₦390.00,0,POS Card
RCPT-100056,TXN100056,2026-07-04,11:11:00,Surulere Branch,TILL-01,Amaka Eze,,SKU1012,Kings Vegetable Oil 1L,Grains & Staples,5,2660,0,POS Card
RCPT-100080,TXN100080,24/03/2026,18:04:00,MiniMart Express - Ikeja,TILL-02,,07255293157,SKU1002,Peak Milk Evap 170g,Dairy,1,₦650.00,0,ussd
RCPT-102588,TXN102588,2026-03-13,12:27:00,MiniMart Express - Ikeja,TILL-01,Chidinma Okafor,,SKU1020,Cerelac Infant Cereal 400g,Baby Products,1,3490,0,Cash
RCPT-102327,TXN102327,2026-05-21,20:02:00,MiniMart Express - Surulere,TILL-01,Segun Adeyemi,7652611597,SKU1015,Close Up Toothpaste 140ml,Personal Care,1,1020,0,Bank Transfer
RCPT-101933,TXN101933,2026-06-17,17:01:00,Surulere Branch,TILL-01,Amaka Eze,,SKU1015,Close Up Toothpaste 140ml,,3,1000,0,Card
RCPT-101107,TXN101107,2026-07-31,20:49:00,minimart express-ikeja ,TILL-02,Amaka Eze,7891964918,SKU1022,Knorr Chicken Cubes (pack),Grains & Staples,2,330,0,ussd
RCPT-100780,TXN100780,2026-07-12,17:30:00,Yaba Branch,TILL-01,Fatima Bello,2348573842237,SKU1028,Semovita 2kg,Grains & Staples,1,2070,0,Card
RCPT-100953,TXN100953,05/01/2026,13:36:00,SURULERE,TILL-01,Tunde Bakare,2347128157891,SKU1019,Titus Sardine 125g,Canned Foods,2,780,0,CASH
RCPT-100989,TXN100989,2026-05-29,16:19:00,minimart express-ikeja ,TILL-01,Ibrahim Musa,,SKU1009,Cowbell Milk Powder 360g,Dairy,3,1780,5,Bank Transfer
RCPT-100952,TXN100952,26/03/2026,19:05:00,YABA,TILL-03,Fatima Bello,,SKU1026,Chivita Juice 1L,Beverages,1,1360,5,transfer
RCPT-101357,TXN101357,2026-04-07,09:53:00,Surulere Branch,TILL-01,Emeka Obi,8987568709,SKU1023,Ariel Detergent 900g,Household,3,1990,0,Card
RCPT-102544,TXN102544,2026-06-09,09:41:00,Ikeja Branch,TILL-01,Ibrahim Musa,2 3 4 8 5 3 3 9 1 6 3 2 0,SKU1013,Omo Detergent 900g,Household,5,1790,0,Card
RCPT-100268,TXN100268,2026-05-26,21:11:00,Yaba Branch,TILL-03,Segun Adeyemi,,SKU1018,Maltina 33cl,Beverages,2,480,0,transfer
RCPT-100410,TXN100410,06/07/2026,01:36 PM,YABA,TILL-02,Fatima Bello,,SKU1003,Golden Morn 500g,Grains & Staples,1,"₦1,620.00",0,POS Card
RCPT-100257,TXN100257,2026-06-05,19:31:00,SURULERE,TILL-01,Segun Adeyemi,08349087498,SKU1003,Golden Morn 500g,Grains & Staples,1,1470,0,POS Card
RCPT-101485,TXN101485,2026-03-19,10:36:00,Yaba Branch,TILL-03,Blessing Nwosu,2348205599364,SKU1023,Ariel Detergent 900g,Household,1,1870,0,POS
RCPT-100514,TXN100514,2026-07-16,21:07:00,minimart express-ikeja ,TILL-01,Fatima Bello,,SKU1018,Maltina 33cl,,1,,0,Bank Transfer
RCPT-101296,TXN101296,2026-06-20,14:09:00,MiniMart Express - Ikeja,TILL-01,Tunde Bakare,,SKU1008,Milo 400g,Beverages,3,"2,250.00",0,cash
RCPT-102223,TXN102223,2026-04-02,21:50:00,Surulere Branch,TILL-01,Amaka Eze,,SKU1020,Cerelac Infant Cereal 400g,Baby Products,1,"₦3,370.00",0,POS Card
RCPT-102501,TXN102501,2026-05-20,13:53:00,MiniMart Express - Yaba,TILL-02,Blessing Nwosu,07768215093,SKU1030,Nasco Cornflakes 500g,Grains & Staples,2,1760,0,POS
RCPT-102110,TXN102110,2026-07-02,19:16:00,IKEJA,TILL-02,Segun Adeyemi,7214434071,SKU1014,Dettol Soap 65g,Personal Care,3,330,0,Cash
RCPT-100509,TXN100509,07/30/2026,10:41:00,YABA,TILL-02,Amaka Eze,+2347227233246,SKU1015,Close Up Toothpaste 140ml,Personal Care,1,870,0,pos
RCPT-100340,TXN100340,12/06/2026,18:45:00, Yaba,TILL-03,Amaka Eze,8608058810,SKU1025,Tom Tom Sweet (pack),Snacks,4,300,0,ATM Card
RCPT-100599,TXN100599,06-07-2026,20:16:00,Surulere Branch,TILL-01,Segun Adeyemi,+2347872951364,SKU1002,Peak Milk Evaporated 170g,Dairy,1,750,0,CASH
RCPT-100398,TXN100398,07-04-2026,17:46:00,Surulere Branch,TILL-01,Fatima Bello,,SKU1020,Cerelac Infant Cereal 400g,Baby Products,2,3460,0,transfer
RCPT-101238,TXN101238,2026-05-29,10:46:00,minimart express-ikeja ,TILL-02,Segun Adeyemi,,SKU1015,Close Up Toothpaste 140ml,Personal Care,4,990,0,ATM Card
RCPT-101823,TXN101823,2026-04-08,20:39:00,MiniMart Express - Surulere,TILL-01,Amaka Eze,,SKU1005,Coca-Cola 50cl,Beverages,1,₦420.00,5,POS Card
RCPT-100224,TXN100224,2026-07-01,17:42:00,Yaba Branch,TILL-01,Fatima Bello,,SKU1016,Eva Water 75cl,Beverages,3,200,0,cash
RCPT-100831,TXN100831,2026-04-25,08:11:00,SURULERE,TILL-01,Segun Adeyemi,,SKU1028,Semovita 2kg,Grains & Staples,1,2030,0,Cash
RCPT-100780,TXN100780,2026-07-12,17:30:00,Yaba Branch,TILL-01,Fatima Bello,2348573842237,SKU1008,Milo 400g,Beverages,1,2250,15,Card
RCPT-100490,TXN100490,2026-07-15,15:09:00,SURULERE,TILL-01,Emeka Obi,,SKU1003,Golden Morn 500g,Grains & Staples,1,"1,460.00",0,Cash
RCPT-102011,TXN102011,2026-03-21,01:23 PM,MiniMart Express - Surulere,TILL-01,Fatima Bello,0 8 5 3 4 7 6 8 1 4 0,SKU1029,Dano Milk Powder 400g,Dairy,1,2670,0,Cash
RCPT-100357,TXN100357,2026-04-17,11:34:00,MiniMart Express - Ikeja,TILL-02,Segun Adeyemi,,SKU1025,Tom Tom Sweet (pack),Snacks,1,330,0,Cash
RCPT-100778,TXN100778,2026-07-27,13:50:00,Yaba Branch,TILL-02,Segun Adeyemi,,SKU1030,Nasco Cornflakes 500g,Grains & Staples,3,"₦2,010.00",0,Cash
RCPT-101675,,2026-06-22,11:03:00,MiniMart Express - Yaba,TILL-01,Chidinma Okafor,,SKU1002,Peak Milk Evaporated 170g,Dairy,1,₦690.00,0,POS Card
RCPT-101733,TXN101733,2026-03-02,16:47:00,YABA,TILL-02,Blessing Nwosu,2347491702222,SKU1016,Eva Water 75cl,,2,220,0,Bank Transfer
RCPT-100213,TXN100213,2026-04-01,15:15:00,MiniMart Express - Yaba,TILL-03,Emeka Obi,2348699222577,SKU1009,Cowbell Milk Powder 360g,Dairy,3,"₦1,710.00",0,Bank Transfer
RCPT-101696,TXN101696,22-03-2026,09:07:00,Surulere Branch,TILL-01,Emeka Obi,8533546710,SKU1018,Maltina 33cl,Beverages,2,440,0,POS Card
RCPT-101113,TXN101113,2026-07-31,19:34:00,Yaba Branch,TILL-02,Chidinma Okafor,2348096925861,SKU1016,Eva Water 75cl,Beverages,2,₦210.00,0,Card
RCPT-100170,TXN100170,2026-06-21,18:40:00,Surulere Branch,TILL-01,Tunde Bakare,,SKU1023,Ariel Detergent 900g,Household,3,"₦1,660.00",0,Cash
RCPT-101870,TXN101870,2026-04-24,09:28 PM,Ikeja Branch,TILL-01,Blessing Nwosu,,SKU1017,La Casera 50cl,Beverages,3,₦350.00,0,transfer
RCPT-102384,TXN102384,2026-04-01,07:58:00,YABA,TILL-02,Emeka Obi,09051513986,SKU1029,Dano Milk Powder 400g,Dairy,1,3240,0,CASH
RCPT-101334,TXN101334,25-07-2026,18:58:00,MiniMart Express - Yaba,TILL-03,Segun Adeyemi,,SKU1014,Dettol Soap 65g,Personal Care,1,370,0,Card
RCPT-102157,TXN102157,2026-04-04,17:20:00,MiniMart Express - Yaba,TILL-01,Fatima Bello,,SKU1016,Eva Water 75cl,Beverages,1,220,0,POS Card
RCPT-101909,TXN101909,2026-06-23,07:09 PM,MiniMart Express - Ikeja,TILL-02,Segun Adeyemi,,SKU1007,Gala Sausage Roll,Snacks,5,240,0,Cash
RCPT-102441,TXN102441,16/06/2026,08:51:00, Yaba,TILL-02,Blessing Nwosu,,SKU1003,Golden Morn 500g,Grains & Staples,3,1340,0,Cash
RCPT-100507,TXN100507,2026-06-19,07:45:00,Surulere Branch,TILL-01,Amaka Eze,+2347693468580,SKU1017,La Casera 50cl,Beverages,5,,0,ussd
RCPT-102244,TXN102244,2026-06-23,17:34:00,YABA,TILL-03,Blessing Nwosu,2348707415319,SKU1002,peak milk evaporated170g,Dairy,4,630,0,Cash
RCPT-102147,TXN102147,2026-07-25,17:15:00,SURULERE,TILL-01,,2348382565796,SKU1014,Dettol Soap 65g,Personal Care,4,390,15,POS Card
RCPT-101200,TXN101200,2026-04-22,08:03:00,MiniMart Express - Surulere,TILL-01,Tunde Bakare,+2348555111189,SKU1019,Titus Sardine 125g,Canned Foods,3,700,0,pos
RCPT-100507,TXN100507,19/06/2026,07:45:00,SURULERE,TILL-01,Amaka Eze,+2347693468580,SKU1020,Cerelac Infant Cereal 400g,Baby Products,2,3470,0,ussd
RCPT-102215,TXN102215,2026-07-28,17:01:00, Yaba,TILL-03,Tunde Bakare,,SKU1017,La Casera 50cl,Beverages,1,330,0,Cash
RCPT-101505,TXN101505,2026-04-08,12:02:00,Yaba Branch,TILL-01,Chidinma Okafor,,SKU1020,Cerelac Infant Cereal 400g,Baby Products,2,3430,0,Cash
RCPT-101870,TXN101870,2026-04-24,21:28:00,MiniMart Express - Ikeja,TILL-01,Blessing Nwosu,,SKU1011,Honeywell Semolina 2kg,Grains & Staples,3,"2,380.00",10,transfer
RCPT-101504,TXN101504,2026-06-10,11:26:00,SURULERE,TILL-01,Amaka Eze,,SKU1026,Chivita Juice 1L,Beverages,1,1420,0,Cash
RCPT-100709,TXN100709,2026-03-01,18:24:00, Yaba,TILL-01,Segun Adeyemi,,SKU1011,Honeywell Semolina 2kg,Grains & Staples,1,"₦2,570.00",0,transfer
RCPT-100325,TXN100325,29/03/2026,20:09:00, Yaba,TILL-01,Fatima Bello,,SKU1025,Tom Tom Sweet (pack),Snacks,3,270,0,Cash
RCPT-101898,TXN101898,2026-07-09,19:48:00,Ikeja Branch,TILL-01,Segun Adeyemi,2348395587522,SKU1021,Bournvita 500g,Beverages,2,2440,0,POS Card
RCPT-101702,TXN101702,2026-06-11,17:00:00,MiniMart Express - Surulere,TILL-01,Segun Adeyemi,,SKU1005,Coke 50cl,Beverages,3,370,0,Cash
RCPT-100690,TXN100690,2026-04-11,18:54:00,SURULERE,TILL-01,Ibrahim Musa,+2348837134426,SKU1014,Dettol Soap 65g,Personal Care,1,370.00,0,USSD
RCPT-100095,TXN100095,2026-03-18,20:35:00,Surulere Branch,TILL-01,Chidinma Okafor,,SKU1009,Cowbell Milk Powder 360g,Dairy,3,1860,0,transfer
RCPT-101174,TXN101174,2026-06-30,19:58:00,SURULERE,TILL-01,Chidinma Okafor,,SKU1008,Milo 400g,Beverages,2,,0,Card
RCPT-100330,TXN100330,2026-03-06,10:18:00,YABA,TILL-03,Ibrahim Musa,,SKU1023,Ariel Detergent 900g,Household,1,"₦2,000.00",0,pos
RCPT-100438,TXN100438,2026-04-23,15:21:00,Surulere Branch,TILL-01,Chidinma Okafor,+2348372913893,SKU1009,Cowbell Milk Powder 360g,Dairy,1,1640,0,Card
RCPT-101047,TXN101047,2026-06-23,17:44:00,MiniMart Express - Ikeja,TILL-02,Blessing Nwosu,,SKU1011,Honeywell Semolina 2kg,Grains & Staples,1,"2,390.00",0,cash
RCPT-102204,TXN102204,2026-07-18,08:42:00,MiniMart Express - Yaba,TILL-03,Fatima Bello,,SKU1002,Peak Milk Evaporated 170g,Dairy,2,740,0,Bank Transfer
RCPT-100675,TXN100675,2026-04-12,13:36:00,MiniMart Express - Surulere,TILL-01,Amaka Eze,7157863551,SKU1012,Kings Vegetable Oil 1L,Grains & Staples,3,2600,0,Cash
RCPT-102338,TXN102338,2026-03-02,15:57:00,IKEJA,TILL-02,Emeka Obi,,SKU1004,DANGOTE SUGAR 1KG ,Grains & Staples,5,1250,0,USSD
RCPT-100204,TXN100204,2026-06-13,19:58:00,YABA,TILL-02,Fatima Bello,2348127152746,SKU1009,Cowbell Milk Powder 360g,Dairy,4,"₦1,990.00",0,Bank Transfer
RCPT-101517,TXN101517,28/07/2026,16:47:00,Surulere Branch,TILL-01,Fatima Bello,,SKU1003,Golden Morn 500g,Grains & Staples,2,,0,POS Card
RCPT-101191,TXN101191,2026-06-20,10:02:00,MiniMart Express - Yaba,TILL-03,Ibrahim Musa,+2348598071758,SKU1004,Dangote Sugar 1kg,Grains & Staples,4,"1,160.00",0,POS
RCPT-100564,TXN100564,2026-07-18,19:33:00, Yaba,TILL-01,Ibrahim Musa,,SKU1024,"Pampers Diapers (pack, medium)",Baby Products,3,4470,0,CASH
RCPT-101699,TXN101699,2026-07-17,07:17:00,IKEJA,TILL-01,Ibrahim Musa,,SKU1021,Bournvita 500g,Beverages,1,2740,0,USSD
RCPT-102135,TXN102135,03/05/2026,13:34:00,YABA,TILL-03,Amaka Eze,,SKU1020,Cerelac Infant Cereal 400g,Baby Products,2,3500,0,transfer
RCPT-101687,TXN101687,2026-07-05,21:14:00,SURULERE,TILL-01,Segun Adeyemi,,SKU1014,Dettol Soap 65g,Personal Care,3,,0,Cash
RCPT-101742,TXN101742,2026-05-07,09:09:00,SURULERE,TILL-01,Emeka Obi,+2348994499565,SKU1017,La Casera 50cl,Beverages,1,380,0,POS Card
RCPT-102024,TXN102024,22/07/2026,09:33:00,MiniMart Express - Surulere,TILL-01,Fatima Bello,,SKU1003,Golden Morn 500g,Grains & Staples,4,1640,5,Cash
RCPT-100702,TXN100702,2026-04-26,15:31:00,Ikeja Branch,TILL-02,Fatima Bello,08491755582,SKU1028,Semovita 2kg,,2,2130,0,Cash
RCPT-100501,TXN100501,2026-07-26,19:45:00,SURULERE,TILL-01,Emeka Obi,,SKU1020,Cerelac Infant Cereal 400g,Baby Products,1,3450,0,ussd
RCPT-101659,TXN101659,2026-06-18,16:26:00,Yaba Branch,TILL-03,Amaka Eze,,SKU1025,Tom Tom Sweet (pack),Snacks,5,300,0,Cash
RCPT-100050,TXN100050,2026-03-05,07:35 AM,SURULERE,TILL-01,Emeka Obi,,SKU1001,INDOMIE NOODLES 70G,Grains & Staples,1,140,5,Cash
RCPT-100347,TXN100347,2026-03-04,12:00:00,minimart express-ikeja ,TILL-02,Amaka Eze,,SKU1021,Bournvita 500g,Beverages,4,2730,0,Cash
RCPT-101842,TXN101842,2026-03-14,16:49:00,minimart express-ikeja ,TILL-02,Ibrahim Musa,+2348863915623,SKU1014,Dettol Soap 65g,Personal Care,1,380.00,0,pos
RCPT-101540,TXN101540,2026-04-04,14:26:00,MiniMart Express - Surulere,TILL-01,Segun Adeyemi,,SKU1020,Cerelac Infant Cereal 400g,Baby Products,1,3420,10,pos
RCPT-101697,TXN101697,24-06-2026,10:37 AM,YABA,TILL-03,Tunde Bakare,,SKU1023,Ariel Detergent 900g,Household,1,"₦1,720.00",0,POS
RCPT-100738,TXN100738,2026-06-20,16:32:00,IKEJA,TILL-02,Blessing Nwosu,,SKU1020,Cerelac Infant Cereal 400g,Baby Products,2,3080,0,pos
RCPT-100087,TXN100087,03/27/2026,10:53:00,IKEJA,TILL-01,Fatima Bello,+2348898302077,SKU1002,Peak Milk Evaporated 170g,Dairy,3,₦740.00,0,Cash
RCPT-100730,TXN100730,2026-05-25,16:59:00,MiniMart Express - Yaba,TILL-02,Amaka Eze,8191359942,SKU1009,Cowbell Milk Powder 360g,Dairy,1,1680,0,ussd
RCPT-100587,TXN100587,07/01/2026,13:35:00,Ikeja Branch,TILL-02,Amaka Eze,,SKU1014,Dettol Soap 65g,Personal Care,1,330,10,Card
RCPT-101109,TXN101109,2026-06-06,19:39:00,MiniMart Express - Yaba,TILL-02,,7252031775,SKU1015,Close Up Toothpaste 140ml,Personal Care,1,1030,0,USSD
RCPT-100161,TXN100161,2026-06-26,21:33:00,Yaba Branch,TILL-02,Fatima Bello,7921499339,SKU1013,Omo Detergent 900g,Household,1,1790,0,Cash
RCPT-101680,TXN101680,05/30/2026,17:15:00,YABA,TILL-03,Emeka Obi,,SKU1018,Maltina 33cl,Beverages,1,490,0,Cash
RCPT-101299,TXN101299,2026-03-20,15:03:00,SURULERE,TILL-01,Segun Adeyemi,,SKU1015,Close Up Toothpaste 140ml,PERSONAL CARE,1,970,0,Cash
RCPT-100782,,2026-05-07,17:34:00,SURULERE,TILL-01,Amaka Eze,,SKU1023,Ariel Detergent 900g,Household,4,1620,0,Bank Transfer
RCPT-101424,TXN101424,2026-05-20,14:15:00,Yaba Branch,TILL-03,Blessing Nwosu,,SKU1006,Bigi Cola 50cl,Beverages,1,400,0,transfer
RCPT-101874,TXN101874,2026-04-04,15:15:00,MiniMart Express - Surulere,TILL-01,Segun Adeyemi,07765950485,SKU1009,Cowbell Milk Powder 360g,Dairy,3,,0,POS Card
RCPT-100319,TXN100319,01/04/2026,15:53:00,MiniMart Express - Ikeja,TILL-02,Segun Adeyemi,+2348199569459,SKU1012,Kings Vegetable Oil 1L,Grains & Staples,1,2740,0,Card
RCPT-100539,TXN100539,2026-07-24,18:36:00,Yaba Branch,TILL-02,Ibrahim Musa,+2347385081724,SKU1022,Knorr Chicken Cubes (pack),Grains & Staples,2,340,0,cash
RCPT-101734,TXN101734,2026-04-25,10:26:00,MiniMart Express - Surulere,TILL-01,Chidinma Okafor,,SKU1013,Omo Detergent 900g,Household,2,1560,0,POS Card
RCPT-100564,TXN100564,2026-07-18,19:33:00,YABA,TILL-01,Ibrahim Musa,,SKU1021,Bournvita 500g,Beverages,2,2750,10,CASH
RCPT-101658,TXN101658,2026-03-12,11:15:00,minimart express-ikeja ,TILL-02,Emeka Obi,,SKU1030,Nasco Cornflakes 500g,Grains & Staples,2,1980,5,CASH
RCPT-101161,TXN101161,2026-04-29,16:17:00,MiniMart Express - Yaba,TILL-02,Fatima Bello,2348355810257,SKU1001, Indomie Noodles 70g ,Grains & Staples,1,160,0,Bank Transfer
RCPT-100216,TXN100216,2026-03-06,10:16:00, Yaba,TILL-02,Segun Adeyemi,2347431163307,SKU1016,Eva Water 75cl,Beverages,1,200,0,Card
RCPT-101913,TXN101913,17/06/2026,18:36:00,SURULERE,TILL-01,Emeka Obi,2348132498398,SKU1028,Semovita 2kg,Grains & Staples,252,2030,0,Transfer
RCPT-100159,TXN100159,03/16/2026,15:27:00,SURULERE,TILL-01,Ibrahim Musa,2348412065530,SKU1016,Eva Water 75cl,Beverages,4,200,0,POS Card
RCPT-100584,TXN100584,2026-05-11,14:37:00,Surulere Branch,TILL-01,Chidinma Okafor,,SKU1019,Titus Sardine 125g,Canned Foods,1,760,0,Bank Transfer
RCPT-101115,TXN101115,06/26/2026,13:31:00,IKEJA,TILL-02,Segun Adeyemi,,SKU1016,Eva Water 75cl,Beverages,2,210,0,POS
RCPT-101148,TXN101148,08/03/2026,18:58:00,MiniMart Express - Yaba,TILL-01,Segun Adeyemi,2347604146276,SKU1021,Bournvita 500g,Beverages,2,2540,0,Card
RCPT-101724,TXN101724,2026-07-26,06:15 PM,Surulere Branch,TILL-01,Chidinma Okafor,8535722886,SKU1020,Cerelac Infant Cereal 400g,Baby Products,1,3360,0,POS Card
RCPT-102005,TXN102005,2026-05-23,19:27:00, Yaba,TILL-02,Tunde Bakare,,SKU1020,Cerelac Infant Cereal 400g,Baby Products,4,3550,0,POS Card
RCPT-101241,TXN101241,2026-07-15,20:13:00,minimart express-ikeja ,TILL-01,Emeka Obi,,SKU1010,Mama Gold Rice 5kg,Grains & Staples,1,6320,0,Bank Transfer
RCPT-101550,TXN101550,2026-03-25,13:50:00,SURULERE,TILL-01,Chidinma Okafor,2348758720096,SKU1002,peak milk evaporated170g,Dairy,4,₦730.00,0,transfer
RCPT-100820,,2026-06-17,13:06:00,Ikeja Branch,TILL-02,Chidinma Okafor,,SKU1022,Knorr Chicken Cubes (pack),Grains & Staples,3,270,0,POS Card
RCPT-100547,TXN100547,29-06-2026,14:47:00,minimart express-ikeja ,TILL-02,Emeka Obi,2347293027871,SKU1030,Nasco Cornflakes 500g,Grains & Staples,1,1850,0,Cash
RCPT-100079,TXN100079,2026-03-06,08:07 AM,SURULERE,TILL-01,Tunde Bakare,,SKU1023,Ariel Detergent 900g,Household,2,1650,0,POS Card
RCPT-101964,TXN101964,2026-07-12,11:35:00,MiniMart Express - Yaba,TILL-02,Fatima Bello,,SKU1028,Semovita 2kg,Grains & Staples,1,2360,0,POS Card
RCPT-102192,TXN102192,2026-03-03,08:09:00,MiniMart Express - Surulere,TILL-01,Emeka Obi,,SKU1026,Chivita Juice 1L,Beverages,1,1380,0,USSD
RCPT-101736,TXN101736,2026-07-16,19:38:00,MiniMart Express - Surulere,TILL-01,Emeka Obi,8271897167,SKU1008,Milo 400g,Beverages,1,"₦1,890.00",0,Cash
RCPT-100301,TXN100301,2026-07-12,09:00:00,MiniMart Express - Yaba,TILL-01,Chidinma Okafor,,SKU1026,Chivita Juice 1L,Beverages,3,1280,0,POS
RCPT-100652,TXN100652,2026-06-22,11:21:00,SURULERE,TILL-01,Segun Adeyemi,,SKU1007,Gala Sausage Roll,Snacks,1,₦280.00,0,Card
RCPT-101677,TXN101677,06/20/2026,19:56:00,MiniMart Express - Ikeja,TILL-01,Fatima Bello,,SKU1021,Bournvita 500g,Beverages,1,2730,10,Bank Transfer
RCPT-101223,TXN101223,2026-07-21,11:20:00, Yaba,TILL-03,Tunde Bakare,,SKU1020,Cerelac Infant Cereal 400g,Baby Products,1,3240,0,Cash
RCPT-100367,TXN100367,2026-07-22,20:09:00, Yaba,TILL-01,Fatima Bello,,SKU1030,Nasco Cornflakes 500g,Grains & Staples,1,1760,0,Bank Transfer
RCPT-101650,TXN101650,2026-07-15,18:59:00,YABA,TILL-01,Emeka Obi,+2347208813127,SKU1019,Titus Sardine 125g,Canned Foods,1,660.00,0,POS Card
RCPT-101214,TXN101214,2026-05-15,14:23:00, Yaba,TILL-02,Emeka Obi,,SKU1010,MAMA GOLD RICE 5KG,Grains & Staples,1,7000,0,Transfer
RCPT-100350,TXN100350,2026-04-15,20:21:00,IKEJA,TILL-02,Emeka Obi,,SKU1019,Titus Sardine 125g,Canned Foods,1,₦790.00,0,ussd
RCPT-101796,TXN101796,06/18/2026,17:49:00,Ikeja Branch,TILL-02,Chidinma Okafor,7577447658,SKU1026,Chivita Juice 1L,Beverages,1,1260,5,Bank Transfer
RCPT-101779,TXN101779,2026-03-19,13:50:00,MiniMart Express - Surulere,TILL-01,Blessing Nwosu,,SKU1010,Mama Gold Rice5kg,Grains & Staples,2,6330,0,Transfer
RCPT-101577,TXN101577,04/14/2026,07:30 PM,IKEJA,TILL-02,Tunde Bakare,,SKU1007,Gala Sausage Roll,Snacks,1,230,0,Cash
RCPT-102232,TXN102232,08/07/2026,20:08:00,MiniMart Express - Surulere,TILL-01,Chidinma Okafor,07558489576,SKU1007,Gala Sausage Roll,Snacks,1,250,5,Bank Transfer
RCPT-101079,TXN101079,22-07-2026,09:09:00,Yaba Branch,TILL-01,Amaka Eze,,SKU1005,Coca Cola 50cl,Beverages,4,370,0,POS
RCPT-100419,TXN100419,25/06/2026,18:10:00,SURULERE,TILL-01,Tunde Bakare,+2347335910256,SKU1030,Nasco Cornflakes 500g,Grains & Staples,1,,0,Cash
RCPT-100081,TXN100081,2026-06-04,19:11:00,Surulere Branch,TILL-01,,,SKU1013,Omo Detergent 900g,Household,2,1800,15,POS Card
RCPT-102296,TXN102296,2026-06-25,12:40:00, Yaba,TILL-02,Ibrahim Musa,,SKU1022,Knorr Chicken Cubes (pack),Grains & Staples,-4,340,0,Card
RCPT-100169,TXN100169,2026-05-30,09:24 PM,Yaba Branch,TILL-03,Tunde Bakare,07917488605,SKU1004,DANGOTE SUGAR 1KG ,Grains & Staples,1,1260,0,transfer
RCPT-101548,TXN101548,22-07-2026,16:05:00,MiniMart Express - Surulere,TILL-01,Segun Adeyemi,08305881592,SKU1023,Ariel Detergent 900g,Household,1,1620,0,CASH
RCPT-100579,TXN100579,2026-03-09,12:19:00,minimart express-ikeja ,TILL-02,Fatima Bello,,SKU1003,Golden Morn 500g,Grains & Staples,2,1560,0,cash
RCPT-100043,,27-04-2026,20:19:00,minimart express-ikeja ,TILL-02,Blessing Nwosu,8804477544,SKU1010,Mama Gold Rice 5kg,Grains & Staples,2,"7,280.00",0,POS Card
RCPT-102481,TXN102481,02-07-2026,14:19:00,MiniMart Express - Surulere,TILL-01,Chidinma Okafor,+2347346370800,SKU1007,Gala Sausage Roll,Snacks,1,250.00,0,Cash
RCPT-101143,TXN101143,2026-03-16,18:06:00,MiniMart Express - Ikeja,TILL-01,Amaka Eze,2347452694511,SKU1004,Dangote Sugar 1kg,Grains & Staples,1,1290,0,Transfer
RCPT-101133,TXN101133,2026-05-24,16:02:00,SURULERE,TILL-01,Emeka Obi,8616547750,SKU1006,Bigi Cola 50cl,Beverages,1,390,0,Card
RCPT-100185,TXN100185,2026-04-18,07:40:00,SURULERE,TILL-01,Fatima Bello,+2349086405343,SKU1024,"Pampers Diapers (pack, medium)",Baby Products,2,5110,0,Transfer
RCPT-100130,TXN100130,06/07/2026,10:42:00,minimart express-ikeja ,TILL-01,Emeka Obi,2347137110145,SKU1029,Dano Milk Powder 400g,DAIRY,2,"₦2,980.00",0,cash
RCPT-101873,TXN101873,2026-07-16,16:14:00,IKEJA,TILL-02,Emeka Obi,,SKU1005,Coke 50cl,Beverages,5,410,0,Cash
RCPT-102321,TXN102321,2026-03-20,17:22:00,Yaba Branch,TILL-01,Blessing Nwosu,,SKU1026,Chivita Juice 1L,Beverages,1,1310,0,Cash
RCPT-100482,TXN100482,2026-05-23,11:40:00,IKEJA,TILL-01,Ibrahim Musa,2347042895065,SKU1006,Bigi Cola 50cl,Beverages,4,370,0,POS
RCPT-101897,TXN101897,2026-07-11,12:04:00,Ikeja Branch,TILL-02,Fatima Bello,,SKU1025,Tom Tom Sweet (pack),Snacks,1,340,0,Cash
RCPT-101729,TXN101729,11/03/2026,12:13:00,Surulere Branch,TILL-01,Segun Adeyemi,+2347935539600,SKU1025,Tom Tom Sweet (pack),Snacks,1,₦310.00,0,ATM Card
RCPT-102577,TXN102577,2026-05-05,07:21:00,IKEJA,TILL-02,Ibrahim Musa,,SKU1004,Dangote Sugar 1kg,Grains & Staples,1,1300,0,POS Card
RCPT-100592,TXN100592,2026-06-02,16:49:00,MiniMart Express - Surulere,TILL-01,Tunde Bakare,,SKU1014,Dettol Soap 65g,Personal Care,2,320.00,10,POS
RCPT-102028,TXN102028,2026-06-11,07:43:00,Ikeja Branch,TILL-02,Tunde Bakare,8075384412,SKU1026,Chivita Juice 1L,Beverages,1,1380,0,Cash
RCPT-101641,TXN101641,2026-05-01,13:17:00,MiniMart Express - Ikeja,TILL-02,Chidinma Okafor,7 9 0 8 9 9 0 1 8 7,SKU1005,Coca Cola 50cl,Beverages,3,380,0,Card
RCPT-100730,TXN100730,05/25/2026,16:59:00,MiniMart Express - Yaba,TILL-02,Amaka Eze,8191359942,SKU1013,Omo Detergent 900g,Household,2,1630,0,ussd
RCPT-100110,TXN100110,2026-06-29,07:13:00,MiniMart Express - Ikeja,TILL-02,Emeka Obi,2347544419219,SKU1030,Nasco Cornflakes 500g,Grains & Staples,1,"₦2,170.00",0,Card
RCPT-100003,TXN100003,2026-03-15,11:02:00,SURULERE,TILL-01,Segun Adeyemi,+2348025491946,SKU1007,Gala Sausage Roll,Snacks,1,260,0,USSD
RCPT-100323,TXN100323,2026-03-02,17:56:00,SURULERE,TILL-01,Fatima Bello,,SKU1016,Eva Water 75cl,Beverages,108,210,0,transfer
RCPT-100145,TXN100145,2026-07-06,15:16:00, Yaba,TILL-01,Blessing Nwosu,,SKU1025,Tom Tom Sweet (pack),Snacks,2,310,0,transfer
RCPT-100530,TXN100530,2026-05-22,06:06 PM, Yaba,TILL-01,Tunde Bakare,+2347229313318,SKU1022,Knorr Chicken Cubes (pack),Grains & Staples,1,310,0,Cash
RCPT-100400,TXN100400,2026-05-25,20:23:00, Yaba,TILL-02,Blessing Nwosu,8117219629,SKU1020,Cerelac Infant Cereal 400g,Baby Products,1,3630,0,CASH
RCPT-100765,TXN100765,04/18/2026,09:32:00,minimart express-ikeja ,TILL-02,Segun Adeyemi,,SKU1029,Dano Milk Powder 400g,Dairy,1,3330,0,Bank Transfer
RCPT-101528,TXN101528,05/02/2026,12:49 PM,minimart express-ikeja ,TILL-02,Ibrahim Musa,,SKU1025,Tom Tom Sweet (pack),Snacks,2,₦300.00,0,CASH
RCPT-100496,TXN100496,07/25/2026,08:08:00,minimart express-ikeja ,TILL-02,Emeka Obi,,SKU1019,Titus Sardine 125g,Canned Foods,1,₦690.00,0,POS Card
RCPT-100118,TXN100118,2026-06-07,08:27:00,MiniMart Express - Surulere,TILL-01,Tunde Bakare,,SKU1023,Ariel Detergent 900g,Household,3,"₦1,890.00",0,Bank Transfer
RCPT-100014,TXN100014,2026-05-06,13:13:00,YABA,TILL-01,Chidinma Okafor,,SKU1027,Amstel Malta 33cl,Beverages,1,420,0,POS Card
RCPT-100505,TXN100505,10-07-2026,18:53:00,SURULERE,TILL-01,Chidinma Okafor,,SKU1003,Golden Morn 500g,Grains & Staples,2,"1,640.00",0,POS Card
RCPT-100465,TXN100465,2026-05-28,18:43:00,IKEJA,TILL-02,Chidinma Okafor,,SKU1019,Titus Sardine 125g,Canned Foods,1,₦710.00,10,transfer
RCPT-102279,TXN102279,2026-04-18,15:45:00,MiniMart Express - Yaba,TILL-03,Emeka Obi,8419006287,SKU1017,La Casera 50cl,Beverages,1,,15,POS Card
RCPT-100934,TXN100934,23/04/2026,15:28:00,Surulere Branch,TILL-01,Tunde Bakare,,SKU1014,Dettol Soap 65g,Personal Care,3,320,0,Bank Transfer
RCPT-100686,TXN100686,2026-06-10,18:46:00,minimart express-ikeja ,TILL-02,Fatima Bello,,SKU1024,"Pampers Diapers (pack, medium)",Baby Products,1,4740,0,POS Card
RCPT-102273,TXN102273,2026-04-29,10:37:00,Surulere Branch,TILL-01,Amaka Eze,8152564163,SKU1016,Eva Water 75cl,Beverages,1,230,0,POS Card
RCPT-100117,TXN100117,07/31/2026,19:21:00,IKEJA,TILL-02,Chidinma Okafor,,SKU1024,"Pampers Diapers (pack, medium)",Baby Products,2,4950,0,Cash
RCPT-101526,TXN101526,2026-03-17,16:51:00,SURULERE,TILL-01,Amaka Eze,,SKU1020,Cerelac Infant Cereal 400g,Baby Products,1,3630,0,ATM Card
RCPT-100810,TXN100810,06/09/2026,11:38:00,MiniMart Express - Surulere,TILL-01,Tunde Bakare,,SKU1021,Bournvita 500g,Beverages,3,2180,0,USSD
RCPT-100663,TXN100663,07/03/2026,11:52:00,MiniMart Express - Yaba,TILL-03,Chidinma Okafor,,SKU1026,Chivita Juice 1L,Beverages,4,"₦1,460.00",0,USSD
RCPT-100954,TXN100954,10-06-2026,06:46 PM,Ikeja Branch,TILL-02,Tunde Bakare,,SKU1025,Tom Tom Sweet (pack),SNACKS,2,310,0,cash
RCPT-101086,TXN101086,06/09/2026,19:26:00,YABA,TILL-01,Amaka Eze,+2348772685403,SKU1011,Honeywell Semolina 2kg,Grains & Staples,1,2220,0,Cash
RCPT-100983,TXN100983,01/06/2026,12:33:00,SURULERE,TILL-01,Ibrahim Musa,,SKU1029,Dano Milk Powder 400g,Dairy,1,3040,0,POS Card
RCPT-102349,TXN102349,2026-05-31,10:53:00,Surulere Branch,TILL-01,Blessing Nwosu,,SKU1028,Semovita 2kg,Grains & Staples,1,2300,0,POS Card
RCPT-100141,TXN100141,2026-06-26,20:07:00,MiniMart Express - Surulere,TILL-01,Fatima Bello,2347049044980,SKU1029,Dano Milk Powder 400g,Dairy,5,,0,POS Card
RCPT-102511,TXN102511,04/15/2026,11:40:00,SURULERE,TILL-01,Blessing Nwosu,,SKU1008,Milo 400g,Beverages,1,2250,0,Card
RCPT-100499,TXN100499,2026-06-05,16:37:00,IKEJA,TILL-02,Emeka Obi,7663773909,SKU1028,Semovita 2kg,Grains & Staples,4,1910,0,cash
RCPT-100201,TXN100201,2026-04-04,20:03:00, Yaba,TILL-03,Emeka Obi,2347923337892,SKU1030,Nasco Cornflakes 500g,Grains & Staples,1,1780,0,transfer
RCPT-100482,TXN100482,2026-05-23,11:40:00,IKEJA,TILL-01,Ibrahim Musa,2347042895065,SKU1015,Close Up Toothpaste 140ml,Personal Care,2,930,0,POS
RCPT-102496,TXN102496,2026-04-07,14:23:00,Surulere Branch,TILL-01,Fatima Bello,08102610074,SKU1016,Eva Water 75cl,Beverages,1,210,5,pos
RCPT-101911,TXN101911,2026-03-08,09:09:00,minimart express-ikeja ,TILL-02,Fatima Bello,2348319978031,SKU1023,Ariel Detergent 900g,Household,4,1760,0,USSD
RCPT-102154,TXN102154,08-06-2026,18:40:00,MiniMart Express - Yaba,TILL-03,Blessing Nwosu,,SKU1026,Chivita Juice 1L,Beverages,1,"₦1,400.00",0,POS Card
RCPT-102552,TXN102552,2026-06-27,09:00 PM,MiniMart Express - Surulere,TILL-01,Tunde Bakare,,SKU1002,Peak Milk Evap 170g,Dairy,1,750,0,Cash
RCPT-100093,TXN100093,2026-04-28,20:30:00,Yaba Branch,TILL-01,Fatima Bello,+2347976880713,SKU1003,Golden Morn 500g,Grains & Staples,2,1580,0,cash
RCPT-100777,TXN100777,21/05/2026,10:32:00,MiniMart Express - Yaba,TILL-02,Ibrahim Musa,,SKU1030,Nasco Cornflakes 500g,Grains & Staples,2,"₦1,810.00",0,Card
RCPT-100308,TXN100308,2026-03-24,16:36:00,Surulere Branch,TILL-01,Ibrahim Musa,2349003951849,SKU1026,Chivita Juice 1L,Beverages,2,1180,0,USSD
RCPT-102204,TXN102204,07/18/2026,08:42 AM, Yaba,TILL-03,Fatima Bello,,SKU1020,Cerelac Infant Cereal 400g,Baby Products,1,"₦3,220.00",0,Bank Transfer
RCPT-101090,TXN101090,2026-04-09,17:30:00,SURULERE,TILL-01,Blessing Nwosu,,SKU1022,Knorr Chicken Cubes (pack),Grains & Staples,1,300,0,Cash
RCPT-101039,TXN101039,2026-06-18,17:41:00,MiniMart Express - Ikeja,TILL-01,Amaka Eze,2 3 4 7 9 3 5 4 2 1 4 2 8,SKU1007,Gala Sausage Roll,,1,260,0,Bank Transfer
RCPT-101264,TXN101264,2026-05-16,07:22:00,IKEJA,TILL-01,Tunde Bakare,,SKU1014,Dettol Soap 65g,Personal Care,1,₦340.00,0,POS
RCPT-102564,TXN102564,05/10/2026,18:34:00, Yaba,TILL-01,Ibrahim Musa,,SKU1015,Close Up Toothpaste 140ml,Personal Care,1,990,0,USSD
RCPT-102492,TXN102492,17/07/2026,15:48:00, Yaba,TILL-01,Segun Adeyemi,+2348098081069,SKU1012,Kings Vegetable Oil 1L,Grains & Staples,2,2670,0,Bank Transfer
RCPT-102273,TXN102273,2026-04-29,10:37:00,SURULERE,TILL-01,Amaka Eze,8152564163,SKU1011,Honeywell Semolina 2kg,Grains & Staples,3,2350,0,POS Card
RCPT-102587,TXN102587,2026-07-04,07:44 AM,minimart express-ikeja ,TILL-01,Emeka Obi,,SKU1020,Cerelac Infant Cereal 400g,Baby Products,1,"₦3,470.00",10,USSD
RCPT-102140,TXN102140,2026-03-27,17:19:00,Surulere Branch,TILL-01,Segun Adeyemi,08856564373,SKU1018,Maltina 33cl,Beverages,4,420.00,0,Cash
RCPT-101084,TXN101084,2026-05-31,20:12:00,YABA,TILL-02,Blessing Nwosu,08413889054,SKU1011,Honeywell Semolina 2kg,Grains & Staples,1,2370,0,cash
RCPT-101450,TXN101450,2026-03-13,17:45:00,MiniMart Express - Surulere,TILL-01,Chidinma Okafor,,SKU1023,Ariel Detergent 900g,Household,1,1640,0,POS Card
RCPT-100964,TXN100964,2026-03-16,13:01:00,YABA,TILL-01,Amaka Eze,+ 2 3 4 8 6 5 8 2 2 6 9 0 4,SKU1025,Tom Tom Sweet (pack),Snacks,1,290,0,USSD
RCPT-101907,TXN101907,2026-06-10,14:08:00,Ikeja Branch,TILL-02,Chidinma Okafor,,SKU1016,Eva Water 75cl,Beverages,2,,0,Bank Transfer
RCPT-100164,TXN100164,2026-04-11,09:08:00, Yaba,TILL-03,Fatima Bello,,SKU1004,Dangote sugar 1Kg,Grains & Staples,2,1300,0,POS Card
RCPT-101817,TXN101817,2026-07-20,09:56:00,Yaba Branch,TILL-01,Fatima Bello,7896581262,SKU1005,COCA COLA 50CL,Beverages,1,370,0,ATM Card
RCPT-101859,TXN101859,2026-07-05,12:20 PM,MiniMart Express - Ikeja,TILL-02,Tunde Bakare,,SKU1022,Knorr Chicken Cubes (pack),Grains & Staples,2,320,0,Bank Transfer
RCPT-100905,TXN100905,2026-05-06,17:02:00,MiniMart Express - Surulere,TILL-01,Emeka Obi,+2348887269340,SKU1016,Eva Water 75cl,Beverages,2,190,5,Card
RCPT-101288,TXN101288,2026-06-29,18:58:00,Surulere Branch,TILL-01,Emeka Obi,2347783956857,SKU1006,Bigi Cola 50cl,Beverages,2,320,0,pos
RCPT-101464,TXN101464,2026-05-18,08:09 AM,YABA,TILL-01,Ibrahim Musa,,SKU1003,Golden Morn 500g,Grains & Staples,5,1650,0,Card
RCPT-100153,TXN100153,2026-05-07,16:48:00,YABA,TILL-02,Blessing Nwosu,8326251441,SKU1005,Coca-Cola 50cl,Beverages,2,390,0,POS Card
RCPT-101386,TXN101386,02/03/2026,19:33:00,Surulere Branch,TILL-01,Ibrahim Musa,+2348081831016,SKU1008,Milo 400g,Beverages,3,"₦2,110.00",15,POS Card
RCPT-102028,TXN102028,2026-06-11,07:43:00,IKEJA,TILL-02,Tunde Bakare,8075384412,SKU1012,Kings Vegetable Oil 1L,Grains & Staples,2,"2,860.00",0,Cash
RCPT-100828,TXN100828,2026-06-10,19:29:00,minimart express-ikeja ,TILL-01,Fatima Bello,,SKU1005,COCA COLA 50CL,Beverages,5,410,10,pos
RCPT-100719,TXN100719,2026-04-03,10:36:00,Ikeja Branch,TILL-02,Fatima Bello,,SKU1011,Honeywell Semolina 2kg,Grains & Staples,1,2260,0,POS Card
RCPT-100164,TXN100164,2026-04-11,09:08:00, Yaba,TILL-03,,,SKU1028,Semovita 2kg,Grains & Staples,1,"2,360.00",0,POS Card
RCPT-101389,TXN101389,2026-04-03,13:45:00,SURULERE,TILL-01,Chidinma Okafor,08719604097,SKU1024,"Pampers Diapers (pack, medium)",Baby Products,1,4920,0,POS
RCPT-102073,TXN102073,2026-04-03,19:02:00,YABA,TILL-01,Blessing Nwosu,,SKU1008,Milo 400g,Beverages,3,2030,0,transfer
RCPT-100462,TXN100462,2026-03-27,07:13:00,Yaba Branch,TILL-01,Emeka Obi,,SKU1013,Omo Detergent 900g,Household,3,1530,0,pos
RCPT-101953,TXN101953,04-03-2026,10:07:00,SURULERE,TILL-01,Emeka Obi,7474926510,SKU1015,Close Up Toothpaste 140ml,Personal Care,2,990,0,POS
RCPT-101052,TXN101052,06-03-2026,10:16:00,SURULERE,TILL-01,Emeka Obi,0 8 1 0 7 3 8 1 3 7 6,SKU1019,Titus Sardine 125g,Canned Foods,2,750,0,POS Card
RCPT-100602,TXN100602,2026-03-15,20:48:00,Yaba Branch,TILL-01,Tunde Bakare,,SKU1020,Cerelac Infant Cereal 400g,Baby Products,1,3610,0,POS Card
RCPT-100268,TXN100268,2026-05-26,21:11:00,Yaba Branch,TILL-03,Segun Adeyemi,,SKU1015,Close Up Toothpaste 140ml,Personal Care,1,850,0,transfer
RCPT-100315,TXN100315,2026-04-30,18:54:00,Surulere Branch,TILL-01,Fatima Bello,,SKU1005,Coca-Cola 50cl,Beverages,3,370,0,POS Card
RCPT-102049,TXN102049,2026-03-25,08:34:00,Surulere Branch,TILL-01,Ibrahim Musa,2347424225818,SKU1021,Bournvita 500g,Beverages,3,"2,530.00",0,Card
RCPT-100356,TXN100356,2026-07-25,12:55:00, Yaba,TILL-01,Chidinma Okafor,,SKU1024,"Pampers Diapers (pack, medium)",Baby Products,1,4350,0,transfer
RCPT-102214,TXN102214,03/05/2026,08:27:00,Yaba Branch,TILL-03,Fatima Bello,,SKU1013,Omo Detergent 900g,Household,2,1640,10,Cash
RCPT-101220,TXN101220,2026-04-14,11:51:00,MiniMart Express - Yaba,TILL-03,Emeka Obi,,SKU1027,Amstel Malta 33cl,Beverages,1,450,0,Bank Transfer
RCPT-101284,TXN101284,2026-06-21,12:18:00,Yaba Branch,TILL-02,Emeka Obi,,SKU1017,La Casera 50cl,Beverages,1,380,0,Card
RCPT-102073,TXN102073,2026-04-03,19:02:00,YABA,TILL-01,Blessing Nwosu,,SKU1008,Milo 400g,Beverages,3,2030,0,transfer
RCPT-100173,TXN100173,2026-07-06,15:11:00,minimart express-ikeja ,TILL-02,Segun Adeyemi,,SKU1016,Eva Water 75cl,Beverages,2,180,0,POS Card
RCPT-100077,TXN100077,2026-03-10,15:46:00,YABA,TILL-02,Chidinma Okafor,,SKU1027,Amstel Malta 33cl,Beverages,-2,₦390.00,0,Cash
RCPT-100877,TXN100877,2026-07-02,11:23:00,MiniMart Express - Ikeja,TILL-02,Ibrahim Musa,2348162099000,SKU1022,Knorr Chicken Cubes (pack),Grains & Staples,3,320.00,0,Cash
RCPT-100248,TXN100248,2026-04-11,13:33:00,Yaba Branch,TILL-02,,2348192386477,SKU1001,Indomie Noodles 70g,Grains & Staples,3,150,0,Cash
RCPT-101494,TXN101494,06/25/2026,20:41:00,Yaba Branch,TILL-01,Ibrahim Musa,+2348187973464,SKU1022,Knorr Chicken Cubes (pack),Grains & Staples,2,,0,POS Card
RCPT-102338,TXN102338,2026-03-02,15:57:00,MiniMart Express - Ikeja,TILL-02,Emeka Obi,,SKU1010,Mama Gold Rice5kg,Grains & Staples,4,"7,180.00",0,USSD
RCPT-101388,TXN101388,2026-07-31,13:13:00,MiniMart Express - Surulere,TILL-01,Tunde Bakare,08238029189,SKU1019,Titus Sardine 125g,CANNED FOODS,1,,0,USSD
RCPT-100331,TXN100331,2026-04-10,08:52 AM, Yaba,TILL-02,Blessing Nwosu,,SKU1010,Mama Gold Rice5kg,Grains & Staples,2,6360,0,ATM Card
RCPT-102161,TXN102161,14/05/2026,12:06:00,IKEJA,TILL-01,Tunde Bakare,,SKU1016,Eva Water 75cl,Beverages,2,190.00,0,POS
RCPT-100016,TXN100016,2026-07-11,20:05:00,Surulere Branch,TILL-01,Chidinma Okafor,,SKU1023,Ariel Detergent 900g,Household,1,"1,910.00",0,POS Card
RCPT-101540,TXN101540,2026-04-04,14:26:00,MiniMart Express - Surulere,TILL-01,Segun Adeyemi,,SKU1009,Cowbell Milk Powder 360g,Dairy,2,"₦2,050.00",10,pos
RCPT-100035,TXN100035,2026-04-30,13:05:00,Yaba Branch,TILL-03,Segun Adeyemi,,SKU1011,Honeywell Semolina 2kg,Grains & Staples,1,2130,0,Cash
RCPT-100279,TXN100279,2026-03-13,15:03:00,MiniMart Express - Surulere,TILL-01,Segun Adeyemi,2347984158126,SKU1028,Semovita 2kg,Grains & Staples,2,2390,0,Cash
RCPT-100664,TXN100664,2026-04-21,10:49 AM,Yaba Branch,TILL-02,Tunde Bakare,8103951122,SKU1008,Milo 400g,,1,"₦1,980.00",0,POS Card
RCPT-101461,TXN101461,2026-04-27,19:51:00,Ikeja Branch,TILL-01,Tunde Bakare,,SKU1029,Dano Milk Powder 400g,DAIRY,4,2800,0,Cash
RCPT-100533,TXN100533,03/08/2026,09:34:00,MiniMart Express - Yaba,TILL-03,Ibrahim Musa,,SKU1004,Dangote Sugar 1kg,Grains & Staples,4,1120,0,Cash
RCPT-100580,TXN100580,2026-04-06,12:23:00,minimart express-ikeja ,TILL-01,Chidinma Okafor,,SKU1012,Kings Vegetable Oil 1L,Grains & Staples,1,"₦2,780.00",15,USSD
RCPT-100999,TXN100999,08-05-2026,15:47:00, Yaba,TILL-01,Tunde Bakare,,SKU1021,Bournvita 500g,Beverages,2,2500,5,ATM Card
RCPT-100104,TXN100104,07/06/2026,08:39:00,minimart express-ikeja ,TILL-01,Amaka Eze,,SKU1002,Peak Milk Evap 170g,Dairy,1,710,0,ussd
RCPT-102413,TXN102413,2026-06-14,03:50 PM,MiniMart Express - Yaba,TILL-02,Blessing Nwosu,,SKU1006,Bigi Cola 50cl,Beverages,1,350,0,transfer
RCPT-100090,TXN100090,2026-06-01,09:46:00,SURULERE,TILL-01,Blessing Nwosu,,SKU1025,Tom Tom Sweet (pack),Snacks,2,280,0,POS Card
RCPT-100860,TXN100860,2026-06-02,08:24:00,MiniMart Express - Surulere,TILL-01,Tunde Bakare,,SKU1005,Coke 50cl,Beverages,1,400,0,cash
RCPT-101217,TXN101217,2026-07-29,08:34:00, Yaba,TILL-02,Blessing Nwosu,,SKU1022,Knorr Chicken Cubes (pack),Grains & Staples,1,330,0,Cash
RCPT-100649,TXN100649,2026-06-11,13:30:00,minimart express-ikeja ,TILL-01,Tunde Bakare,+2348477168683,SKU1004,Dangote Sugar 1kg,Grains & Staples,4,1370,0,Card
RCPT-100502,TXN100502,2026-04-14,19:59:00,YABA,TILL-02,Blessing Nwosu,7877672159,SKU1017,La Casera 50cl,Beverages,3,360,0,Bank Transfer
RCPT-101158,TXN101158,02-04-2026,21:45:00,minimart express-ikeja ,TILL-01,Ibrahim Musa,8405044063,SKU1008,Milo 400g,Beverages,1,2040,0,transfer
RCPT-101253,TXN101253,2026-03-20,19:36:00,Ikeja Branch,TILL-01,Fatima Bello,+2347327343003,SKU1021,Bournvita 500g,Beverages,1,2480,0,POS
RCPT-101375,TXN101375,05/09/2026,20:11:00,Yaba Branch,TILL-03,Blessing Nwosu,2347603359706,SKU1014,Dettol Soap 65g,Personal Care,3,380,0,Transfer
RCPT-100957,TXN100957,2026-06-06,17:26:00,minimart express-ikeja ,TILL-01,Chidinma Okafor,,SKU1003,Golden Morn 500g,Grains & Staples,2,1500,0,Transfer
RCPT-101586,TXN101586,2026-03-06,16:53:00,MiniMart Express - Yaba,TILL-02,Ibrahim Musa,7117356279,SKU1025,Tom Tom Sweet (pack),Snacks,2,290,0,POS
RCPT-101904,TXN101904,2026-07-22,11:17:00,Yaba Branch,TILL-01,Segun Adeyemi,2348175322192,SKU1013,Omo Detergent 900g,Household,1,1470,0,Transfer
RCPT-101638,TXN101638,2026-06-19,07:05:00,Ikeja Branch,TILL-02,Blessing Nwosu,7227134463,SKU1021,Bournvita 500g,Beverages,1,2580,0,transfer
RCPT-100138,TXN100138,2026-06-29,09:42 AM,MiniMart Express - Ikeja,TILL-02,Blessing Nwosu,8064009367,SKU1025,Tom Tom Sweet (pack),Snacks,1,340,0,ATM Card
RCPT-101192,TXN101192,2026-03-01,09:09 AM,SURULERE,TILL-01,Emeka Obi,2347216610436,SKU1005,Coca Cola 50cl,Beverages,1,460,0,ussd
RCPT-100030,TXN100030,02/03/2026,15:27:00,Yaba Branch,TILL-02,Tunde Bakare,,SKU1027,Amstel Malta 33cl,Beverages,1,430,0,POS Card
RCPT-101325,TXN101325,21-04-2026,11:03:00, Yaba,TILL-03,Emeka Obi,2347822958442,SKU1015,Close Up Toothpaste 140ml,Personal Care,3,1010,0,POS Card
RCPT-100922,TXN100922,2026-06-15,13:58:00,Yaba Branch,TILL-02,Segun Adeyemi,,SKU1015,Close Up Toothpaste 140ml,Personal Care,1,₦870.00,0,POS Card
RCPT-101773,TXN101773,04/13/2026,11:00:00,MiniMart Express - Yaba,TILL-01,Emeka Obi,,SKU1021,Bournvita 500g,Beverages,1,"2,740.00",0,POS
RCPT-101981,TXN101981,2026-04-30,11:49:00,MiniMart Express - Ikeja,TILL-02,Emeka Obi,,SKU1019,Titus Sardine 125g,Canned Foods,4,800,0,POS Card
RCPT-102203,TXN102203,2026-06-01,07:17:00,Yaba Branch,TILL-03,Emeka Obi,,SKU1016,Eva Water 75cl,Beverages,2,230,0,Card
RCPT-102487,TXN102487,2026-05-05,09:32:00,SURULERE,TILL-01,Ibrahim Musa,,SKU1016,Eva Water 75cl,Beverages,1,200,0,Bank Transfer
RCPT-102555,TXN102555,2026-05-25,16:23:00,MiniMart Express - Yaba,TILL-02,Ibrahim Musa,+2348646624081,SKU1003,Golden Morn 500g,Grains & Staples,2,1490,0,CASH
RCPT-100241,TXN100241,2026-07-26,18:37:00,MiniMart Express - Surulere,TILL-01,Segun Adeyemi,09068942448,SKU1006,Bigi Cola 50cl,Beverages,4,380,0,Bank Transfer
RCPT-100126,TXN100126,03/19/2026,16:16:00,MiniMart Express - Ikeja,TILL-01,Tunde Bakare,07049350043,SKU1013,Omo Detergent 900g,Household,1,1640,0,Cash
RCPT-102474,TXN102474,2026-05-27,19:58:00,Surulere Branch,TILL-01,Emeka Obi,,SKU1014,Dettol Soap 65g,Personal Care,1,₦360.00,0,Cash
RCPT-101636,TXN101636,2026-04-23,18:10:00,Surulere Branch,TILL-01,Ibrahim Musa,,SKU1013,Omo Detergent 900g,Household,1,"1,840.00",0,pos
RCPT-100389,TXN100389,2026-03-12,12:04:00,Surulere Branch,TILL-01,Amaka Eze,,SKU1001,INDOMIE NOODLES 70G,Grains & Staples,4,170,10,POS Card
RCPT-100580,TXN100580,2026-04-06,12:23:00,IKEJA,TILL-01,Chidinma Okafor,,SKU1003,Golden Morn 500g,Grains & Staples,1,"1,450.00",0,USSD
RCPT-100045,TXN100045,2026-05-06,17:44:00,YABA,TILL-02,Chidinma Okafor,,SKU1013,Omo Detergent 900g,Household,3,1680,0,ATM Card
RCPT-101492,TXN101492,2026-06-14,17:50:00,IKEJA,TILL-01,Blessing Nwosu,,SKU1012,Kings Vegetable Oil 1L,Grains & Staples,2,2420,10,Cash
RCPT-101724,TXN101724,2026-07-26,18:15:00,Surulere Branch,TILL-01,Chidinma Okafor,8535722886,SKU1008,Milo 400g,Beverages,1,,0,POS Card
RCPT-101923,TXN101923,21/03/2026,18:36:00,Yaba Branch,TILL-01,Tunde Bakare,,SKU1026,Chivita Juice 1L,Beverages,3,"1,230.00",0,cash
RCPT-101393,TXN101393,2026-04-14,10:50:00,Yaba Branch,TILL-03,Blessing Nwosu,7498484757,SKU1016,Eva Water 75cl,Beverages,2,210.00,0,cash
RCPT-102417,TXN102417,2026-03-02,13:41:00,Yaba Branch,TILL-02,Amaka Eze,+2347201061467,SKU1001,INDOMIE NOODLES 70G,Grains & Staples,1,₦160.00,10,Card
RCPT-100388,TXN100388,2026-04-29,17:53:00,SURULERE,TILL-01,Chidinma Okafor,,SKU1020,Cerelac Infant Cereal 400g,Baby Products,1,3150,0,Cash
RCPT-101621,TXN101621,08/07/2026,16:55:00,SURULERE,TILL-01,Ibrahim Musa,07291360798,SKU1002,peak milk evaporated170g,Dairy,2,690,0,POS
RCPT-100773,TXN100773,2026-04-25,17:15:00,Yaba Branch,TILL-02,Fatima Bello,+2348736919121,SKU1005,Coca-Cola 50cl,Beverages,2,440,0,CASH
RCPT-102331,TXN102331,05/08/2026,11:02:00,MiniMart Express - Surulere,TILL-01,Chidinma Okafor,,SKU1010,MAMA GOLD RICE 5KG,Grains & Staples,1,6220,0,ussd
RCPT-102335,TXN102335,2026-07-16,16:27:00,YABA,TILL-03,Emeka Obi,,SKU1003,Golden Morn 500g,Grains & Staples,2,1380,5,POS Card
RCPT-102297,TXN102297,2026-03-11,07:41:00,MiniMart Express - Ikeja,TILL-01,Amaka Eze,,SKU1018,Maltina 33cl,Beverages,2,450,0,cash
RCPT-100808,TXN100808,2026-03-05,18:56:00,Yaba Branch,TILL-02,Segun Adeyemi,2348812516726,SKU1007,Gala Sausage Roll,Snacks,2,230,0,Bank Transfer
RCPT-101500,TXN101500,2026-04-26,05:03 PM,Ikeja Branch,TILL-01,Amaka Eze,+2348927880007,SKU1010,Mama Gold Rice 5kg,Grains & Staples,2,6760,0,ussd
RCPT-100620,TXN100620,28/03/2026,13:36:00,MiniMart Express - Ikeja,TILL-02,Blessing Nwosu,2348647925241,SKU1017,La Casera 50cl,Beverages,2,350,0,POS Card
RCPT-100639,TXN100639,07/07/2026,19:12:00,MiniMart Express - Surulere,TILL-01,Segun Adeyemi,2348658466761,SKU1023,Ariel Detergent 900g,Household,2,"₦1,620.00",0,USSD
RCPT-101456,TXN101456,2026-06-17,20:05:00,SURULERE,TILL-01,Chidinma Okafor,,SKU1005,Coke 50cl,Beverages,1,370,0,Cash
RCPT-100563,TXN100563,2026-06-20,11:35:00,minimart express-ikeja ,TILL-02,Tunde Bakare,,SKU1018,Maltina 33cl,Beverages,2,460,0,transfer
RCPT-100227,TXN100227,2026-03-30,17:11:00,SURULERE,TILL-01,Ibrahim Musa,+2348126323988,SKU1001,INDOMIE NOODLES 70G,Grains & Staples,1,160,0,cash
RCPT-102425,TXN102425,05/22/2026,12:25:00,MiniMart Express - Surulere,TILL-01,Segun Adeyemi,,SKU1026,Chivita Juice 1L,Beverages,2,1350,0,Cash
RCPT-101581,TXN101581,05/07/2026,08:22:00,YABA,TILL-03,Amaka Eze,,SKU1023,Ariel Detergent 900g,Household,2,1710,0,Cash
RCPT-100066,TXN100066,2026-03-24,10:43:00, Yaba,TILL-02,Tunde Bakare,,SKU1007,Gala Sausage Roll,Snacks,4,240,0,Bank Transfer
RCPT-100741,TXN100741,2026-07-05,21:09:00,Yaba Branch,TILL-01,Chidinma Okafor,,SKU1030,Nasco Cornflakes 500g,Grains & Staples,3,1890,0,POS Card
RCPT-100304,TXN100304,2026-04-19,17:59:00,YABA,TILL-02,Chidinma Okafor,,SKU1024,"Pampers Diapers (pack, medium)",Baby Products,3,4960,0,POS Card
RCPT-102019,TXN102019,2026-07-09,18:55:00,Yaba Branch,TILL-01,Blessing Nwosu,,SKU1019,Titus Sardine 125g,Canned Foods,2,720,0,Cash
RCPT-100568,TXN100568,2026-05-09,08:38:00,Yaba Branch,TILL-01,Emeka Obi,+2347476413525,SKU1028,Semovita 2kg,Grains & Staples,1,"2,350.00",0,transfer
RCPT-101691,TXN101691,2026-03-31,20:02:00,Ikeja Branch,TILL-01,Chidinma Okafor,,SKU1021,Bournvita 500g,Beverages,3,2250,0,transfer
RCPT-100207,TXN100207,2026-06-20,17:44:00,YABA,TILL-02,Blessing Nwosu,+ 2 3 4 7 2 5 2 4 7 0 0 2 2,SKU1016,Eva Water 75cl,,3,,0,Cash
RCPT-101923,TXN101923,2026-03-21,18:36:00,MiniMart Express - Yaba,TILL-01,,,SKU1029,Dano Milk Powder 400g,Dairy,3,2840,0,cash
,,,,,,,,,,,,,,
RCPT-102590,TXN102590,2026-04-15,16:39:00,MiniMart Express - Yaba,TILL-03,Blessing Nwosu,8675197106,SKU1011,Honeywell Semolina 2kg,Grains & Staples,1,2430,0,USSD
RCPT-101768,TXN101768,2026-05-07,13:57:00,Ikeja Branch,TILL-02,Fatima Bello,2348331216265,SKU1006,Bigi Cola 50cl,Beverages,4,320,0,Cash
RCPT-102041,TXN102041,2026-04-25,20:01:00,YABA,TILL-03,Segun Adeyemi,09073384947,SKU1021,Bournvita 500g,Beverages,1,2740,0,Transfer
RCPT-100605,TXN100605,2026-05-19,20:33:00,Ikeja Branch,TILL-02,Segun Adeyemi,7825153724,SKU1018,Maltina 33cl,Beverages,1,₦480.00,0,ussd
RCPT-101507,TXN101507,2026-05-28,09:51:00,Surulere Branch,TILL-01,Blessing Nwosu,,SKU1009,Cowbell Milk Powder 360g,Dairy,2,1680,0,Transfer
RCPT-101224,TXN101224,04/02/2026,20:21:00,SURULERE,TILL-01,Chidinma Okafor,08832973832,SKU1012,Kings Vegetable Oil 1L,Grains & Staples,4,"₦2,500.00",0,Cash
RCPT-101192,TXN101192,2026-03-01,09:09:00,MiniMart Express - Surulere,TILL-01,Emeka Obi,2347216610436,SKU1026,Chivita Juice 1L,Beverages,1,1270,0,ussd
RCPT-100222,TXN100222,2026-03-31,15:03:00,MiniMart Express - Surulere,TILL-01,Tunde Bakare,07841378200,SKU1013,Omo Detergent 900g,Household,4,1640,15,CASH
RCPT-101099,TXN101099,2026-06-26,19:08:00,MiniMart Express - Ikeja,TILL-02,Segun Adeyemi,8858474842,SKU1002,peak milk evaporated170g,Dairy,1,660,0,POS Card
RCPT-100240,TXN100240,06-04-2026,11:43:00,MiniMart Express - Yaba,TILL-03,Amaka Eze,,SKU1009,Cowbell Milk Powder 360g,Dairy,4,"1,910.00",0,Card
RCPT-100359,TXN100359,2026-03-25,11:29:00,MiniMart Express - Surulere,TILL-01,Chidinma Okafor,,SKU1012,Kings Vegetable Oil 1L,GRAINS & STAPLES,1,2950,0,CASH
RCPT-101380,TXN101380,2026-07-25,20:05:00,SURULERE,TILL-01,Ibrahim Musa,2348921216039,SKU1030,Nasco Cornflakes 500g,Grains & Staples,1,1830,10,Bank Transfer
RCPT-100031,TXN100031,2026-07-05,14:36:00,MiniMart Express - Surulere,TILL-01,Amaka Eze,2348146422534,SKU1010,Mama Gold Rice5kg,Grains & Staples,1,6450,0,Cash
RCPT-102410,TXN102410,2026-05-13,15:04:00,Surulere Branch,TILL-01,Chidinma Okafor,2348541837155,SKU1014,Dettol Soap 65g,Personal Care,1,350,0,POS Card
RCPT-102365,TXN102365,05/12/2026,17:56:00,SURULERE,TILL-01,Amaka Eze,,SKU1003,Golden Morn 500g,Grains & Staples,103,"₦1,430.00",15,POS Card
RCPT-101361,TXN101361,2026-04-26,10:38:00, Yaba,TILL-03,Ibrahim Musa,+2347164158199,SKU1014,Dettol Soap 65g,Personal Care,5,₦380.00,0,Card
RCPT-100945,TXN100945,27-03-2026,18:40:00,SURULERE,TILL-01,Chidinma Okafor,,SKU1028,Semovita 2kg,Grains & Staples,1,2130,0,transfer
RCPT-100215,TXN100215,2026-05-03,21:14:00,Yaba Branch,TILL-01,Chidinma Okafor,,SKU1003,Golden Morn 500g,Grains & Staples,1,"1,550.00",0,Transfer
RCPT-100700,TXN100700,2026-03-01,17:07:00,MiniMart Express - Yaba,TILL-02,Ibrahim Musa,,SKU1010,Mama Gold Rice5kg,Grains & Staples,1,,0,POS Card
RCPT-100399,TXN100399,2026-05-06,21:52:00,minimart express-ikeja ,TILL-01,Ibrahim Musa,,SKU1023,Ariel Detergent 900g,,3,,0,Bank Transfer
RCPT-101036,TXN101036,2026-06-04,07:36:00,minimart express-ikeja ,TILL-02,Amaka Eze,,SKU1019,Titus Sardine 125g,Canned Foods,1,760,0,Cash
RCPT-100374,TXN100374,2026-03-18,13:06:00, Yaba,TILL-01,Segun Adeyemi,,SKU1003,Golden Morn 500g,Grains & Staples,3,1310,0,CASH
RCPT-101525,TXN101525,2026-04-30,12:23:00,Ikeja Branch,TILL-02,Chidinma Okafor,+2349051937277,SKU1028,Semovita 2kg,Grains & Staples,5,"₦2,120.00",0,ATM Card
RCPT-101087,TXN101087,2026-05-12,20:32:00,Surulere Branch,TILL-01,Tunde Bakare,+2348869493615,SKU1018,Maltina 33cl,Beverages,1,440,15,POS Card
RCPT-102369,TXN102369,2026-04-19,09:14:00,MiniMart Express - Surulere,TILL-01,Ibrahim Musa,,SKU1029,Dano Milk Powder 400g,Dairy,1,"₦2,790.00",0,Cash
RCPT-101961,TXN101961,2026-04-08,18:01:00, Yaba,TILL-02,Tunde Bakare,0 8 5 4 5 6 2 7 5 8 9,SKU1009,Cowbell Milk Powder 360g,Dairy,5,"₦2,040.00",0,Bank Transfer
RCPT-100504,TXN100504,2026-05-11,12:42:00,Yaba Branch,TILL-03,Fatima Bello,2348026410210,SKU1006,Bigi Cola 50cl,Beverages,1,370,0,POS Card
RCPT-101740,TXN101740,2026-04-01,08:45:00,MiniMart Express - Ikeja,TILL-02,Fatima Bello,,SKU1023,Ariel Detergent 900g,Household,2,1890,0,ussd
RCPT-102095,TXN102095,2026-04-10,19:59:00,MiniMart Express - Ikeja,TILL-02,Tunde Bakare,,SKU1024,"Pampers Diapers (pack, medium)",Baby Products,3,"4,160.00",0,pos
RCPT-102006,TXN102006,2026-05-06,14:41:00,minimart express-ikeja ,TILL-01,Tunde Bakare,07616578088,SKU1002,Peak Milk Evap 170g,Dairy,2,680,15,cash
RCPT-102247,TXN102247,2026-05-27,12:37:00,MiniMart Express - Yaba,TILL-01,Fatima Bello,+2348305678530,SKU1009,Cowbell Milk Powder 360g,Dairy,5,1650,0,POS Card
RCPT-101021,TXN101021,2026-03-07,13:30:00,SURULERE,TILL-01,Emeka Obi,+2348704312137,SKU1010,Mama Gold Rice5kg,Grains & Staples,3,7100,0,transfer
RCPT-101359,TXN101359,2026-07-25,17:27:00,IKEJA,TILL-01,Amaka Eze,,SKU1001,INDOMIE NOODLES 70G,Grains & Staples,1,₦140.00,0,ussd
RCPT-102345,TXN102345,2026-03-20,13:20:00,SURULERE,TILL-01,Tunde Bakare,+2348544879513,SKU1021,Bournvita 500g,Beverages,1,2590,0,Cash
RCPT-101896,TXN101896,2026-03-28,11:46:00,SURULERE,TILL-01,Chidinma Okafor,,SKU1030,Nasco Cornflakes 500g,Grains & Staples,4,,0,POS Card
RCPT-102488,TXN102488,04/04/2026,16:26:00,Ikeja Branch,TILL-02,Amaka Eze,7679760453,SKU1021,Bournvita 500g,Beverages,1,2520,0,Cash
RCPT-101816,TXN101816,2026-04-14,18:56:00,MiniMart Express - Surulere,TILL-01,Chidinma Okafor,,SKU1016,Eva Water 75cl,Beverages,1,220,0,Cash
RCPT-100862,TXN100862,2026-06-19,18:53:00,IKEJA,TILL-01,Amaka Eze,,SKU1028,Semovita 2kg,Grains & Staples,1,2300,0,pos
RCPT-101469,TXN101469,2026-03-14,15:39:00,MiniMart Express - Yaba,TILL-01,Ibrahim Musa,8737238186,SKU1004,Dangote Sugar 1kg,Grains & Staples,1,1290,0,Bank Transfer
RCPT-100569,TXN100569,2026-05-15,21:45:00,MiniMart Express - Yaba,TILL-03,Ibrahim Musa,07783224727,SKU1004,Dangote Sugar 1kg,Grains & Staples,3,,0,Bank Transfer
RCPT-102576,TXN102576,21-03-2026,14:15:00,MiniMart Express - Yaba,TILL-02,Emeka Obi,,SKU1011,Honeywell Semolina 2kg,Grains & Staples,3,2160,0,cash
RCPT-102276,TXN102276,2026-06-27,12:14:00,IKEJA,TILL-02,Chidinma Okafor,,SKU1003,Golden Morn 500g,Grains & Staples,4,"₦1,390.00",15,ATM Card
RCPT-101714,TXN101714,2026-05-06,10:50:00,MiniMart Express - Surulere,TILL-01,Segun Adeyemi,,SKU1015,Close Up Toothpaste 140ml,Personal Care,1,890,0,Cash
RCPT-100644,TXN100644,24/05/2026,07:18 PM, Yaba,TILL-01,Segun Adeyemi,+2347395403712,SKU1016,Eva Water 75cl,Beverages,2,220,0,ussd
RCPT-101479,TXN101479,2026-07-08,15:39:00,IKEJA,TILL-01,Ibrahim Musa,8902141084,SKU1020,Cerelac Infant Cereal 400g,Baby Products,1,3620,0,Cash
RCPT-101665,TXN101665,08/07/2026,11:37:00,Surulere Branch,TILL-01,,07262848378,SKU1029,Dano Milk Powder 400g,Dairy,1,3330,0,POS Card
RCPT-102298,TXN102298,06/18/2026,02:46 PM,MiniMart Express - Surulere,TILL-01,Blessing Nwosu,,SKU1020,Cerelac Infant Cereal 400g,,2,3290,0,Bank Transfer
RCPT-100306,TXN100306,2026-06-05,19:25:00,minimart express-ikeja ,TILL-02,Tunde Bakare,,SKU1030,Nasco Cornflakes 500g,Grains & Staples,3,2180,0,Cash
RCPT-101737,TXN101737,27-04-2026,09:13:00, Yaba,TILL-03,Emeka Obi,,SKU1010,Mama Gold Rice 5kg,Grains & Staples,3,7090,0,Transfer
RCPT-102399,TXN102399,2026-06-21,11:36:00, Yaba,TILL-02,Blessing Nwosu,,SKU1011,Honeywell Semolina 2kg,Grains & Staples,3,2550,0,pos
RCPT-101533,TXN101533,2026-04-11,21:23:00,IKEJA,TILL-02,Blessing Nwosu,,SKU1017,La Casera 50cl,Beverages,1,400,15,Bank Transfer
RCPT-101797,TXN101797,2026-05-14,07:15:00,Yaba Branch,TILL-01,Amaka Eze,,SKU1012,Kings Vegetable Oil 1L,Grains & Staples,1,2970,0,Cash
RCPT-101173,TXN101173,2026-07-22,04:51 PM,minimart express-ikeja ,TILL-02,Emeka Obi,08341252589,SKU1022,Knorr Chicken Cubes (pack),Grains & Staples,1,290,0,Bank Transfer
RCPT-101355,TXN101355,01-03-2026,17:40:00,YABA,TILL-02,Fatima Bello,2348697764881,SKU1028,Semovita 2kg,Grains & Staples,5,"2,040.00",0,ussd
RCPT-102516,TXN102516,2026-07-24,19:59:00, Yaba,TILL-01,Chidinma Okafor,,SKU1005,Coca Cola 50cl,Beverages,1,380,0,POS Card
RCPT-100535,TXN100535,2026-03-03,15:43:00,Yaba Branch,TILL-01,Segun Adeyemi,,SKU1007,Gala Sausage Roll,,4,240,5,Bank Transfer
RCPT-101270,TXN101270,2026-04-23,18:40:00,minimart express-ikeja ,TILL-02,Amaka Eze,8862278892,SKU1012,Kings Vegetable Oil 1L,Grains & Staples,1,"2,820.00",0,Bank Transfer
RCPT-101456,TXN101456,2026-06-17,20:05:00,Surulere Branch,TILL-01,Chidinma Okafor,,SKU1021,Bournvita 500g,Beverages,4,2590,0,Cash
RCPT-100952,TXN100952,2026-03-26,19:05:00,YABA,TILL-03,Fatima Bello,,SKU1025,Tom Tom Sweet (pack),Snacks,1,330.00,0,transfer
RCPT-102332,TXN102332,2026-05-19,18:33:00,SURULERE,TILL-01,Tunde Bakare,07755600233,SKU1026,Chivita Juice 1L,Beverages,1,"1,460.00",15,Cash
RCPT-101828,TXN101828,2026-04-06,07:12:00,SURULERE,TILL-01,Segun Adeyemi,,SKU1009,Cowbell Milk Powder 360g,,3,2020,0,Cash
RCPT-100794,TXN100794,2026-03-16,19:42:00,Surulere Branch,TILL-01,Amaka Eze,,SKU1002,Peak Milk Evaporated 170g,Dairy,1,650,0,cash
RCPT-101499,TXN101499,2026-05-05,18:03:00,minimart express-ikeja ,TILL-02,Segun Adeyemi,,SKU1003,Golden Morn 500g,Grains & Staples,3,1620,0,POS
RCPT-102172,TXN102172,2026-04-15,17:29:00,MiniMart Express - Ikeja,TILL-02,Amaka Eze,,SKU1017,La Casera 50cl,Beverages,1,400,0,Bank Transfer
RCPT-100286,TXN100286,2026-05-03,21:42:00,YABA,TILL-03,Blessing Nwosu,+2348132628546,SKU1025,Tom Tom Sweet (pack),Snacks,1,340.00,0,POS Card
RCPT-101407,TXN101407,2026-03-03,13:16:00,Ikeja Branch,TILL-02,Tunde Bakare,,SKU1014,Dettol Soap 65g,Personal Care,1,390.00,0,transfer
RCPT-100160,TXN100160,2026-07-05,11:13:00,MiniMart Express - Yaba,TILL-01,Fatima Bello,2347047019442,SKU1017,La Casera 50cl,Beverages,1,400,0,Cash
RCPT-100665,TXN100665,11/04/2026,16:38:00,MiniMart Express - Yaba,TILL-03,Chidinma Okafor,,SKU1019,Titus Sardine 125g,Canned Foods,3,780,10,POS
RCPT-101725,TXN101725,22/06/2026,11:44 AM,Ikeja Branch,TILL-02,Ibrahim Musa,,SKU1014,Dettol Soap 65g,Personal Care,2,380,0,pos
RCPT-100458,TXN100458,2026-05-26,07:02 PM,minimart express-ikeja ,TILL-01,Emeka Obi,,SKU1001, Indomie Noodles 70g ,Grains & Staples,1,160,0,POS Card
RCPT-101404,TXN101404,2026-03-03,11:07:00, Yaba,TILL-01,Emeka Obi,+2347445500248,SKU1019,Titus Sardine 125g,Canned Foods,2,710,0,Bank Transfer
RCPT-100106,TXN100106,2026-04-23,17:59:00,Surulere Branch,TILL-01,Chidinma Okafor,+2347208852729,SKU1023,Ariel Detergent 900g,Household,67,1710,0,Bank Transfer
RCPT-100461,TXN100461,2026-05-27,12:09:00,Surulere Branch,TILL-01,Tunde Bakare,,SKU1022,Knorr Chicken Cubes (pack),,3,290,0,USSD
RCPT-100272,TXN100272,2026-03-11,12:50:00,MiniMart Express - Surulere,TILL-01,Fatima Bello,,SKU1026,Chivita Juice 1L,Beverages,2,1280,0,POS Card
RCPT-100623,TXN100623,2026-07-22,17:19:00,MiniMart Express - Ikeja,TILL-01,Tunde Bakare,,SKU1021,Bournvita 500g,Beverages,3,2370,0,ussd
RCPT-100292,TXN100292,2026-06-03,16:30:00,Yaba Branch,TILL-03,Amaka Eze,,SKU1007,Gala Sausage Roll,Snacks,2,260,0,POS Card
RCPT-102067,TXN102067,2026-06-11,18:31:00,YABA,TILL-01,Blessing Nwosu,,SKU1028,Semovita 2kg,Grains & Staples,1,1980,0,Cash
RCPT-101895,TXN101895,05/22/2026,16:05:00,Surulere Branch,TILL-01,Emeka Obi,,SKU1001,INDOMIE NOODLES 70G,Grains & Staples,1,150,0,POS Card
RCPT-102415,TXN102415,2026-03-19,12:32:00,Surulere Branch,TILL-01,Chidinma Okafor,,SKU1002,Peak Milk Evaporated 170g,Dairy,2,680,0,POS
RCPT-100653,TXN100653,2026-03-11,20:09:00,MiniMart Express - Yaba,TILL-03,Chidinma Okafor,08075440882,SKU1005,COCA COLA 50CL,Beverages,2,390,0,ussd
RCPT-101059,TXN101059,2026-05-14,18:22:00,Ikeja Branch,TILL-02,Fatima Bello,,SKU1011,Honeywell Semolina 2kg,Grains & Staples,1,2410,0,USSD
RCPT-101245,TXN101245,2026-05-06,17:40:00,minimart express-ikeja ,TILL-02,Emeka Obi,2347494859689,SKU1016,Eva Water 75cl,Beverages,4,210,0,Cash
RCPT-100988,TXN100988,2026-03-23,08:00:00,Surulere Branch,TILL-01,Emeka Obi,8827332193,SKU1002,Peak Milk Evaporated 170g,Dairy,1,690.00,15,POS Card
RCPT-100146,TXN100146,2026-06-02,12:47:00,MiniMart Express - Ikeja,TILL-01,Amaka Eze,8 9 5 6 7 2 5 3 3 4,SKU1012,Kings Vegetable Oil 1L,Grains & Staples,2,2540,10,POS Card
RCPT-100023,TXN100023,07/23/2026,17:11:00,IKEJA,TILL-01,Fatima Bello,,SKU1022,Knorr Chicken Cubes (pack),Grains & Staples,5,,0,Cash
RCPT-100407,TXN100407,2026-05-21,11:04:00,Yaba Branch,TILL-01,Segun Adeyemi,2 3 4 8 6 0 2 1 2 8 9 8 5,SKU1003,Golden Morn 500g,Grains & Staples,2,1550,0,ussd
RCPT-101364,TXN101364,2026-04-12,13:47:00,Surulere Branch,TILL-01,Emeka Obi,,SKU1010,MAMA GOLD RICE 5KG,Grains & Staples,3,7090,0,Cash
RCPT-100971,TXN100971,2026-07-04,20:05:00,SURULERE,TILL-01,Blessing Nwosu,7054648112,SKU1025,Tom Tom Sweet (pack),Snacks,2,330,15,pos
RCPT-101659,TXN101659,2026-06-18,16:26:00,Yaba Branch,TILL-03,Amaka Eze,,SKU1010,Mama Gold Rice 5kg,Grains & Staples,4,6680,0,Cash
RCPT-101986,TXN101986,2026-07-18,20:26:00,IKEJA,TILL-01,Blessing Nwosu,+2347531471391,SKU1028,Semovita 2kg,Grains & Staples,2,"₦2,030.00",0,POS
RCPT-101473,TXN101473,2026-05-04,10:38:00,minimart express-ikeja ,TILL-02,Ibrahim Musa,,SKU1005,Coca Cola 50cl,Beverages,1,₦380.00,0,Cash
RCPT-102408,TXN102408,22-07-2026,09:21:00,MiniMart Express - Yaba,TILL-01,Ibrahim Musa,,SKU1015,Close Up Toothpaste 140ml,,1,870,0,POS
RCPT-102460,TXN102460,2026-07-21,10:10:00,Surulere Branch,TILL-01,Tunde Bakare,+2347049463709,SKU1010,Mama Gold Rice5kg,Grains & Staples,4,6060,0,cash
RCPT-102486,TXN102486,2026-06-26,07:29:00,MiniMart Express - Ikeja,TILL-01,Chidinma Okafor,+2347121924708,SKU1022,Knorr Chicken Cubes (pack),Grains & Staples,2,₦290.00,0,Cash
RCPT-102274,TXN102274,08-05-2026,19:47:00,Ikeja Branch,TILL-01,Emeka Obi,,SKU1017,La Casera 50cl,Beverages,2,370,15,CASH
RCPT-100793,TXN100793,2026-06-07,13:00:00,YABA,TILL-03,Fatima Bello,2348074548029,SKU1001, Indomie Noodles 70g ,Grains & Staples,1,160,0,POS Card
RCPT-102378,TXN102378,30-03-2026,14:02:00,SURULERE,TILL-01,Chidinma Okafor,,SKU1012,Kings Vegetable Oil 1L,Grains & Staples,1,2890,0,Bank Transfer
RCPT-101497,TXN101497,2026-07-11,13:49:00,Surulere Branch,TILL-01,Emeka Obi,7937918725,SKU1023,Ariel Detergent 900g,Household,2,1980,0,POS
RCPT-101406,TXN101406,2026-05-14,11:00:00,Surulere Branch,TILL-01,Segun Adeyemi,,SKU1019,Titus Sardine 125g,Canned Foods,1,640.00,0,Cash
RCPT-102235,TXN102235,2026-07-20,18:41:00,YABA,TILL-02,Ibrahim Musa,,SKU1022,Knorr Chicken Cubes (pack),Grains & Staples,3,270,0,POS Card
RCPT-102077,TXN102077,2026-03-13,16:06:00,Yaba Branch,TILL-02,Emeka Obi,08216302823,SKU1016,Eva Water 75cl,Beverages,4,,0,cash
RCPT-101939,TXN101939,2026-06-28,18:25:00,IKEJA,TILL-01,Fatima Bello,,SKU1009,Cowbell Milk Powder 360g,Dairy,1,1650,0,Card
RCPT-100069,TXN100069,2026-03-06,09:45:00,Ikeja Branch,TILL-02,Chidinma Okafor,2348982860938,SKU1004,Dangote Sugar 1kg,Grains & Staples,1,1300,5,POS Card
RCPT-100952,TXN100952,2026-03-26,19:05:00,MiniMart Express - Yaba,TILL-03,Fatima Bello,,SKU1006,Bigi Cola 50cl,Beverages,2,330,0,transfer
RCPT-100358,TXN100358,2026-06-23,09:21:00,Ikeja Branch,TILL-01,Chidinma Okafor,08358342329,SKU1019,Titus Sardine 125g,Canned Foods,1,640,0,Card
RCPT-102495,TXN102495,2026-04-03,13:17:00,YABA,TILL-03,Tunde Bakare,,SKU1020,Cerelac Infant Cereal 400g,Baby Products,1,"₦3,410.00",0,transfer
RCPT-100648,TXN100648,2026-03-14,12:39:00,YABA,TILL-01,Emeka Obi,8259983324,SKU1007,Gala Sausage Roll,Snacks,1,260,5,Transfer
RCPT-101890,TXN101890,28-05-2026,20:35:00,MiniMart Express - Ikeja,TILL-01,Segun Adeyemi,07106668213,SKU1020,Cerelac Infant Cereal 400g,Baby Products,2,3590,0,POS Card
RCPT-102497,TXN102497,2026-04-17,07:25:00,Yaba Branch,TILL-03,Blessing Nwosu,,SKU1007,Gala Sausage Roll,Snacks,1,270,0,Card
RCPT-101268,TXN101268,2026-06-24,11:26:00,YABA,TILL-02,Segun Adeyemi,,SKU1020,Cerelac Infant Cereal 400g,Baby Products,1,3060,0,Transfer
RCPT-100376,TXN100376,2026-04-28,12:14:00,SURULERE,TILL-01,Blessing Nwosu,+2347031600018,SKU1017,La Casera 50cl,Beverages,1,320,0,Bank Transfer
RCPT-100551,TXN100551,2026-07-12,09:00:00,IKEJA,TILL-01,Emeka Obi,+2347799920353,SKU1023,Ariel Detergent 900g,Household,2,"₦1,760.00",0,ATM Card
RCPT-100206,TXN100206,2026-06-16,14:34:00,IKEJA,TILL-01,,2347418328019,SKU1018,Maltina 33cl,Beverages,1,510,0,POS
RCPT-100671,TXN100671,06/24/2026,08:17 AM,MiniMart Express - Yaba,TILL-01,Emeka Obi,2347505866530,SKU1019,Titus Sardine 125g,Canned Foods,4,700,0,POS Card
RCPT-102589,TXN102589,2026-03-29,21:44:00,MiniMart Express - Yaba,TILL-03,Emeka Obi,,SKU1026,Chivita Juice 1L,Beverages,1,"1,210.00",0,USSD
RCPT-102160,TXN102160,05/01/2026,18:07:00,Surulere Branch,TILL-01,Blessing Nwosu,+2348423435261,SKU1015,Close Up Toothpaste 140ml,Personal Care,1,840,0,pos
RCPT-101693,TXN101693,06/07/2026,20:26:00,IKEJA,TILL-02,Chidinma Okafor,,SKU1024,"Pampers Diapers (pack, medium)",Baby Products,1,4420,0,POS Card
RCPT-101407,TXN101407,2026-03-03,13:16:00,Ikeja Branch,TILL-02,Tunde Bakare,,SKU1028,Semovita 2kg,Grains & Staples,1,1930,0,transfer
RCPT-101182,TXN101182,2026-04-15,19:19:00, Yaba,TILL-01,,,SKU1016,Eva Water 75cl,Beverages,1,220,0,Cash
RCPT-102099,TXN102099,23-07-2026,15:34:00,minimart express-ikeja ,TILL-01,Emeka Obi,07192763574,SKU1022,Knorr Chicken Cubes (pack),Grains & Staples,5,340,0,POS Card
RCPT-100078,TXN100078,2026-04-04,12:57:00,MiniMart Express - Surulere,TILL-01,Fatima Bello,,SKU1030,Nasco Cornflakes 500g,GRAINS & STAPLES,4,"1,950.00",0,Bank Transfer
RCPT-101015,TXN101015,2026-05-20,13:45:00,SURULERE,TILL-01,Amaka Eze,,SKU1023,Ariel Detergent 900g,Household,1,"₦1,970.00",0,CASH
RCPT-100113,TXN100113,2026-03-24,11:44:00,Surulere Branch,TILL-01,Emeka Obi,+ 2 3 4 8 8 2 3 7 5 1 3 6 3,SKU1023,Ariel Detergent 900g,Household,4,"₦1,840.00",0,Bank Transfer
RCPT-101461,TXN101461,04/27/2026,19:51:00,MiniMart Express - Ikeja,TILL-01,,,SKU1003,Golden Morn 500g,Grains & Staples,2,1460,0,Cash
RCPT-100031,TXN100031,05/07/2026,02:36 PM,Surulere Branch,TILL-01,Amaka Eze,2348146422534,SKU1026,Chivita Juice 1L,Beverages,3,"₦1,220.00",0,Cash
RCPT-100941,TXN100941,2026-03-03,09:00:00,MiniMart Express - Surulere,TILL-01,Amaka Eze,,SKU1016,Eva Water 75cl,Beverages,4,₦220.00,0,ussd
RCPT-100983,TXN100983,2026-06-01,12:33:00,SURULERE,TILL-01,Ibrahim Musa,,SKU1021,Bournvita 500g,Beverages,2,"2,530.00",0,POS Card
RCPT-101828,TXN101828,2026-04-06,07:12:00,SURULERE,TILL-01,Segun Adeyemi,,SKU1028,Semovita 2kg,Grains & Staples,1,2310,0,Cash
RCPT-101457,TXN101457,19-04-2026,13:31:00,minimart express-ikeja ,TILL-02,Segun Adeyemi,,SKU1006,Bigi Cola 50cl,Beverages,1,390,0,Bank Transfer
RCPT-101518,TXN101518,2026-06-25,12:29:00,SURULERE,TILL-01,Chidinma Okafor,2348478617414,SKU1003,Golden Morn 500g,Grains & Staples,2,1330,0,USSD
RCPT-102436,TXN102436,2026-06-05,11:33:00,MiniMart Express - Yaba,TILL-01,Blessing Nwosu,,SKU1015,Close Up Toothpaste 140ml,Personal Care,1,1010,0,Bank Transfer
RCPT-101618,TXN101618,2026-05-11,09:22:00, Yaba,TILL-03,Ibrahim Musa,+2347383333028,SKU1004,DANGOTE SUGAR 1KG ,Grains & Staples,1,1260,0,Transfer
RCPT-102437,TXN102437,28-05-2026,14:15:00,SURULERE,TILL-01,Ibrahim Musa,2348177721404,SKU1026,Chivita Juice 1L,Beverages,1,1230,0,USSD
RCPT-101904,TXN101904,2026-07-22,11:17:00,MiniMart Express - Yaba,TILL-01,Segun Adeyemi,2348175322192,SKU1016,Eva Water 75cl,Beverages,2,190,15,Transfer
RCPT-102159,TXN102159,2026-03-31,09:11:00,MiniMart Express - Yaba,TILL-02,Blessing Nwosu,7862186337,SKU1025,Tom Tom Sweet (pack),Snacks,3,,0,USSD
RCPT-102021,TXN102021,2026-06-10,15:39:00,SURULERE,TILL-01,Blessing Nwosu,+2349005008099,SKU1025,Tom Tom Sweet (pack),Snacks,1,270,0,transfer
RCPT-100659,TXN100659,2026-06-16,11:31:00,MiniMart Express - Surulere,TILL-01,Amaka Eze,,SKU1007,Gala Sausage Roll,SNACKS,1,230,0,ATM Card
RCPT-102480,TXN102480,28-05-2026,21:36:00,SURULERE,TILL-01,Emeka Obi,7073920792,SKU1002,Peak Milk Evaporated 170g,,2,₦710.00,0,ATM Card
RCPT-100563,TXN100563,20-06-2026,11:35:00,IKEJA,TILL-02,Tunde Bakare,,SKU1022,Knorr Chicken Cubes (pack),Grains & Staples,2,280,0,transfer
RCPT-101548,TXN101548,22/07/2026,16:05:00,SURULERE,TILL-01,Segun Adeyemi,08305881592,SKU1010,Mama Gold Rice 5kg,Grains & Staples,1,6250,0,CASH
RCPT-100719,TXN100719,2026-04-03,10:36:00,MiniMart Express - Ikeja,TILL-02,Fatima Bello,,SKU1005,Coca-Cola 50cl,Beverages,2,450,0,POS Card
RCPT-100751,TXN100751,06/27/2026,06:44 PM,minimart express-ikeja ,TILL-01,Segun Adeyemi,,SKU1015,Close Up Toothpaste 140ml,Personal Care,1,920,0,CASH
RCPT-101297,TXN101297,2026-05-19,12:51:00,MiniMart Express - Surulere,TILL-01,Ibrahim Musa,,SKU1013,Omo Detergent 900g,Household,3,"1,670.00",0,ussd
RCPT-101436,TXN101436,2026-07-20,20:27:00, Yaba,TILL-01,Emeka Obi,,SKU1016,Eva Water 75cl,Beverages,1,190,0,POS Card
RCPT-102395,TXN102395,2026-06-26,12:11:00,Yaba Branch,TILL-01,Chidinma Okafor,2349052707677,SKU1019,Titus Sardine 125g,Canned Foods,2,,0,Card
RCPT-101205,TXN101205,2026-06-16,10:28:00,Yaba Branch,TILL-02,Segun Adeyemi,,SKU1023,Ariel Detergent 900g,Household,1,"₦1,630.00",0,CASH
RCPT-100879,TXN100879,29/04/2026,15:06:00,MiniMart Express - Surulere,TILL-01,Emeka Obi,,SKU1009,Cowbell Milk Powder 360g,Dairy,2,2010,10,Cash
RCPT-100072,TXN100072,2026-03-31,09:28 PM,SURULERE,TILL-01,Amaka Eze,,SKU1005,Coca Cola 50cl,Beverages,2,410.00,0,ussd
RCPT-100532,TXN100532,2026-06-02,12:32:00,MiniMart Express - Surulere,TILL-01,Ibrahim Musa,,SKU1015,Close Up Toothpaste 140ml,Personal Care,1,1010,0,Cash
RCPT-102040,TXN102040,2026-06-09,10:19:00,Surulere Branch,TILL-01,Fatima Bello,,SKU1023,Ariel Detergent 900g,Household,5,1610,0,ATM Card
RCPT-100617,TXN100617,2026-05-12,04:13 PM,MiniMart Express - Surulere,TILL-01,Segun Adeyemi,,SKU1016,Eva Water 75cl,Beverages,1,210,0,Transfer
RCPT-101441,TXN101441,2026-04-11,20:47:00,Surulere Branch,TILL-01,Amaka Eze,+2347498382225,SKU1022,Knorr Chicken Cubes (pack),Grains & Staples,1,320,0,ussd
RCPT-101496,TXN101496,2026-07-21,21:51:00,MiniMart Express - Surulere,TILL-01,Ibrahim Musa,,SKU1028,Semovita 2kg,Grains & Staples,1,1910,0,Card
RCPT-102457,TXN102457,05/22/2026,19:49:00,MiniMart Express - Yaba,TILL-02,Amaka Eze,,SKU1008,Milo 400g,Beverages,5,2170,0,cash
RCPT-102288,TXN102288,2026-06-10,09:38:00,MiniMart Express - Yaba,TILL-03,Tunde Bakare,,SKU1003,Golden Morn 500g,Grains & Staples,4,1530,0,Cash
RCPT-102460,TXN102460,2026-07-21,10:10:00,SURULERE,TILL-01,Tunde Bakare,+2347049463709,SKU1027,Amstel Malta 33cl,Beverages,3,400,0,cash
RCPT-100210,TXN100210,2026-07-12,18:59:00,MiniMart Express - Surulere,TILL-01,Amaka Eze,,SKU1017,La Casera 50cl,,1,₦330.00,0,Card
RCPT-101936,TXN101936,2026-05-08,17:28:00,YABA,TILL-01,Segun Adeyemi,,SKU1027,Amstel Malta 33cl,Beverages,1,400,5,POS Card
RCPT-100862,TXN100862,06/19/2026,18:53:00,Ikeja Branch,TILL-01,Amaka Eze,,SKU1003,Golden Morn 500g,Grains & Staples,3,1360,0,pos
RCPT-100595,TXN100595,26/03/2026,15:57:00,MiniMart Express - Surulere,TILL-01,Blessing Nwosu,,SKU1013,Omo Detergent 900g,Household,2,,5,pos
RCPT-102204,TXN102204,2026-07-18,08:42:00, Yaba,TILL-03,Fatima Bello,,SKU1021,Bournvita 500g,Beverages,1,2460,0,Bank Transfer
RCPT-102260,TXN102260,2026-07-29,12:11:00,Surulere Branch,TILL-01,Blessing Nwosu,+2347709072617,SKU1010,Mama Gold Rice 5kg,Grains & Staples,1,"₦7,350.00",0,ussd
RCPT-101143,TXN101143,16/03/2026,18:06:00,MiniMart Express - Ikeja,TILL-01,Amaka Eze,2347452694511,SKU1022,Knorr Chicken Cubes (pack),Grains & Staples,2,320,0,Transfer
RCPT-100880,TXN100880,07/09/2026,07:35:00,MiniMart Express - Surulere,TILL-01,Tunde Bakare,2 3 4 8 4 4 4 8 9 8 0 5 0,SKU1016,Eva Water 75cl,Beverages,3,210,0,USSD
RCPT-101220,TXN101220,2026-04-14,11:51 AM,MiniMart Express - Yaba,TILL-03,Emeka Obi,,SKU1003,Golden Morn 500g,Grains & Staples,2,"1,630.00",0,Bank Transfer
RCPT-100119,TXN100119,2026-07-30,16:20:00,MiniMart Express - Ikeja,TILL-02,Tunde Bakare,2348133955709,SKU1027,Amstel Malta 33cl,Beverages,2,450,0,Cash
RCPT-101797,TXN101797,2026-05-14,07:15:00, Yaba,TILL-01,Amaka Eze,,SKU1027,Amstel Malta 33cl,Beverages,1,,5,Cash
RCPT-102466,TXN102466,2026-03-05,09:34:00, Yaba,TILL-03,Amaka Eze,2347938029689,SKU1010,Mama Gold Rice5kg,GRAINS & STAPLES,1,"7,250.00",0,cash
RCPT-101670,TXN101670,2026-03-07,18:00:00,IKEJA,TILL-02,Tunde Bakare,08484358093,SKU1022,Knorr Chicken Cubes (pack),Grains & Staples,1,290,15,pos
RCPT-101634,TXN101634,16-06-2026,17:42:00,minimart express-ikeja ,TILL-01,Emeka Obi,,SKU1018,Maltina 33cl,Beverages,1,₦420.00,0,Transfer
RCPT-100606,TXN100606,2026-03-15,14:58:00,minimart express-ikeja ,TILL-01,Fatima Bello,0 7 7 4 4 1 6 4 8 4 2,SKU1005,Coca Cola 50cl,,2,400,0,ussd
RCPT-100610,TXN100610,2026-03-03,17:33:00,YABA,TILL-02,Chidinma Okafor,,SKU1007,Gala Sausage Roll,Snacks,2,260,0,USSD
RCPT-100942,TXN100942,2026-06-29,10:20:00,Surulere Branch,TILL-01,Blessing Nwosu,,SKU1015,Close Up Toothpaste 140ml,Personal Care,2,820,0,USSD
RCPT-100188,TXN100188,2026-03-03,09:05:00,SURULERE,TILL-01,Segun Adeyemi,,SKU1016,Eva Water 75cl,Beverages,1,230,0,ATM Card
RCPT-101831,TXN101831,2026-03-24,13:18:00,SURULERE,TILL-01,Chidinma Okafor,7784517941,SKU1017,La Casera 50cl,Beverages,1,360,0,Card
RCPT-101076,TXN101076,2026-07-10,11:31:00, Yaba,TILL-02,Fatima Bello,+2348356499619,SKU1028,Semovita 2kg,Grains & Staples,4,"₦2,290.00",0,Transfer
RCPT-100830,TXN100830,2026-05-21,16:38:00,Surulere Branch,TILL-01,Amaka Eze,,SKU1001,INDOMIE NOODLES 70G,Grains & Staples,1,170,0,POS Card
RCPT-100560,TXN100560,2026-07-30,15:58:00,MiniMart Express - Yaba,TILL-01,Segun Adeyemi,8738025845,SKU1008,Milo 400g,Beverages,3,1950,0,transfer
RCPT-101393,TXN101393,2026-04-14,10:50:00,MiniMart Express - Yaba,TILL-03,Blessing Nwosu,7498484757,SKU1009,Cowbell Milk Powder 360g,Dairy,1,1940,0,cash
RCPT-101639,TXN101639,2026-06-12,13:25:00,MiniMart Express - Ikeja,TILL-02,Emeka Obi,,SKU1011,Honeywell Semolina 2kg,Grains & Staples,2,"₦2,450.00",0,cash
RCPT-101613,TXN101613,05/21/2026,16:00:00,MiniMart Express - Ikeja,TILL-01,Ibrahim Musa,,SKU1015,Close Up Toothpaste 140ml,Personal Care,1,,0,pos
RCPT-102254,TXN102254,13/07/2026,13:28:00,MiniMart Express - Yaba,TILL-03,Segun Adeyemi,,SKU1010,MAMA GOLD RICE 5KG,Grains & Staples,2,6870,0,Cash
RCPT-100477,TXN100477,2026-07-03,17:20:00,Surulere Branch,TILL-01,Emeka Obi,,SKU1027,Amstel Malta 33cl,Beverages,1,410,0,POS Card
RCPT-100560,TXN100560,2026-07-30,15:58:00,MiniMart Express - Yaba,TILL-01,Segun Adeyemi,8738025845,SKU1025,Tom Tom Sweet (pack),Snacks,3,340,0,transfer
RCPT-100343,TXN100343,23-07-2026,17:38:00,YABA,TILL-01,Amaka Eze,,SKU1030,Nasco Cornflakes 500g,Grains & Staples,2,"1,750.00",0,Bank Transfer
RCPT-101790,TXN101790,28-06-2026,20:08:00,SURULERE,TILL-01,Fatima Bello,,SKU1014,Dettol Soap 65g,Personal Care,1,380,0,Bank Transfer
RCPT-101378,TXN101378,16/07/2026,18:25:00,minimart express-ikeja ,TILL-02,Amaka Eze,,SKU1008,Milo 400g,Beverages,1,"₦2,020.00",0,pos
RCPT-100123,TXN100123,2026-03-04,18:38:00,Yaba Branch,TILL-02,Blessing Nwosu,,SKU1015,Close Up Toothpaste 140ml,Personal Care,1,1000,0,Card
RCPT-100204,TXN100204,13-06-2026,19:58:00, Yaba,TILL-02,Fatima Bello,2348127152746,SKU1029,Dano Milk Powder 400g,Dairy,4,"₦2,950.00",0,Bank Transfer
RCPT-100414,TXN100414,2026-04-06,20:55:00,minimart express-ikeja ,TILL-01,Chidinma Okafor,,SKU1024,"Pampers Diapers (pack, medium)",Baby Products,4,4260,0,Cash
RCPT-101605,TXN101605,2026-03-28,20:11:00,minimart express-ikeja ,TILL-02,Blessing Nwosu,07041412187,SKU1015,Close Up Toothpaste 140ml,PERSONAL CARE,3,840,0,POS Card
RCPT-101070,TXN101070,2026-05-14,09:49 AM,minimart express-ikeja ,TILL-01,Amaka Eze,,SKU1002,Peak Milk Evaporated 170g,Dairy,2,640,0,Card
RCPT-100705,TXN100705,2026-04-16,18:26:00,IKEJA,TILL-02,Blessing Nwosu,+2348273622008,SKU1001,Indomie Noodle 70g,Grains & Staples,4,140,0,Card
RCPT-100267,TXN100267,03-05-2026,11:11:00, Yaba,TILL-03,Tunde Bakare,7776513425,SKU1009,Cowbell Milk Powder 360g,Dairy,3,1770,0,pos
RCPT-100222,TXN100222,2026-03-31,15:03:00,MiniMart Express - Surulere,TILL-01,Tunde Bakare,07841378200,SKU1023,Ariel Detergent 900g,Household,1,1900,0,CASH
RCPT-101742,TXN101742,2026-05-07,09:09:00,Surulere Branch,TILL-01,Emeka Obi,+2348994499565,SKU1013,Omo Detergent 900g,Household,1,"1,790.00",0,POS Card
RCPT-100395,TXN100395,2026-05-04,13:00:00,MiniMart Express - Yaba,TILL-01,Fatima Bello,07146778649,SKU1013,Omo Detergent 900g,Household,2,"₦1,840.00",0,POS Card
RCPT-101413,TXN101413,20-07-2026,21:17:00,Surulere Branch,TILL-01,Tunde Bakare,+2349031759669,SKU1013,Omo Detergent 900g,Household,4,1820,0,cash
RCPT-101272,TXN101272,2026-07-06,19:19:00,IKEJA,TILL-02,Segun Adeyemi,08399890703,SKU1022,Knorr Chicken Cubes (pack),Grains & Staples,3,310,0,POS
RCPT-102258,TXN102258,01-07-2026,19:56:00,SURULERE,TILL-01,Emeka Obi,+2348197807300,SKU1022,Knorr Chicken Cubes (pack),Grains & Staples,2,340,0,Cash
RCPT-102219,TXN102219,2026-04-11,21:18:00, Yaba,TILL-02,Emeka Obi,+2348906182165,SKU1018,Maltina 33cl,Beverages,1,420,0,transfer
RCPT-101149,TXN101149,2026-07-24,17:01:00,YABA,TILL-02,Blessing Nwosu,,SKU1024,"Pampers Diapers (pack, medium)",Baby Products,1,4850,0,POS Card
RCPT-101436,TXN101436,2026-07-20,20:27:00,MiniMart Express - Yaba,TILL-01,Emeka Obi,,SKU1020,Cerelac Infant Cereal 400g,Baby Products,1,2900,0,POS Card
RCPT-100648,TXN100648,03/14/2026,12:39:00,MiniMart Express - Yaba,TILL-01,Emeka Obi,8259983324,SKU1002,peak milk evaporated170g,,2,600,0,Transfer
RCPT-100711,TXN100711,03/09/2026,10:29:00,MiniMart Express - Surulere,TILL-01,Fatima Bello,,SKU1011,Honeywell Semolina 2kg,Grains & Staples,3,2210,0,POS Card
RCPT-100687,TXN100687,27-03-2026,17:24:00,Ikeja Branch,TILL-01,Amaka Eze,,SKU1001,Indomie Noodle 70g,Grains & Staples,2,140,0,cash
RCPT-100976,TXN100976,05/17/2026,15:01:00,Ikeja Branch,TILL-02,Ibrahim Musa,2348633889843,SKU1019,Titus Sardine 125g,Canned Foods,2,,0,Bank Transfer
RCPT-101647,TXN101647,2026-06-28,10:56:00,Ikeja Branch,TILL-02,Amaka Eze,,SKU1018,Maltina 33cl,Beverages,1,470,0,pos
RCPT-101836,TXN101836,2026-06-14,11:13:00,YABA,TILL-02,Emeka Obi,,SKU1016,Eva Water 75cl,Beverages,2,200.00,0,Bank Transfer
RCPT-101052,,2026-03-06,10:16:00,Surulere Branch,TILL-01,Emeka Obi,0 8 1 0 7 3 8 1 3 7 6,SKU1015,Close Up Toothpaste 140ml,Personal Care,1,940.00,0,POS Card
RCPT-101145,TXN101145,2026-03-02,08:06:00,Ikeja Branch,TILL-02,Segun Adeyemi,07222453735,SKU1013,Omo Detergent 900g,Household,1,,0,Cash
RCPT-100906,TXN100906,2026-07-24,13:49:00,Surulere Branch,TILL-01,Tunde Bakare,,SKU1022,Knorr Chicken Cubes (pack),Grains & Staples,1,300,0,Cash
RCPT-101108,TXN101108,2026-05-31,17:28:00,MiniMart Express - Ikeja,TILL-01,Chidinma Okafor,,SKU1008,Milo 400g,Beverages,2,2100,0,POS Card
RCPT-100008,TXN100008,2026-03-07,10:59:00,IKEJA,TILL-01,Fatima Bello,,SKU1028,Semovita 2kg,Grains & Staples,1,2010,0,USSD
RCPT-101460,TXN101460,2026-07-17,18:02:00,Ikeja Branch,TILL-01,Fatima Bello,,SKU1018,Maltina 33cl,Beverages,1,490,0,Cash
RCPT-101915,TXN101915,2026-07-14,07:58:00, Yaba,TILL-01,Chidinma Okafor,,SKU1001,INDOMIE NOODLES 70G,Grains & Staples,3,170.00,0,cash
RCPT-102239,TXN102239,2026-07-25,15:28:00,IKEJA,TILL-01,Fatima Bello,2348685322142,SKU1016,Eva Water 75cl,Beverages,3,210,0,POS Card
RCPT-101203,TXN101203,2026-06-22,07:40:00,IKEJA,TILL-02,Ibrahim Musa,,SKU1001,INDOMIE NOODLES 70G,Grains & Staples,3,170,10,USSD
RCPT-100570,,2026-04-14,18:36:00,Yaba Branch,TILL-02,Fatima Bello,,SKU1019,Titus Sardine 125g,CANNED FOODS,1,,0,cash
RCPT-100989,TXN100989,2026-05-29,16:19:00,MiniMart Express - Ikeja,TILL-01,Ibrahim Musa,,SKU1019,Titus Sardine 125g,Canned Foods,3,680.00,0,Bank Transfer
RCPT-101115,TXN101115,2026-06-26,13:31:00,Ikeja Branch,TILL-02,,,SKU1023,Ariel Detergent 900g,Household,3,"1,620.00",0,POS
RCPT-101311,TXN101311,2026-06-03,13:56:00, Yaba,TILL-02,Segun Adeyemi,2 3 4 7 4 1 5 1 2 5 8 0 1,SKU1006,Bigi Cola 50cl,Beverages,2,320,0,ussd
RCPT-102150,TXN102150,2026-07-13,14:57:00,MiniMart Express - Surulere,TILL-01,Tunde Bakare,2347673550193,SKU1018,Maltina 33cl,Beverages,1,440,0,transfer
RCPT-101523,TXN101523,2026-07-03,08:10:00,minimart express-ikeja ,TILL-01,Amaka Eze,+2347435977174,SKU1012,Kings Vegetable Oil 1L,Grains & Staples,3,2790,0,Cash
RCPT-101895,TXN101895,05/22/2026,16:05:00,MiniMart Express - Surulere,TILL-01,Emeka Obi,,SKU1027,Amstel Malta 33cl,Beverages,1,,0,POS Card
RCPT-101981,TXN101981,2026-04-30,11:49:00,MiniMart Express - Ikeja,TILL-02,Emeka Obi,,SKU1027,Amstel Malta 33cl,BEVERAGES,1,390,0,POS Card
RCPT-101327,TXN101327,2026-06-27,12:17 PM,Ikeja Branch,TILL-02,Fatima Bello,2348651250021,SKU1022,Knorr Chicken Cubes (pack),Grains & Staples,2,290.00,0,pos
RCPT-100183,TXN100183,2026-07-04,12:37:00,SURULERE,TILL-01,Fatima Bello,,SKU1013,Omo Detergent 900g,Household,3,,0,Transfer
RCPT-101946,TXN101946,04/08/2026,21:32:00,SURULERE,TILL-01,Fatima Bello,,SKU1016,Eva Water 75cl,Beverages,1,190,0,pos
RCPT-101983,TXN101983,2026-03-13,09:07:00, Yaba,TILL-03,,,SKU1014,Dettol Soap 65g,Personal Care,4,₦380.00,0,POS Card
RCPT-100825,TXN100825,25/06/2026,21:17:00,MiniMart Express - Surulere,TILL-01,Blessing Nwosu,7 5 1 8 5 4 1 8 2 7,SKU1002,Peak Milk Evap 170g,Dairy,1,660,0,Bank Transfer
RCPT-102074,TXN102074,06/22/2026,08:14:00,MiniMart Express - Surulere,TILL-01,Chidinma Okafor,+2347951485174,SKU1006,Bigi Cola 50cl,Beverages,1,340.00,0,Cash
RCPT-100067,TXN100067,03/24/2026,20:53:00,SURULERE,TILL-01,Amaka Eze,7 3 1 1 7 1 6 3 2 5,SKU1024,"Pampers Diapers (pack, medium)",Baby Products,2,4360,15,USSD
RCPT-101091,TXN101091,2026-07-11,12:55:00,Yaba Branch,TILL-03,Fatima Bello,,SKU1019,Titus Sardine 125g,Canned Foods,1,750,0,Cash
RCPT-100823,TXN100823,2026-06-12,12:00:00,YABA,TILL-03,Fatima Bello,,SKU1025,Tom Tom Sweet (pack),Snacks,2,270,0,Cash
RCPT-100448,TXN100448,2026-07-16,20:16:00,Yaba Branch,TILL-03,Blessing Nwosu,,SKU1022,Knorr Chicken Cubes (pack),Grains & Staples,2,270,0,POS Card
RCPT-101561,TXN101561,03/19/2026,12:48:00, Yaba,TILL-02,Segun Adeyemi,08599726209,SKU1003,Golden Morn 500g,Grains & Staples,2,1650,0,Cash
RCPT-102072,TXN102072,21-03-2026,02:38 PM,IKEJA,TILL-02,Chidinma Okafor,,SKU1018,Maltina 33cl,Beverages,1,420,0,CASH
RCPT-101648,TXN101648,2026-05-22,17:28:00,SURULERE,TILL-01,Tunde Bakare,+2348036860633,SKU1015,Close Up Toothpaste 140ml,Personal Care,3,1030,0,POS Card
RCPT-102301,TXN102301,2026-04-13,10:10:00,IKEJA,TILL-02,Blessing Nwosu,+2348421866300,SKU1018,Maltina 33cl,Beverages,4,410,0,Cash
RCPT-100625,TXN100625,2026-07-31,10:12:00,MiniMart Express - Yaba,TILL-03,Blessing Nwosu,+2347098451620,SKU1023,Ariel Detergent 900g,Household,1,"1,740.00",0,Transfer
RCPT-102247,TXN102247,2026-05-27,12:37:00,Yaba Branch,TILL-01,Fatima Bello,+2348305678530,SKU1024,"Pampers Diapers (pack, medium)",Baby Products,4,"₦4,150.00",0,POS Card
RCPT-101672,TXN101672,2026-06-13,12:35:00,MiniMart Express - Ikeja,TILL-01,Fatima Bello,+2348505268769,SKU1005,COCA COLA 50CL,Beverages,1,450,0,ATM Card
RCPT-101305,TXN101305,11/04/2026,11:26:00,YABA,TILL-01,Segun Adeyemi,0 8 1 8 3 0 0 2 2 8 3,SKU1007,Gala Sausage Roll,Snacks,1,240,10,Bank Transfer
RCPT-101705,TXN101705,2026-05-05,16:46:00,SURULERE,TILL-01,Amaka Eze,2348994984356,SKU1020,Cerelac Infant Cereal 400g,Baby Products,1,"₦3,180.00",0,transfer
RCPT-101221,TXN101221,2026-05-23,18:47:00,YABA,TILL-01,Amaka Eze,,SKU1005,COCA COLA 50CL,Beverages,3,440.00,0,Cash
RCPT-101785,TXN101785,2026-06-26,18:18:00,minimart express-ikeja ,TILL-02,Emeka Obi,,SKU1020,Cerelac Infant Cereal 400g,Baby Products,2,3520,0,POS Card
RCPT-101651,TXN101651,2026-06-14,11:34:00,Ikeja Branch,TILL-02,Ibrahim Musa,+2347597294737,SKU1016,Eva Water 75cl,,2,190,0,POS Card
RCPT-100055,TXN100055,07/20/2026,10:35:00,Surulere Branch,TILL-01,Amaka Eze,,SKU1022,Knorr Chicken Cubes (pack),Grains & Staples,3,280,0,POS Card
RCPT-101388,TXN101388,31-07-2026,13:13:00,MiniMart Express - Surulere,TILL-01,Tunde Bakare,08238029189,SKU1002,Peak Milk Evap 170g,Dairy,3,730,0,USSD
RCPT-100730,TXN100730,2026-05-25,16:59:00,Yaba Branch,TILL-02,Amaka Eze,8191359942,SKU1019,Titus Sardine 125g,Canned Foods,2,₦780.00,0,ussd
RCPT-102407,TXN102407,2026-07-03,18:38:00,Ikeja Branch,TILL-02,Segun Adeyemi,,SKU1022,Knorr Chicken Cubes (pack),Grains & Staples,1,300,0,Cash
RCPT-101679,TXN101679,22-07-2026,19:01:00,YABA,TILL-03,Amaka Eze,,SKU1018,Maltina 33cl,Beverages,3,450,15,POS Card
RCPT-101523,TXN101523,2026-07-03,08:10:00,Ikeja Branch,TILL-01,Amaka Eze,+2347435977174,SKU1009,Cowbell Milk Powder 360g,Dairy,1,1830,15,Cash
RCPT-101853,TXN101853,2026-07-06,10:03:00,SURULERE,TILL-01,Emeka Obi,+2348699597349,SKU1008,Milo 400g,Beverages,1,2270,0,Cash
RCPT-102202,TXN102202,2026-06-18,18:43:00,IKEJA,TILL-01,Tunde Bakare,,SKU1025,Tom Tom Sweet (pack),Snacks,1,320,0,USSD
RCPT-100346,TXN100346,2026-07-29,15:11:00,MiniMart Express - Surulere,TILL-01,Emeka Obi,,SKU1006,Bigi Cola 50cl,Beverages,2,380,0,Cash
RCPT-100864,TXN100864,04/04/2026,15:55:00,minimart express-ikeja ,TILL-01,Fatima Bello,,SKU1027,Amstel Malta 33cl,Beverages,3,440,0,Card
RCPT-100102,TXN100102,2026-05-22,07:03:00,Surulere Branch,TILL-01,Ibrahim Musa,+2347054119515,SKU1001,Indomie Noodle 70g,Grains & Staples,1,170,0,Cash
RCPT-100888,TXN100888,2026-05-12,11:18:00,MiniMart Express - Ikeja,TILL-02,Segun Adeyemi,,SKU1029,Dano Milk Powder 400g,Dairy,1,3110,10,transfer
RCPT-101847,TXN101847,2026-04-27,21:13:00,MiniMart Express - Yaba,TILL-02,Segun Adeyemi,+ 2 3 4 7 8 1 1 8 4 5 8 9 7,SKU1013,Omo Detergent 900g,Household,1,1510,0,Cash
RCPT-102035,TXN102035,2026-06-21,09:40:00, Yaba,TILL-01,Emeka Obi,,SKU1021,Bournvita 500g,Beverages,1,,0,Cash
RCPT-100152,TXN100152,2026-03-12,07:32:00,MiniMart Express - Ikeja,TILL-02,Segun Adeyemi,2347777621913,SKU1006,Bigi Cola 50cl,Beverages,1,360.00,0,Transfer
RCPT-102546,TXN102546,2026-05-02,21:41:00,MiniMart Express - Ikeja,TILL-02,Blessing Nwosu,,SKU1030,Nasco Cornflakes 500g,Grains & Staples,1,2100,0,POS
RCPT-100299,TXN100299,2026-06-30,10:07 AM,Ikeja Branch,TILL-01,Chidinma Okafor,,SKU1023,Ariel Detergent 900g,Household,1,1690,0,cash
RCPT-102149,TXN102149,2026-06-17,08:51 PM,MiniMart Express - Yaba,TILL-02,Ibrahim Musa,2348166252289,SKU1018,Maltina 33cl,Beverages,4,470,5,CASH
RCPT-100527,TXN100527,2026-07-06,19:30:00,Ikeja Branch,TILL-01,Chidinma Okafor,,SKU1001,indomie noodles 70g,Grains & Staples,4,170,0,Cash
RCPT-102000,TXN102000,2026-06-15,12:47:00,SURULERE,TILL-01,Blessing Nwosu,,SKU1009,Cowbell Milk Powder 360g,Dairy,1,1970,0,POS Card
RCPT-101131,TXN101131,18-06-2026,11:43:00,MiniMart Express - Ikeja,TILL-01,Segun Adeyemi,7039960279,SKU1001,indomie noodles 70g,Grains & Staples,4,160,10,ussd
RCPT-100153,TXN100153,05/07/2026,16:48:00, Yaba,TILL-02,Blessing Nwosu,8326251441,SKU1021,Bournvita 500g,Beverages,2,2200,0,POS Card
RCPT-101076,TXN101076,07/10/2026,11:31:00,Yaba Branch,TILL-02,Fatima Bello,+2348356499619,SKU1021,Bournvita 500g,Beverages,1,2640,15,Transfer
RCPT-102204,TXN102204,18-07-2026,08:42 AM,MiniMart Express - Yaba,TILL-03,Fatima Bello,,SKU1007,Gala Sausage Roll,Snacks,1,290,0,Bank Transfer
RCPT-100933,TXN100933,2026-06-24,17:23:00,Surulere Branch,TILL-01,Segun Adeyemi,8949165818,SKU1021,Bournvita 500g,,1,2740,0,CASH
RCPT-100276,TXN100276,2026-03-14,18:22:00,SURULERE,TILL-01,Chidinma Okafor,+2348982191407,SKU1008,Milo 400g,Beverages,3,1940,0,Bank Transfer
RCPT-101697,TXN101697,06/24/2026,10:37 AM, Yaba,TILL-03,Tunde Bakare,,SKU1008,Milo 400g,Beverages,2,"1,910.00",0,POS
RCPT-102267,TXN102267,2026-03-29,14:25:00,IKEJA,TILL-02,Tunde Bakare,,SKU1013,Omo Detergent 900g,Household,1,"1,790.00",0,Cash
RCPT-100412,TXN100412,18/05/2026,18:50:00,YABA,TILL-02,Ibrahim Musa,,SKU1013,Omo Detergent 900g,Household,4,1540,0,Transfer
RCPT-100813,TXN100813,2026-05-21,14:18:00,Surulere Branch,TILL-01,Tunde Bakare,2 3 4 8 2 6 1 6 2 2 0 5 2,SKU1020,Cerelac Infant Cereal 400g,Baby Products,4,2890,0,POS Card
RCPT-101575,TXN101575,2026-05-06,19:38:00,MiniMart Express - Yaba,TILL-02,Blessing Nwosu,07806700985,SKU1019,Titus Sardine 125g,Canned Foods,-1,,0,pos
RCPT-100373,TXN100373,2026-05-18,18:14:00,Surulere Branch,TILL-01,Emeka Obi,,SKU1005,Coca Cola 50cl,Beverages,4,380,0,pos
RCPT-101741,TXN101741,2026-03-17,14:54:00,MiniMart Express - Surulere,TILL-01,Blessing Nwosu,8686685244,SKU1006,Bigi Cola 50cl,Beverages,2,360.00,0,pos
RCPT-102130,TXN102130,2026-04-15,13:05:00,MiniMart Express - Yaba,TILL-02,Chidinma Okafor,2348401744902,SKU1029,Dano Milk Powder 400g,Dairy,1,"3,080.00",0,cash
RCPT-100640,TXN100640,2026-06-02,16:11:00,MiniMart Express - Yaba,TILL-03,Blessing Nwosu,,SKU1014,Dettol Soap 65g,Personal Care,1,350,0,Bank Transfer
RCPT-101761,TXN101761,2026-05-09,12:04:00, Yaba,TILL-02,Segun Adeyemi,2349069163411,SKU1022,Knorr Chicken Cubes (pack),Grains & Staples,5,330,0,Card
RCPT-101507,TXN101507,2026-05-28,09:51:00,MiniMart Express - Surulere,TILL-01,Blessing Nwosu,,SKU1006,Bigi Cola 50cl,Beverages,3,360,0,Transfer
RCPT-102569,TXN102569,2026-04-08,11:59:00,MiniMart Express - Ikeja,TILL-01,Blessing Nwosu,07238062247,SKU1004,DANGOTE SUGAR 1KG ,,3,1340,0,POS
RCPT-100610,TXN100610,2026-03-03,17:33:00,YABA,TILL-02,Chidinma Okafor,,SKU1011,Honeywell Semolina 2kg,GRAINS & STAPLES,2,2170,0,USSD
RCPT-101044,TXN101044,07/02/2026,12:16:00,Yaba Branch,TILL-01,Amaka Eze,,SKU1023,Ariel Detergent 900g,Household,1,1920,0,pos
RCPT-100332,TXN100332,2026-04-13,18:24:00,minimart express-ikeja ,TILL-02,Blessing Nwosu,8 4 1 1 6 6 0 6 1 9,SKU1020,Cerelac Infant Cereal 400g,Baby Products,1,3650,0,Cash
RCPT-100768,TXN100768,2026-06-16,14:50:00,Surulere Branch,TILL-01,Segun Adeyemi,,SKU1024,"Pampers Diapers (pack, medium)",Baby Products,3,"₦5,090.00",0,POS Card
RCPT-100883,TXN100883,2026-03-07,08:56 AM,Surulere Branch,TILL-01,Chidinma Okafor,,SKU1002,peak milk evaporated170g,Dairy,1,720,0,Card
RCPT-102199,TXN102199,2026-06-04,10:50 AM,Surulere Branch,TILL-01,Fatima Bello,7897434646,SKU1012,Kings Vegetable Oil 1L,Grains & Staples,1,"₦2,650.00",0,POS Card
RCPT-100788,TXN100788,2026-07-24,19:23:00,MiniMart Express - Surulere,TILL-01,Segun Adeyemi,,SKU1026,Chivita Juice 1L,Beverages,1,1350,0,Cash
RCPT-100349,TXN100349,2026-07-11,16:31:00,MiniMart Express - Ikeja,TILL-01,Segun Adeyemi,2347099927838,SKU1026,Chivita Juice 1L,Beverages,2,1240,0,Cash
RCPT-102011,TXN102011,2026-03-21,13:23:00,SURULERE,TILL-01,Fatima Bello,0 8 5 3 4 7 6 8 1 4 0,SKU1011,Honeywell Semolina 2kg,Grains & Staples,1,2250,0,Cash
RCPT-102553,TXN102553,21/06/2026,19:02:00,SURULERE,TILL-01,Blessing Nwosu,2347063103866,SKU1018,Maltina 33cl,Beverages,3,490,0,cash
RCPT-102570,TXN102570,30-06-2026,03:42 PM,Ikeja Branch,TILL-01,Blessing Nwosu,,SKU1005,Coca Cola 50cl,Beverages,1,450,0,Bank Transfer
RCPT-101893,TXN101893,2026-03-14,17:33:00,Surulere Branch,TILL-01,Segun Adeyemi,,SKU1018,Maltina 33cl,Beverages,3,480,10,Cash
RCPT-100054,TXN100054,2026-06-19,09:06:00,MiniMart Express - Surulere,TILL-01,Segun Adeyemi,,SKU1023,Ariel Detergent 900g,Household,3,1710,0,pos
RCPT-102129,TXN102129,2026-03-31,10:41:00,YABA,TILL-02,Tunde Bakare,,SKU1005,COCA COLA 50CL,Beverages,1,370,0,Card
RCPT-101139,TXN101139,12/05/2026,10:31:00,Yaba Branch,TILL-02,Segun Adeyemi,,SKU1020,Cerelac Infant Cereal 400g,Baby Products,2,"₦3,450.00",0,ATM Card
RCPT-102563,TXN102563,2026-04-14,16:31:00,minimart express-ikeja ,TILL-01,Blessing Nwosu,+2348843993745,SKU1005,Coca Cola 50cl,Beverages,1,₦430.00,0,Cash
RCPT-100647,TXN100647,04/23/2026,16:13:00,MiniMart Express - Ikeja,TILL-01,Chidinma Okafor,,SKU1020,Cerelac Infant Cereal 400g,Baby Products,4,3070,0,Card
RCPT-101092,TXN101092,2026-06-13,11:14:00,Surulere Branch,TILL-01,Ibrahim Musa,2348893053624,SKU1014,Dettol Soap 65g,Personal Care,1,370,15,Cash
RCPT-102559,TXN102559,2026-04-03,11:11:00,MiniMart Express - Yaba,TILL-01,Amaka Eze,,SKU1008,Milo 400g,Beverages,2,"2,300.00",0,Cash
RCPT-101827,TXN101827,2026-06-26,08:33:00,YABA,TILL-01,Emeka Obi,,SKU1023,Ariel Detergent 900g,Household,1,"₦1,730.00",0,pos
RCPT-101251,TXN101251,2026-04-14,08:15:00,SURULERE,TILL-01,Tunde Bakare,,SKU1021,Bournvita 500g,Beverages,1,2340,5,POS Card
RCPT-101771,TXN101771,2026-06-18,08:58:00,MiniMart Express - Ikeja,TILL-01,Emeka Obi,07641155409,SKU1025,Tom Tom Sweet (pack),SNACKS,1,280,0,cash
RCPT-101284,TXN101284,2026-06-21,12:18:00,MiniMart Express - Yaba,TILL-02,Emeka Obi,,SKU1025,Tom Tom Sweet (pack),Snacks,2,280,0,Card
RCPT-100904,TXN100904,2026-03-04,09:41:00,IKEJA,TILL-02,Emeka Obi,,SKU1004,DANGOTE SUGAR 1KG ,Grains & Staples,1,,0,Cash
RCPT-101725,TXN101725,2026-06-22,11:44:00,minimart express-ikeja ,TILL-02,Ibrahim Musa,,SKU1019,Titus Sardine 125g,,4,₦710.00,10,pos
RCPT-101942,TXN101942,2026-04-27,18:20:00,SURULERE,TILL-01,Segun Adeyemi,08882568969,SKU1022,Knorr Chicken Cubes (pack),Grains & Staples,-1,300,0,Cash
RCPT-102117,TXN102117,2026-05-06,10:19:00,IKEJA,TILL-01,Tunde Bakare,,SKU1003,Golden Morn 500g,Grains & Staples,3,1370,0,Bank Transfer
RCPT-101293,TXN101293,2026-05-14,19:41:00,MiniMart Express - Ikeja,TILL-01,Emeka Obi,,SKU1026,Chivita Juice 1L,Beverages,2,1270,0,POS
RCPT-102458,TXN102458,06/05/2026,08:36:00,MiniMart Express - Surulere,TILL-01,Blessing Nwosu,2349032279796,SKU1017,La Casera 50cl,Beverages,4,330,0,Transfer
RCPT-101489,TXN101489,2026-04-14,21:41:00,Surulere Branch,TILL-01,Segun Adeyemi,,SKU1008,Milo 400g,Beverages,2,"2,040.00",0,pos
RCPT-100458,TXN100458,26/05/2026,19:02:00,IKEJA,TILL-01,Emeka Obi,,SKU1029,Dano Milk Powder 400g,Dairy,1,"₦3,310.00",0,POS Card
RCPT-100219,TXN100219,2026-07-08,14:03:00,Ikeja Branch,TILL-02,Chidinma Okafor,7767787345,SKU1018,Maltina 33cl,BEVERAGES,2,420,0,transfer
RCPT-101110,TXN101110,2026-07-31,17:07:00,Yaba Branch,TILL-01,Fatima Bello,08322180657,SKU1001,Indomie Noodles 70g,Grains & Staples,1,170,0,Transfer
RCPT-100440,TXN100440,2026-05-27,20:18:00,YABA,TILL-02,Chidinma Okafor,,SKU1009,Cowbell Milk Powder 360g,Dairy,3,2050,0,Cash
RCPT-101158,TXN101158,02-04-2026,21:45:00,Ikeja Branch,TILL-01,Ibrahim Musa,8405044063,SKU1019,Titus Sardine 125g,Canned Foods,1,650,0,transfer
RCPT-101339,TXN101339,2026-04-28,16:10:00,MiniMart Express - Surulere,TILL-01,Ibrahim Musa,07439585598,SKU1012,Kings Vegetable Oil 1L,Grains & Staples,1,2440,0,pos
RCPT-100273,TXN100273,2026-06-10,16:04:00,Surulere Branch,TILL-01,Amaka Eze,,SKU1029,Dano Milk Powder 400g,Dairy,1,2690,0,Cash
RCPT-101995,TXN101995,19-06-2026,19:46:00,SURULERE,TILL-01,Fatima Bello,+2347168442132,SKU1024,"Pampers Diapers (pack, medium)",Baby Products,1,"₦4,450.00",0,POS Card
RCPT-102170,TXN102170,2026-06-24,11:23:00,Ikeja Branch,TILL-01,Chidinma Okafor,0 7 9 4 7 5 9 2 0 5 4,SKU1012,Kings Vegetable Oil 1L,Grains & Staples,1,"₦2,880.00",0,Bank Transfer
RCPT-101104,TXN101104,2026-03-24,11:30:00, Yaba,TILL-01,Emeka Obi,,SKU1014,Dettol Soap 65g,Personal Care,5,370,0,POS Card
RCPT-100022,TXN100022,2026-03-12,12:30:00,MiniMart Express - Yaba,TILL-01,Fatima Bello,9077395997,SKU1002,Peak Milk Evaporated 170g,Dairy,1,600.00,0,transfer
RCPT-100294,TXN100294,04/19/2026,15:32:00,MiniMart Express - Ikeja,TILL-02,Chidinma Okafor,,SKU1028,Semovita 2kg,Grains & Staples,1,"1,980.00",0,transfer
RCPT-102167,TXN102167,2026-05-12,20:34:00,Yaba Branch,TILL-03,Chidinma Okafor,,SKU1028,Semovita 2kg,Grains & Staples,2,,0,Cash
RCPT-101801,TXN101801,2026-05-04,10:16:00,SURULERE,TILL-01,Chidinma Okafor,2348033118783,SKU1009,Cowbell Milk Powder 360g,Dairy,3,"1,980.00",0,Cash
RCPT-102091,TXN102091,2026-04-30,10:00:00,minimart express-ikeja ,TILL-01,Segun Adeyemi,,SKU1024,"Pampers Diapers (pack, medium)",Baby Products,1,4820,0,Cash
RCPT-100825,TXN100825,2026-06-25,21:17:00,SURULERE,TILL-01,Blessing Nwosu,7 5 1 8 5 4 1 8 2 7,SKU1019,Titus Sardine 125g,Canned Foods,1,760,0,Bank Transfer
RCPT-101118,TXN101118,2026-04-17,13:17:00,IKEJA,TILL-02,Amaka Eze,,SKU1021,Bournvita 500g,Beverages,2,2260,0,POS Card
RCPT-102513,TXN102513,2026-05-17,09:49:00,Ikeja Branch,TILL-02,Chidinma Okafor,09066090801,SKU1027,Amstel Malta 33cl,Beverages,1,400,0,Bank Transfer
RCPT-101645,TXN101645,2026-04-03,20:05:00,Surulere Branch,TILL-01,Chidinma Okafor,,SKU1018,Maltina 33cl,Beverages,2,470,0,pos
RCPT-102420,TXN102420,2026-07-23,08:38:00,SURULERE,TILL-01,Amaka Eze,08511748966,SKU1016,Eva Water 75cl,Beverages,3,210,0,Card
RCPT-101895,TXN101895,05/22/2026,16:05:00,SURULERE,TILL-01,Emeka Obi,,SKU1009,Cowbell Milk Powder 360g,Dairy,4,"₦1,690.00",0,POS Card
RCPT-100366,TXN100366,2026-03-19,21:59:00,MiniMart Express - Ikeja,TILL-02,Chidinma Okafor,,SKU1006,Bigi Cola 50cl,Beverages,1,360,5,cash
RCPT-101814,TXN101814,2026-04-12,16:05:00,minimart express-ikeja ,TILL-01,Emeka Obi,07762044872,SKU1018,Maltina 33cl,Beverages,1,490,0,POS Card
RCPT-100752,TXN100752,03/06/2026,16:57:00,Ikeja Branch,TILL-01,Emeka Obi,07141361950,SKU1024,"Pampers Diapers (pack, medium)",BABY PRODUCTS,1,"₦4,060.00",0,USSD
RCPT-100703,TXN100703,2026-06-26,07:25:00,YABA,TILL-02,Chidinma Okafor,,SKU1013,Omo Detergent 900g,Household,2,"1,530.00",0,Transfer
RCPT-101235,TXN101235,2026-07-13,11:27:00,MiniMart Express - Ikeja,TILL-01,Chidinma Okafor,,SKU1014,Dettol Soap 65g,Personal Care,2,330,0,Cash
RCPT-100803,TXN100803,03/22/2026,16:59:00,MiniMart Express - Surulere,TILL-01,,,SKU1002,Peak Milk Evaporated 170g,Dairy,3,₦680.00,0,POS Card
RCPT-100280,TXN100280,04/16/2026,15:10:00,MiniMart Express - Ikeja,TILL-02,Tunde Bakare,2347657680763,SKU1004,Dangote Sugar 1kg,Grains & Staples,1,1120,0,CASH
RCPT-101133,TXN101133,2026-05-24,16:02:00,Surulere Branch,TILL-01,Emeka Obi,8616547750,SKU1028,Semovita 2kg,Grains & Staples,1,2070,0,Card
RCPT-100384,TXN100384,06/14/2026,19:05:00, Yaba,TILL-02,Tunde Bakare,09039634736,SKU1018,Maltina 33cl,Beverages,1,420,0,Cash
RCPT-102073,TXN102073,2026-04-03,19:02:00, Yaba,TILL-01,Blessing Nwosu,,SKU1001,indomie noodles 70g,Grains & Staples,1,150,0,transfer
RCPT-100821,TXN100821,12/07/2026,13:16:00,IKEJA,TILL-01,Chidinma Okafor,07737903232,SKU1011,Honeywell Semolina 2kg,Grains & Staples,3,"₦2,350.00",0,Card
RCPT-100047,TXN100047,2026-05-16,14:46:00,Ikeja Branch,TILL-01,Chidinma Okafor,,SKU1012,Kings Vegetable Oil 1L,Grains & Staples,3,,0,pos
RCPT-101158,TXN101158,2026-04-02,21:45:00,IKEJA,TILL-01,Ibrahim Musa,8405044063,SKU1020,Cerelac Infant Cereal 400g,Baby Products,2,3510,0,transfer
RCPT-101108,TXN101108,31-05-2026,17:28:00,IKEJA,TILL-01,Chidinma Okafor,,SKU1029,Dano Milk Powder 400g,Dairy,1,"₦3,160.00",0,POS Card
RCPT-101740,TXN101740,2026-04-01,08:45:00,IKEJA,TILL-02,Fatima Bello,,SKU1020,Cerelac Infant Cereal 400g,Baby Products,2,,0,ussd
RCPT-101689,TXN101689,2026-04-29,08:32:00, Yaba,TILL-03,Fatima Bello,07917232835,SKU1018,Maltina 33cl,Beverages,5,470,0,POS Card
RCPT-102127,TXN102127,21/04/2026,19:16:00,MiniMart Express - Surulere,TILL-01,Segun Adeyemi,,SKU1006,Bigi Cola 50cl,Beverages,2,₦360.00,0,POS Card
RCPT-101973,TXN101973,2026-05-26,12:38:00,Yaba Branch,TILL-03,Tunde Bakare,,SKU1026,Chivita Juice 1L,Beverages,1,1260,0,Bank Transfer
RCPT-101862,TXN101862,05-03-2026,16:12:00,MiniMart Express - Surulere,TILL-01,Amaka Eze,,SKU1012,Kings Vegetable Oil 1L,Grains & Staples,1,2930,15,POS
RCPT-100904,TXN100904,03/04/2026,09:41:00,IKEJA,TILL-02,Emeka Obi,,SKU1014,Dettol Soap 65g,Personal Care,5,320,0,Cash
RCPT-101209,TXN101209,2026-03-01,20:09:00,MiniMart Express - Surulere,TILL-01,Blessing Nwosu,,SKU1022,Knorr Chicken Cubes (pack),Grains & Staples,5,340,0,Cash
RCPT-102278,TXN102278,28/05/2026,13:16:00,minimart express-ikeja ,TILL-02,Fatima Bello,07464241235,SKU1009,Cowbell Milk Powder 360g,Dairy,1,1750,0,USSD
RCPT-101295,TXN101295,2026-03-04,08:39:00,SURULERE,TILL-01,Emeka Obi,2348394546586,SKU1009,Cowbell Milk Powder 360g,Dairy,3,1630,0,CASH
RCPT-100976,TXN100976,05/17/2026,15:01:00,Ikeja Branch,TILL-02,Ibrahim Musa,2348633889843,SKU1002,Peak Milk Evap 170g,Dairy,1,630,0,Bank Transfer
RCPT-100409,TXN100409,2026-03-19,10:31:00,Surulere Branch,TILL-01,Ibrahim Musa,07592340548,SKU1015,Close Up Toothpaste 140ml,Personal Care,1,930,0,ATM Card
RCPT-101362,TXN101362,2026-05-03,19:34:00,Ikeja Branch,TILL-02,Chidinma Okafor,2347875650886,SKU1021,Bournvita 500g,,1,2710,0,POS Card
RCPT-102559,TXN102559,2026-04-03,11:11:00,MiniMart Express - Yaba,TILL-01,Amaka Eze,,SKU1010,Mama Gold Rice 5kg,GRAINS & STAPLES,4,7450,0,Cash
RCPT-100051,TXN100051,2026-04-15,20:20:00, Yaba,TILL-03,Chidinma Okafor,,SKU1027,Amstel Malta 33cl,Beverages,3,440,0,Cash
RCPT-100188,TXN100188,2026-03-03,09:05:00,SURULERE,TILL-01,Segun Adeyemi,,SKU1019,Titus Sardine 125g,Canned Foods,1,650.00,0,ATM Card
RCPT-102249,TXN102249,2026-07-13,09:10:00,SURULERE,TILL-01,Tunde Bakare,+2348382701100,SKU1008,Milo 400g,Beverages,1,2280,0,Cash
RCPT-101290,TXN101290,2026-04-19,13:31:00,Ikeja Branch,TILL-01,Ibrahim Musa,08027227279,SKU1011,Honeywell Semolina 2kg,Grains & Staples,1,"₦2,450.00",0,Cash
RCPT-100988,TXN100988,03/23/2026,08:00:00,Surulere Branch,TILL-01,Emeka Obi,8827332193,SKU1009,Cowbell Milk Powder 360g,Dairy,4,1870,0,POS Card
RCPT-102172,TXN102172,15/04/2026,17:29:00,MiniMart Express - Ikeja,TILL-02,Amaka Eze,,SKU1021,Bournvita 500g,Beverages,2,"₦2,410.00",0,Bank Transfer
RCPT-101954,TXN101954,2026-03-13,20:49:00,Surulere Branch,TILL-01,Segun Adeyemi,7564413806,SKU1005,Coca Cola 50cl,Beverages,4,450,0,Cash
RCPT-100140,TXN100140,2026-06-01,09:37:00,SURULERE,TILL-01,Blessing Nwosu,,SKU1010,Mama Gold Rice 5kg,Grains & Staples,1,"6,210.00",0,Cash
RCPT-100185,TXN100185,18-04-2026,07:40:00,Surulere Branch,TILL-01,Fatima Bello,+2349086405343,SKU1022,Knorr Chicken Cubes (pack),Grains & Staples,1,270,0,Transfer
RCPT-100380,TXN100380,2026-06-17,11:04:00,YABA,TILL-03,Fatima Bello,,SKU1023,Ariel Detergent 900g,Household,3,"₦1,580.00",0,ATM Card
RCPT-101142,TXN101142,01-03-2026,21:48:00,IKEJA,TILL-01,Segun Adeyemi,+2348466700339,SKU1004,Dangote sugar 1Kg,Grains & Staples,4,"1,200.00",0,CASH
RCPT-101734,TXN101734,2026-04-25,10:26:00,MiniMart Express - Surulere,TILL-01,Chidinma Okafor,,SKU1009,Cowbell Milk Powder 360g,Dairy,2,1960,0,POS Card
RCPT-102509,TXN102509,2026-04-14,06:53 PM,SURULERE,TILL-01,Blessing Nwosu,+2348501381572,SKU1007,Gala Sausage Roll,Snacks,2,280,0,Transfer
RCPT-102359,TXN102359,2026-04-28,18:15:00,YABA,TILL-02,Fatima Bello,,SKU1027,Amstel Malta 33cl,Beverages,1,370,0,USSD
RCPT-102088,TXN102088,2026-06-02,10:23 AM,MiniMart Express - Ikeja,TILL-02,Segun Adeyemi,2348046253825,SKU1014,Dettol Soap 65g,Personal Care,1,340,0,Cash
RCPT-100483,TXN100483,04/13/2026,19:25:00,Surulere Branch,TILL-01,Tunde Bakare,,SKU1005,Coca-Cola 50cl,Beverages,3,460,0,Cash
RCPT-102429,TXN102429,05/11/2026,12:21:00, Yaba,TILL-01,Fatima Bello,,SKU1029,Dano Milk Powder 400g,Dairy,1,3260,15,ATM Card
RCPT-101877,TXN101877,2026-07-21,21:25:00, Yaba,TILL-03,Amaka Eze,2347138977142,SKU1015,Close Up Toothpaste 140ml,Personal Care,1,890,0,transfer
RCPT-100572,TXN100572,03/22/2026,19:39:00,MiniMart Express - Yaba,TILL-03,Chidinma Okafor,,SKU1025,Tom Tom Sweet (pack),Snacks,1,330,0,Cash
RCPT-101732,TXN101732,2026-07-09,15:52:00,Surulere Branch,TILL-01,Chidinma Okafor,,SKU1017,La Casera 50cl,Beverages,1,320.00,0,Bank Transfer
RCPT-101362,TXN101362,2026-05-03,19:34:00,IKEJA,TILL-02,Chidinma Okafor,2347875650886,SKU1025,Tom Tom Sweet (pack),,1,330,0,POS Card
RCPT-100503,TXN100503,26-07-2026,17:25:00,Surulere Branch,TILL-01,Blessing Nwosu,,SKU1028,Semovita 2kg,Grains & Staples,4,"2,190.00",0,Bank Transfer
RCPT-100784,TXN100784,06/24/2026,13:42:00,Surulere Branch,TILL-01,Chidinma Okafor,,SKU1001,indomie noodles 70g,Grains & Staples,2,₦140.00,0,Cash
RCPT-100306,TXN100306,2026-06-05,07:25 PM,minimart express-ikeja ,TILL-02,Tunde Bakare,,SKU1019,Titus Sardine 125g,Canned Foods,2,700,0,Cash
RCPT-100182,TXN100182,2026-07-02,08:23:00,SURULERE,TILL-01,Blessing Nwosu,,SKU1020,Cerelac Infant Cereal 400g,Baby Products,2,3040,15,Cash
RCPT-100279,TXN100279,2026-03-13,15:03:00,MiniMart Express - Surulere,TILL-01,Segun Adeyemi,2347984158126,SKU1024,"Pampers Diapers (pack, medium)",Baby Products,1,4690,0,Cash
RCPT-102253,TXN102253,2026-06-28,16:18:00,MiniMart Express - Yaba,TILL-02,Tunde Bakare,,SKU1021,Bournvita 500g,Beverages,1,2680,0,Card
RCPT-100509,TXN100509,30-07-2026,10:41:00,YABA,TILL-02,Amaka Eze,+2347227233246,SKU1018,Maltina 33cl,Beverages,1,₦460.00,0,pos
RCPT-101815,TXN101815,2026-04-29,12:27:00,YABA,TILL-03,Amaka Eze,7426468796,SKU1024,"Pampers Diapers (pack, medium)",Baby Products,1,"4,920.00",0,Cash
RCPT-102242,TXN102242,2026-06-17,12:50:00,Yaba Branch,TILL-03,Blessing Nwosu,,SKU1014,Dettol Soap 65g,Personal Care,3,380,0,Bank Transfer
RCPT-100073,TXN100073,2026-06-27,15:40:00,Ikeja Branch,TILL-02,Segun Adeyemi,08741512765,SKU1028,Semovita 2kg,Grains & Staples,2,2040,0,Card
RCPT-101538,TXN101538,04/06/2026,17:35:00,Surulere Branch,TILL-01,Segun Adeyemi,,SKU1029,Dano Milk Powder 400g,Dairy,2,3170,0,POS Card
RCPT-101377,TXN101377,2026-06-15,10:33:00,MiniMart Express - Yaba,TILL-01,Segun Adeyemi,,SKU1021,Bournvita 500g,Beverages,3,2560,0,pos
RCPT-100347,TXN100347,2026-03-04,12:00:00,IKEJA,TILL-02,Amaka Eze,,SKU1008,Milo 400g,Beverages,2,2130,15,Cash
RCPT-102208,TXN102208,03/24/2026,19:52:00,SURULERE,TILL-01,Fatima Bello,,SKU1007,Gala Sausage Roll,Snacks,1,,0,Bank Transfer
RCPT-102012,TXN102012,05/06/2026,20:11:00, Yaba,TILL-03,Blessing Nwosu,,SKU1003,Golden Morn 500g,Grains & Staples,2,1570,0,USSD
RCPT-102274,TXN102274,2026-05-08,19:47:00,Ikeja Branch,TILL-01,Emeka Obi,,SKU1013,Omo Detergent 900g,Household,3,1470,0,CASH
RCPT-100855,TXN100855,2026-03-22,19:54:00,MiniMart Express - Surulere,TILL-01,Segun Adeyemi,,SKU1025,Tom Tom Sweet (pack),Snacks,3,340,0,Card
RCPT-100116,TXN100116,2026-05-24,19:59:00,IKEJA,TILL-01,Ibrahim Musa,08211596568,SKU1018,Maltina 33cl,Beverages,3,₦470.00,0,Card
RCPT-101741,TXN101741,2026-03-17,14:54:00,MiniMart Express - Surulere,TILL-01,Blessing Nwosu,8686685244,SKU1004,Dangote sugar 1Kg,Grains & Staples,2,"₦1,200.00",0,pos
RCPT-100195,TXN100195,2026-07-30,17:56:00,IKEJA,TILL-01,Ibrahim Musa,2348318641031,SKU1004,Dangote sugar 1Kg,Grains & Staples,1,1260,5,cash
RCPT-100845,TXN100845,2026-04-04,18:04:00,Yaba Branch,TILL-02,Tunde Bakare,,SKU1012,Kings Vegetable Oil 1L,Grains & Staples,3,2930,0,Cash
RCPT-102423,TXN102423,2026-04-01,17:05:00,MiniMart Express - Ikeja,TILL-02,Blessing Nwosu,,SKU1023,Ariel Detergent 900g,Household,2,1760,10,USSD
RCPT-102131,TXN102131,03/07/2026,11:01:00,MiniMart Express - Ikeja,TILL-01,Fatima Bello,2348618222847,SKU1002,peak milk evaporated170g,Dairy,4,680,0,ATM Card
RCPT-102558,TXN102558,2026-03-26,08:54:00,Yaba Branch,TILL-02,Ibrahim Musa,,SKU1025,Tom Tom Sweet (pack),Snacks,1,₦330.00,0,POS Card
RCPT-102076,TXN102076,2026-05-08,18:27:00, Yaba,TILL-03,Chidinma Okafor,2348106727174,SKU1024,"Pampers Diapers (pack, medium)",Baby Products,4,4830,0,cash
RCPT-101305,TXN101305,2026-04-11,11:26 AM,Yaba Branch,TILL-01,Segun Adeyemi,0 8 1 8 3 0 0 2 2 8 3,SKU1023,Ariel Detergent 900g,Household,4,"₦1,790.00",0,Bank Transfer
RCPT-102261,TXN102261,2026-03-03,09:46:00,YABA,TILL-02,Tunde Bakare,08263807354,SKU1030,Nasco Cornflakes 500g,Grains & Staples,1,1870,0,Bank Transfer
RCPT-101468,TXN101468,14/03/2026,15:54:00,MiniMart Express - Ikeja,TILL-01,Ibrahim Musa,+2348609337922,SKU1024,"Pampers Diapers (pack, medium)",Baby Products,2,4960,0,POS Card
RCPT-100642,TXN100642,2026-07-25,16:40:00,IKEJA,TILL-01,Ibrahim Musa,,SKU1004,DANGOTE SUGAR 1KG ,Grains & Staples,2,1360,0,Transfer
RCPT-102051,TXN102051,2026-03-22,08:00:00,minimart express-ikeja ,TILL-01,Ibrahim Musa,2348568751603,SKU1025,Tom Tom Sweet (pack),Snacks,1,330,0,ussd
RCPT-100006,TXN100006,22/04/2026,17:20:00,Surulere Branch,TILL-01,Blessing Nwosu,,SKU1015,Close Up Toothpaste 140ml,Personal Care,3,"₦1,020.00",0,POS Card
RCPT-101117,TXN101117,2026-05-15,11:26:00,IKEJA,TILL-02,Tunde Bakare,,SKU1009,Cowbell Milk Powder 360g,Dairy,2,1680,0,Card
RCPT-102414,TXN102414,20-05-2026,17:02:00, Yaba,TILL-03,Ibrahim Musa,,SKU1007,Gala Sausage Roll,Snacks,2,₦280.00,0,Bank Transfer
RCPT-102568,TXN102568,03/22/2026,10:52:00,IKEJA,TILL-01,Fatima Bello,,SKU1015,Close Up Toothpaste 140ml,Personal Care,2,910.00,0,Cash
RCPT-101096,TXN101096,2026-03-30,11:08:00,YABA,TILL-03,Ibrahim Musa,9039202550,SKU1020,Cerelac Infant Cereal 400g,Baby Products,1,2980,0,Bank Transfer
RCPT-102450,TXN102450,2026-04-01,10:14 AM,minimart express-ikeja ,TILL-02,Emeka Obi,,SKU1030,Nasco Cornflakes 500g,,1,"₦1,720.00",0,Transfer
RCPT-100828,TXN100828,10/06/2026,19:29:00,MiniMart Express - Ikeja,TILL-01,Fatima Bello,,SKU1004,DANGOTE SUGAR 1KG ,Grains & Staples,1,"1,360.00",0,pos
RCPT-100516,TXN100516,2026-05-10,17:24:00,MiniMart Express - Ikeja,TILL-01,Blessing Nwosu,07145280631,SKU1024,"Pampers Diapers (pack, medium)",Baby Products,5,,0,transfer
RCPT-101621,TXN101621,2026-07-08,16:55:00,MiniMart Express - Surulere,TILL-01,Ibrahim Musa,07291360798,SKU1018,Maltina 33cl,Beverages,3,470.00,0,POS
RCPT-100693,TXN100693,2026-07-28,17:40:00,MiniMart Express - Surulere,TILL-01,Chidinma Okafor,,SKU1002,Peak Milk Evaporated 170g,Dairy,1,590.00,0,Bank Transfer
RCPT-102494,TXN102494,2026-05-17,19:05:00,Ikeja Branch,TILL-02,Ibrahim Musa,+2347619086415,SKU1006,Bigi Cola 50cl,Beverages,1,330,0,POS Card
RCPT-100354,TXN100354,2026-04-18,19:08:00,Surulere Branch,TILL-01,Amaka Eze,,SKU1021,Bournvita 500g,Beverages,2,2610,0,Cash
RCPT-101666,TXN101666,11/05/2026,15:13:00,SURULERE,TILL-01,Tunde Bakare,,SKU1013,Omo Detergent 900g,Household,1,1630,0,transfer
RCPT-100512,TXN100512,11-07-2026,18:55:00,YABA,TILL-03,Fatima Bello,,SKU1023,Ariel Detergent 900g,Household,1,1860,0,ussd
RCPT-102420,TXN102420,23-07-2026,08:38:00,MiniMart Express - Surulere,TILL-01,Amaka Eze,08511748966,SKU1025,Tom Tom Sweet (pack),Snacks,4,340,0,Card
RCPT-101925,TXN101925,2026-06-19,13:27:00,MiniMart Express - Yaba,TILL-01,Emeka Obi,,SKU1010,Mama Gold Rice5kg,Grains & Staples,2,6980,0,Card
RCPT-102377,TXN102377,2026-05-20,16:38:00,Surulere Branch,TILL-01,Segun Adeyemi,07828005804,SKU1017,La Casera 50cl,Beverages,154,₦360.00,0,POS Card
RCPT-101442,TXN101442,2026-03-20,10:32:00,SURULERE,TILL-01,Fatima Bello,,SKU1023,Ariel Detergent 900g,Household,3,1650,0,Transfer
RCPT-101049,TXN101049,28-06-2026,09:24:00,MiniMart Express - Yaba,TILL-01,Ibrahim Musa,,SKU1027,Amstel Malta 33cl,Beverages,2,370,0,CASH
RCPT-101256,TXN101256,2026-04-01,07:34:00,MiniMart Express - Ikeja,TILL-02,Blessing Nwosu,,SKU1005,COCA COLA 50CL,Beverages,1,,0,Bank Transfer
RCPT-101808,TXN101808,2026-07-20,18:52:00,MiniMart Express - Surulere,TILL-01,Amaka Eze,+2348293700550,SKU1012,Kings Vegetable Oil 1L,Grains & Staples,2,"2,400.00",0,Bank Transfer
RCPT-102205,TXN102205,2026-07-19,14:05:00,SURULERE,TILL-01,Tunde Bakare,,SKU1014,Dettol Soap 65g,Personal Care,3,380.00,0,Card
RCPT-102002,TXN102002,2026-07-23,17:37:00,YABA,TILL-01,Fatima Bello,,SKU1020,Cerelac Infant Cereal 400g,Baby Products,4,"₦3,390.00",0,POS
RCPT-101359,TXN101359,2026-07-25,17:27:00,minimart express-ikeja ,TILL-01,Amaka Eze,,SKU1012,Kings Vegetable Oil 1L,,3,2720,0,ussd
RCPT-100193,TXN100193,2026-05-11,18:55:00,MiniMart Express - Surulere,TILL-01,Ibrahim Musa,,SKU1007,Gala Sausage Roll,Snacks,2,,0,Bank Transfer
RCPT-100475,TXN100475,2026-03-23,11:36:00,MiniMart Express - Ikeja,TILL-01,Blessing Nwosu,,SKU1023,Ariel Detergent 900g,Household,2,1580,0,Cash
RCPT-101909,TXN101909,2026-06-23,19:09:00,minimart express-ikeja ,TILL-02,Segun Adeyemi,,SKU1012,Kings Vegetable Oil 1L,Grains & Staples,3,2980,0,Cash
RCPT-100596,TXN100596,2026-05-14,14:30:00,MiniMart Express - Ikeja,TILL-02,Fatima Bello,,SKU1016,Eva Water 75cl,Beverages,1,230,0,POS
RCPT-102163,TXN102163,2026-05-24,14:00:00,MiniMart Express - Surulere,TILL-01,Segun Adeyemi,2348718480943,SKU1013,Omo Detergent 900g,Household,2,"1,750.00",0,USSD
RCPT-100243,TXN100243,2026-05-10,16:44:00,Ikeja Branch,TILL-02,Chidinma Okafor,,SKU1001,indomie noodles 70g,Grains & Staples,1,170,0,Cash
RCPT-100929,TXN100929,08-07-2026,08:11 PM,MiniMart Express - Surulere,TILL-01,Segun Adeyemi,+ 2 3 4 7 1 9 1 6 3 5 8 3 5,SKU1009,Cowbell Milk Powder 360g,Dairy,2,1780,0,Transfer
RCPT-101894,TXN101894,2026-04-29,20:15:00,MiniMart Express - Surulere,TILL-01,Tunde Bakare,,SKU1006,Bigi Cola 50cl,Beverages,3,340,0,POS
RCPT-102207,TXN102207,07/06/2026,10:01:00,Ikeja Branch,TILL-01,Tunde Bakare,+2348395758384,SKU1022,Knorr Chicken Cubes (pack),Grains & Staples,2,290,0,Cash
RCPT-101234,TXN101234,2026-04-18,16:29:00,SURULERE,TILL-01,Amaka Eze,7493192171,SKU1020,Cerelac Infant Cereal 400g,Baby Products,4,"₦3,620.00",5,Cash
RCPT-101420,TXN101420,21/03/2026,11:55:00,minimart express-ikeja ,TILL-01,Emeka Obi,,SKU1016,Eva Water 75cl,Beverages,3,190,0,Bank Transfer
RCPT-100043,TXN100043,2026-04-27,20:19:00,minimart express-ikeja ,TILL-02,Blessing Nwosu,8804477544,SKU1004,Dangote sugar 1Kg,Grains & Staples,2,1240,0,POS Card
RCPT-100745,TXN100745,04/24/2026,18:19:00,Surulere Branch,TILL-01,Blessing Nwosu,,SKU1028,Semovita 2kg,Grains & Staples,2,2080,0,Cash
RCPT-101276,TXN101276,05/04/2026,21:53:00,Surulere Branch,TILL-01,Ibrahim Musa,08641903147,SKU1007,Gala Sausage Roll,Snacks,4,240.00,0,USSD
RCPT-100699,TXN100699,16-05-2026,12:44:00,MiniMart Express - Ikeja,TILL-01,Emeka Obi,0 8 1 4 2 3 2 5 9 1 0,SKU1022,Knorr Chicken Cubes (pack),Grains & Staples,3,330,0,POS Card
RCPT-100026,TXN100026,2026-03-16,13:12:00,Surulere Branch,TILL-01,Segun Adeyemi,08162538024,SKU1026,Chivita Juice 1L,Beverages,1,"1,240.00",0,Card
RCPT-100812,TXN100812,2026-03-17,10:25:00,MiniMart Express - Yaba,TILL-02,Emeka Obi,,SKU1023,Ariel Detergent 900g,Household,4,"₦1,730.00",0,transfer
RCPT-101719,TXN101719,07/25/2026,09:32:00,SURULERE,TILL-01,Emeka Obi,,SKU1009,Cowbell Milk Powder 360g,Dairy,5,1640,0,Bank Transfer
RCPT-101762,TXN101762,2026-07-17,15:13:00,SURULERE,TILL-01,Fatima Bello,,SKU1014,Dettol Soap 65g,Personal Care,1,320,0,ussd
RCPT-100052,TXN100052,29-04-2026,19:21:00,minimart express-ikeja ,TILL-01,Fatima Bello,2 3 4 8 5 7 7 6 5 5 5 7 2,SKU1012,Kings Vegetable Oil 1L,Grains & Staples,1,"2,590.00",0,CASH
RCPT-101769,TXN101769,2026-04-14,09:54:00,minimart express-ikeja ,TILL-02,Amaka Eze,9 0 1 6 5 1 4 2 3 7,SKU1019,Titus Sardine 125g,Canned Foods,5,₦780.00,0,Cash
RCPT-101620,TXN101620,2026-07-21,20:52:00,Yaba Branch,TILL-03,Tunde Bakare,,SKU1024,"Pampers Diapers (pack, medium)",,1,4830,0,transfer
RCPT-101244,TXN101244,2026-05-01,12:44:00,IKEJA,TILL-01,Emeka Obi,,SKU1010,MAMA GOLD RICE 5KG,Grains & Staples,5,7070,0,Transfer
RCPT-100873,TXN100873,2026-05-06,07:04:00,Yaba Branch,TILL-02,Fatima Bello,2348706321605,SKU1029,Dano Milk Powder 400g,Dairy,1,2710,0,Bank Transfer
RCPT-100154,TXN100154,2026-07-23,16:05:00,MiniMart Express - Yaba,TILL-02,Blessing Nwosu,09077177975,SKU1011,Honeywell Semolina 2kg,Grains & Staples,5,"₦2,440.00",0,POS Card
RCPT-100769,TXN100769,10-05-2026,07:24:00,SURULERE,TILL-01,Fatima Bello,7356121915,SKU1006,Bigi Cola 50cl,Beverages,2,350,0,POS Card
RCPT-101781,TXN101781,2026-06-24,10:16:00,Yaba Branch,TILL-02,Fatima Bello,+2347131127290,SKU1021,Bournvita 500g,Beverages,1,"₦2,460.00",0,Cash
RCPT-101361,TXN101361,26/04/2026,10:38:00, Yaba,TILL-03,Ibrahim Musa,+2347164158199,SKU1027,Amstel Malta 33cl,Beverages,2,390,0,Card
RCPT-101508,TXN101508,04/23/2026,16:52:00,SURULERE,TILL-01,Fatima Bello,2347072124792,SKU1022,Knorr Chicken Cubes (pack),Grains & Staples,2,290,0,pos
RCPT-100113,,2026-03-24,11:44:00,MiniMart Express - Surulere,TILL-01,Emeka Obi,+ 2 3 4 8 8 2 3 7 5 1 3 6 3,SKU1017,La Casera 50cl,Beverages,1,390,10,Bank Transfer
RCPT-100185,TXN100185,2026-04-18,07:40:00,Surulere Branch,TILL-01,Fatima Bello,+2349086405343,SKU1011,Honeywell Semolina 2kg,Grains & Staples,1,2240,0,Transfer
RCPT-101094,,2026-06-07,18:16:00,MiniMart Express - Surulere,TILL-01,Amaka Eze,,SKU1006,Bigi Cola 50cl,Beverages,1,₦350.00,0,Transfer
RCPT-100590,TXN100590,28-06-2026,21:21:00,Ikeja Branch,TILL-02,Segun Adeyemi,,SKU1021,Bournvita 500g,Beverages,5,"2,380.00",0,Cash
RCPT-100881,TXN100881,2026-07-03,04:41 PM,YABA,TILL-01,Ibrahim Musa,,SKU1029,Dano Milk Powder 400g,Dairy,1,3200,5,POS Card
RCPT-102018,TXN102018,2026-06-24,15:15:00,Surulere Branch,TILL-01,Amaka Eze,2347208072922,SKU1009,Cowbell Milk Powder 360g,Dairy,2,1780,10,POS Card
RCPT-102217,TXN102217,2026-06-30,09:12:00,IKEJA,TILL-01,Ibrahim Musa,,SKU1011,Honeywell Semolina 2kg,Grains & Staples,2,,0,POS
RCPT-100537,TXN100537,2026-06-07,17:29:00,minimart express-ikeja ,TILL-01,Tunde Bakare,,SKU1013,Omo Detergent 900g,Household,2,,0,Bank Transfer
RCPT-102193,TXN102193,2026-04-23,11:40:00,minimart express-ikeja ,TILL-02,Amaka Eze,,SKU1020,Cerelac Infant Cereal 400g,Baby Products,1,3000,0,ATM Card
RCPT-101095,TXN101095,2026-06-21,17:20:00,MiniMart Express - Surulere,TILL-01,Fatima Bello,07327903772,SKU1022,Knorr Chicken Cubes (pack),Grains & Staples,2,330,0,Bank Transfer
RCPT-101625,TXN101625,2026-03-12,16:44:00,MiniMart Express - Surulere,TILL-01,,,SKU1030,Nasco Cornflakes 500g,Grains & Staples,2,1870,0,POS Card
RCPT-102247,TXN102247,2026-05-27,12:37:00,Yaba Branch,TILL-01,Fatima Bello,+2348305678530,SKU1005,Coke 50cl,Beverages,3,430,0,POS Card
RCPT-102170,TXN102170,06/24/2026,11:23:00,MiniMart Express - Ikeja,TILL-01,Chidinma Okafor,0 7 9 4 7 5 9 2 0 5 4,SKU1019,Titus Sardine 125g,Canned Foods,5,760,0,Bank Transfer
RCPT-102308,TXN102308,2026-07-14,10:17:00,YABA,TILL-02,Fatima Bello,+2348318914475,SKU1013,Omo Detergent 900g,Household,4,1840,0,Transfer
RCPT-100282,TXN100282,22/05/2026,12:09:00,MiniMart Express - Surulere,TILL-01,Amaka Eze,+2348754920197,SKU1028,Semovita 2kg,Grains & Staples,1,"2,240.00",0,POS
RCPT-101584,TXN101584,01/03/2026,12:52:00,SURULERE,TILL-01,Amaka Eze,2347732069111,SKU1025,Tom Tom Sweet (pack),Snacks,5,310,0,Cash
RCPT-101599,TXN101599,2026-05-18,21:32:00,Surulere Branch,TILL-01,Fatima Bello,+ 2 3 4 7 0 8 9 8 5 4 7 6 3,SKU1012,Kings Vegetable Oil 1L,Grains & Staples,2,2720,0,Bank Transfer
RCPT-101768,TXN101768,2026-05-07,13:57:00,Ikeja Branch,TILL-02,Fatima Bello,2348331216265,SKU1018,Maltina 33cl,Beverages,2,420,0,Cash
RCPT-101546,TXN101546,2026-06-16,17:00:00, Yaba,TILL-02,Chidinma Okafor,07094706372,SKU1022,Knorr Chicken Cubes (pack),Grains & Staples,2,300,0,Cash
RCPT-100790,TXN100790,2026-03-01,20:48:00,IKEJA,TILL-02,Chidinma Okafor,,SKU1018,Maltina 33cl,Beverages,3,420,0,USSD
RCPT-100608,TXN100608,2026-05-19,20:19:00, Yaba,TILL-03,Tunde Bakare,8194996732,SKU1017,La Casera 50cl,Beverages,2,400,0,Cash
RCPT-102224,TXN102224,27/03/2026,13:41:00,Yaba Branch,TILL-02,Fatima Bello,,SKU1020,Cerelac Infant Cereal 400g,Baby Products,1,3200,0,Cash
RCPT-101866,TXN101866,2026-07-18,04:51 PM,YABA,TILL-03,Emeka Obi,,SKU1020,Cerelac Infant Cereal 400g,Baby Products,2,2970,0,Cash
RCPT-100226,TXN100226,2026-07-20,13:46:00,Surulere Branch,TILL-01,Tunde Bakare,7739971807,SKU1013,Omo Detergent 900g,Household,3,"₦1,570.00",0,Bank Transfer
RCPT-101166,TXN101166,2026-04-25,17:13:00,YABA,TILL-03,Ibrahim Musa,2 3 4 8 3 0 2 4 3 0 1 2 2,SKU1013,Omo Detergent 900g,Household,2,1820,0,POS Card
RCPT-100481,TXN100481,06/08/2026,14:13:00,MiniMart Express - Yaba,TILL-03,Chidinma Okafor,07526111680,SKU1017,La Casera 50cl,Beverages,1,370,0,Bank Transfer
RCPT-101373,TXN101373,2026-03-12,11:09 AM,Surulere Branch,TILL-01,Blessing Nwosu,,SKU1009,Cowbell Milk Powder 360g,Dairy,2,1850,10,Cash
RCPT-100578,TXN100578,2026-06-23,18:17:00, Yaba,TILL-03,Ibrahim Musa,,SKU1016,Eva Water 75cl,Beverages,4,190,0,Cash
RCPT-100205,TXN100205,2026-06-30,09:29:00,MiniMart Express - Surulere,TILL-01,Ibrahim Musa,,SKU1021,Bournvita 500g,Beverages,1,2630,0,Cash
RCPT-100995,TXN100995,06/14/2026,10:17 AM,MiniMart Express - Yaba,TILL-01,Emeka Obi,2348789714850,SKU1002,peak milk evaporated170g,Dairy,3,740.00,10,pos
RCPT-101914,TXN101914,24-03-2026,09:34:00,SURULERE,TILL-01,Amaka Eze,,SKU1027,Amstel Malta 33cl,Beverages,1,430,0,Transfer
RCPT-100500,TXN100500,2026-04-03,20:17:00,MiniMart Express - Yaba,TILL-03,Chidinma Okafor,,SKU1026,Chivita Juice 1L,Beverages,1,1440,0,ATM Card
RCPT-102473,TXN102473,2026-05-15,12:52:00,Yaba Branch,TILL-01,Tunde Bakare,,SKU1009,Cowbell Milk Powder 360g,,1,1760,0,USSD
RCPT-102417,TXN102417,2026-03-02,13:41:00,YABA,TILL-02,Amaka Eze,+2347201061467,SKU1018,Maltina 33cl,Beverages,3,480,0,Card
RCPT-102246,,2026-07-11,19:09:00,MiniMart Express - Surulere,TILL-01,Blessing Nwosu,,SKU1021,Bournvita 500g,Beverages,2,2630,0,Cash
RCPT-100811,TXN100811,2026-06-16,21:24:00,Ikeja Branch,TILL-01,Emeka Obi,07097496851,SKU1025,Tom Tom Sweet (pack),,1,300,0,pos
RCPT-100346,TXN100346,29-07-2026,15:11:00,MiniMart Express - Surulere,TILL-01,Emeka Obi,,SKU1014,Dettol Soap 65g,Personal Care,2,390,0,Cash
RCPT-101052,TXN101052,06/03/2026,10:16:00,Surulere Branch,TILL-01,Emeka Obi,0 8 1 0 7 3 8 1 3 7 6,SKU1029,Dano Milk Powder 400g,Dairy,2,3170,0,POS Card
RCPT-100944,TXN100944,2026-06-12,16:57:00,MiniMart Express - Surulere,TILL-01,Ibrahim Musa,,SKU1019,Titus Sardine 125g,Canned Foods,4,630,0,Bank Transfer
RCPT-101334,TXN101334,25-07-2026,18:58:00,MiniMart Express - Yaba,TILL-03,Segun Adeyemi,,SKU1013,Omo Detergent 900g,Household,1,1470,15,Card
RCPT-101465,TXN101465,21/04/2026,21:30:00,IKEJA,TILL-01,Emeka Obi,7123927175,SKU1026,Chivita Juice 1L,Beverages,4,1370,0,POS Card
RCPT-101108,TXN101108,2026-05-31,17:28:00,Ikeja Branch,TILL-01,Chidinma Okafor,,SKU1019,Titus Sardine 125g,Canned Foods,1,₦700.00,0,POS Card
RCPT-100836,TXN100836,2026-04-05,11:34:00,MiniMart Express - Yaba,TILL-02,Amaka Eze,,SKU1029,Dano Milk Powder 400g,Dairy,1,"2,630.00",0,transfer
RCPT-100881,TXN100881,07/03/2026,16:41:00,YABA,TILL-01,Ibrahim Musa,,SKU1005,Coca-Cola 50cl,Beverages,1,440,0,POS Card
RCPT-101075,TXN101075,2026-07-15,08:17:00,YABA,TILL-03,Emeka Obi,,SKU1030,Nasco Cornflakes 500g,Grains & Staples,1,1710,0,Cash
RCPT-101904,TXN101904,2026-07-22,11:17:00,MiniMart Express - Yaba,TILL-01,Segun Adeyemi,2348175322192,SKU1012,Kings Vegetable Oil 1L,Grains & Staples,1,2620,0,Transfer
RCPT-100286,TXN100286,2026-05-03,21:42:00,YABA,TILL-03,Blessing Nwosu,+2348132628546,SKU1006,Bigi Cola 50cl,Beverages,1,390,0,POS Card
RCPT-101951,TXN101951,07/24/2026,07:26 AM,MiniMart Express - Ikeja,TILL-02,Fatima Bello,,SKU1002,peak milk evaporated170g,Dairy,1,670,0,ATM Card
RCPT-101366,TXN101366,2026-05-24,12:59:00,MiniMart Express - Surulere,TILL-01,Tunde Bakare,7404681354,SKU1023,Ariel Detergent 900g,Household,1,1990,0,Bank Transfer
RCPT-101112,TXN101112,25-06-2026,07:01 PM,IKEJA,TILL-01,Tunde Bakare,0 8 4 7 4 8 4 5 3 6 9,SKU1029,Dano Milk Powder 400g,Dairy,2,"₦3,290.00",0,POS Card
RCPT-100426,TXN100426,06/25/2026,09:27:00,Yaba Branch,TILL-01,Fatima Bello,+2348982823015,SKU1007,Gala Sausage Roll,Snacks,1,230,0,Cash
RCPT-102383,TXN102383,04/24/2026,07:15:00,Yaba Branch,TILL-03,Emeka Obi,,SKU1018,Maltina 33cl,Beverages,3,460,0,cash
RCPT-102320,TXN102320,03-07-2026,10:30:00,Yaba Branch,TILL-01,Emeka Obi,,SKU1020,Cerelac Infant Cereal 400g,Baby Products,2,3460,5,POS Card
RCPT-102206,TXN102206,2026-05-01,12:30:00,Surulere Branch,TILL-01,Chidinma Okafor,,SKU1030,Nasco Cornflakes 500g,GRAINS & STAPLES,-5,2130,0,Cash
RCPT-100919,TXN100919,2026-07-25,20:14:00,MiniMart Express - Ikeja,TILL-01,Emeka Obi,,SKU1027,Amstel Malta 33cl,Beverages,4,400,0,ATM Card
RCPT-100383,TXN100383,2026-07-02,08:50:00,SURULERE,TILL-01,Chidinma Okafor,,SKU1004,Dangote Sugar 1kg,Grains & Staples,1,1250,0,POS
RCPT-101426,TXN101426,2026-04-20,14:17:00,Yaba Branch,TILL-02,Emeka Obi,,SKU1012,Kings Vegetable Oil 1L,Grains & Staples,2,2880,0,ATM Card
RCPT-101995,TXN101995,19-06-2026,19:46:00,Surulere Branch,TILL-01,Fatima Bello,+2347168442132,SKU1029,Dano Milk Powder 400g,Dairy,2,3040,0,POS Card
RCPT-101595,TXN101595,2026-05-07,20:26:00,Surulere Branch,TILL-01,Ibrahim Musa,,SKU1021,Bournvita 500g,Beverages,1,"2,310.00",0,cash
RCPT-100951,TXN100951,01/03/2026,12:01 PM,SURULERE,TILL-01,Tunde Bakare,,SKU1006,Bigi Cola 50cl,Beverages,3,,0,Cash
RCPT-101579,TXN101579,2026-06-13,14:00:00,IKEJA,TILL-01,Blessing Nwosu,+2348585841996,SKU1028,Semovita 2kg,Grains & Staples,1,2390,0,cash
RCPT-101820,TXN101820,03/31/2026,05:20 PM,Surulere Branch,TILL-01,Chidinma Okafor,2348561586562,SKU1004,Dangote sugar 1Kg,Grains & Staples,4,,0,Cash
RCPT-101753,TXN101753,2026-07-16,07:34:00,YABA,TILL-02,Segun Adeyemi,,SKU1015,Close Up Toothpaste 140ml,Personal Care,2,930,0,POS Card
RCPT-102473,TXN102473,2026-05-15,12:52:00,MiniMart Express - Yaba,TILL-01,Tunde Bakare,,SKU1012,Kings Vegetable Oil 1L,Grains & Staples,1,2590,0,USSD
RCPT-100199,TXN100199,2026-07-04,10:07:00, Yaba,TILL-03,Tunde Bakare,,SKU1003,Golden Morn 500g,Grains & Staples,2,1370,0,USSD
RCPT-102056,TXN102056,02-06-2026,13:40:00,Ikeja Branch,TILL-01,Ibrahim Musa,,SKU1012,Kings Vegetable Oil 1L,Grains & Staples,3,"₦2,980.00",0,Cash
RCPT-102261,TXN102261,2026-03-03,09:46:00,YABA,TILL-02,Tunde Bakare,08263807354,SKU1030,Nasco Cornflakes 500g,Grains & Staples,1,1870,0,Bank Transfer
RCPT-100580,TXN100580,2026-04-06,12:23:00,minimart express-ikeja ,TILL-01,Chidinma Okafor,,SKU1011,Honeywell Semolina 2kg,Grains & Staples,5,2550,0,USSD
RCPT-101476,TXN101476,2026-07-21,11:35:00, Yaba,TILL-01,Ibrahim Musa,07335142398,SKU1002,Peak Milk Evaporated 170g,Dairy,2,₦630.00,0,Cash
RCPT-100165,TXN100165,2026-05-10,18:15:00,Surulere Branch,TILL-01,Chidinma Okafor,+2348488452933,SKU1016,Eva Water 75cl,Beverages,1,₦190.00,0,Card
RCPT-100972,TXN100972,2026-05-17,11:56:00,MiniMart Express - Yaba,TILL-03,Chidinma Okafor,,SKU1027,Amstel Malta 33cl,Beverages,3,₦400.00,0,POS Card
RCPT-100876,TXN100876,31/05/2026,10:01:00,MiniMart Express - Yaba,TILL-03,Chidinma Okafor,,SKU1016,Eva Water 75cl,Beverages,1,190.00,0,Bank Transfer
RCPT-101853,TXN101853,2026-07-06,10:03:00,MiniMart Express - Surulere,TILL-01,Emeka Obi,+2348699597349,SKU1024,"Pampers Diapers (pack, medium)",Baby Products,2,4070,0,Cash
RCPT-100730,TXN100730,2026-05-25,16:59:00,Yaba Branch,TILL-02,Amaka Eze,8191359942,SKU1001,INDOMIE NOODLES 70G,Grains & Staples,1,160,0,ussd
RCPT-102129,TXN102129,2026-03-31,10:41:00,YABA,TILL-02,Tunde Bakare,,SKU1005,COCA COLA 50CL,Beverages,1,370,0,Card
RCPT-102173,TXN102173,2026-04-06,07:07:00,SURULERE,TILL-01,Chidinma Okafor,,SKU1002,Peak Milk Evap 170g,Dairy,1,620.00,0,ATM Card
RCPT-101667,TXN101667,2026-06-17,21:41:00,minimart express-ikeja ,TILL-02,Tunde Bakare,2347203511843,SKU1021,Bournvita 500g,Beverages,1,2410,0,USSD
RCPT-100818,TXN100818,2026-03-27,17:32:00,minimart express-ikeja ,TILL-02,Tunde Bakare,,SKU1024,"Pampers Diapers (pack, medium)",Baby Products,5,4060,5,POS Card
RCPT-100047,TXN100047,16/05/2026,14:46:00,Ikeja Branch,TILL-01,Chidinma Okafor,,SKU1005,COCA COLA 50CL,Beverages,4,390.00,0,pos
RCPT-101195,TXN101195,2026-03-03,10:50:00,SURULERE,TILL-01,Amaka Eze,,SKU1018,Maltina 33cl,Beverages,4,450,0,POS Card
RCPT-101965,TXN101965,19/04/2026,08:18:00,SURULERE,TILL-01,Emeka Obi,,SKU1015,Close Up Toothpaste 140ml,Personal Care,1,1030,0,transfer
RCPT-101978,TXN101978,2026-03-03,19:41:00,MiniMart Express - Yaba,TILL-03,Tunde Bakare,,SKU1022,Knorr Chicken Cubes (pack),Grains & Staples,1,,0,Cash
RCPT-102016,TXN102016,2026-07-18,20:26:00,MiniMart Express - Ikeja,TILL-01,Blessing Nwosu,,SKU1030,Nasco Cornflakes 500g,Grains & Staples,4,1740,0,POS Card
RCPT-101185,TXN101185,2026-07-27,12:30 PM,SURULERE,TILL-01,Segun Adeyemi,,SKU1010,Mama Gold Rice5kg,GRAINS & STAPLES,1,"₦7,090.00",0,POS Card
RCPT-102208,TXN102208,2026-03-24,19:52:00,MiniMart Express - Surulere,TILL-01,Fatima Bello,,SKU1004,DANGOTE SUGAR 1KG ,Grains & Staples,1,"1,140.00",0,Bank Transfer
RCPT-101229,TXN101229,2026-07-09,18:18:00,YABA,TILL-03,Emeka Obi,,SKU1015,Close Up Toothpaste 140ml,Personal Care,3,890,5,CASH
RCPT-102423,TXN102423,04/01/2026,17:05:00,minimart express-ikeja ,TILL-02,Blessing Nwosu,,SKU1025,Tom Tom Sweet (pack),Snacks,3,280,0,USSD
RCPT-101956,TXN101956,2026-05-23,15:47:00,Ikeja Branch,TILL-01,Ibrahim Musa,,SKU1027,Amstel Malta 33cl,Beverages,2,₦410.00,0,cash
RCPT-100761,TXN100761,04/16/2026,11:41:00,Ikeja Branch,TILL-02,Segun Adeyemi,+2348457937827,SKU1020,Cerelac Infant Cereal 400g,BABY PRODUCTS,4,3640,0,Cash
RCPT-102542,TXN102542,29-05-2026,21:42:00,MiniMart Express - Yaba,TILL-02,Emeka Obi,2348741389283,SKU1029,Dano Milk Powder 400g,Dairy,3,2850,0,Cash
RCPT-101969,TXN101969,2026-07-09,20:53:00,SURULERE,TILL-01,Blessing Nwosu,+ 2 3 4 8 8 9 2 9 0 4 8 0 4,SKU1016,Eva Water 75cl,Beverages,3,230,0,POS Card
RCPT-101989,TXN101989,2026-07-12,19:11:00,SURULERE,TILL-01,Tunde Bakare,2347306978439,SKU1022,Knorr Chicken Cubes (pack),Grains & Staples,2,320,0,POS Card
RCPT-101398,TXN101398,2026-06-15,18:37:00,Yaba Branch,TILL-01,Ibrahim Musa,+2348822382057,SKU1006,Bigi Cola 50cl,Beverages,2,370.00,0,pos
RCPT-100861,,06/17/2026,07:17:00,Yaba Branch,TILL-02,Tunde Bakare,,SKU1030,Nasco Cornflakes 500g,Grains & Staples,2,1920,0,USSD
RCPT-100194,TXN100194,17/05/2026,09:42:00,MiniMart Express - Yaba,TILL-02,Segun Adeyemi,,SKU1024,"Pampers Diapers (pack, medium)",Baby Products,4,"₦5,070.00",0,POS
RCPT-102178,TXN102178,2026-04-04,16:37:00,MiniMart Express - Surulere,TILL-01,Blessing Nwosu,09057364497,SKU1016,Eva Water 75cl,Beverages,4,190,0,transfer
RCPT-101625,TXN101625,2026-03-12,16:44:00,SURULERE,TILL-01,Blessing Nwosu,,SKU1008,Milo 400g,Beverages,2,1920,10,POS Card
RCPT-101348,TXN101348,01/07/2026,18:57:00,MiniMart Express - Surulere,TILL-01,Chidinma Okafor,7559191271,SKU1029,Dano Milk Powder 400g,DAIRY,3,2760,0,POS Card
RCPT-101292,TXN101292,2026-05-18,17:23:00, Yaba,TILL-01,Fatima Bello,,SKU1001, Indomie Noodles 70g ,Grains & Staples,3,₦150.00,0,pos
RCPT-101185,TXN101185,2026-07-27,12:30:00,Surulere Branch,TILL-01,Segun Adeyemi,,SKU1018,Maltina 33cl,Beverages,2,430,0,POS Card
RCPT-102556,TXN102556,2026-05-24,12:10:00,Surulere Branch,TILL-01,Chidinma Okafor,,SKU1027,Amstel Malta 33cl,Beverages,1,400,0,Cash
RCPT-100559,TXN100559,2026-03-26,10:27:00,IKEJA,TILL-02,Blessing Nwosu,,SKU1026,Chivita Juice 1L,Beverages,2,1370,5,cash
RCPT-100040,TXN100040,2026-07-10,16:20:00, Yaba,TILL-01,Segun Adeyemi,,SKU1004,Dangote Sugar 1kg,Grains & Staples,1,1100,0,Cash
RCPT-100060,TXN100060,06/10/2026,17:46:00,MiniMart Express - Surulere,TILL-01,Chidinma Okafor,+2347598201300,SKU1019,Titus Sardine 125g,Canned Foods,1,740.00,0,Cash
RCPT-100729,TXN100729,2026-07-17,12:33:00,YABA,TILL-01,Emeka Obi,,SKU1002,peak milk evaporated170g,Dairy,2,₦710.00,10,POS Card
RCPT-100844,TXN100844,2026-07-07,09:13:00,MiniMart Express - Surulere,TILL-01,Blessing Nwosu,7934278458,SKU1012,Kings Vegetable Oil 1L,Grains & Staples,2,2870,0,ussd
RCPT-101944,TXN101944,2026-03-22,13:06:00,MiniMart Express - Yaba,TILL-03,Tunde Bakare,,SKU1010,Mama Gold Rice 5kg,Grains & Staples,1,"₦6,980.00",0,ATM Card
RCPT-100473,TXN100473,2026-05-22,17:34:00,Ikeja Branch,TILL-01,Blessing Nwosu,+2348514025480,SKU1016,Eva Water 75cl,Beverages,3,210,0,POS
RCPT-102140,TXN102140,2026-03-27,17:19:00,Surulere Branch,TILL-01,Segun Adeyemi,08856564373,SKU1001,indomie noodles 70g,Grains & Staples,1,140,0,Cash
RCPT-101994,TXN101994,2026-04-02,08:31:00,MiniMart Express - Ikeja,TILL-01,Ibrahim Musa,08894776807,SKU1004,Dangote sugar 1Kg,Grains & Staples,1,1310,0,Cash
RCPT-100593,TXN100593,03-03-2026,17:58:00,MiniMart Express - Surulere,TILL-01,Ibrahim Musa,,SKU1021,Bournvita 500g,Beverages,3,"2,210.00",0,Bank Transfer
RCPT-101175,TXN101175,2026-05-07,10:22:00,Yaba Branch,TILL-01,Chidinma Okafor,2 3 4 7 1 9 9 7 3 6 5 1 0,SKU1023,Ariel Detergent 900g,Household,1,"1,930.00",0,Transfer
RCPT-100279,TXN100279,2026-03-13,15:03:00,MiniMart Express - Surulere,TILL-01,Segun Adeyemi,2347984158126,SKU1014,Dettol Soap 65g,PERSONAL CARE,1,340,0,Cash
RCPT-101993,TXN101993,02/05/2026,19:06:00,Ikeja Branch,TILL-01,Tunde Bakare,0 7 6 2 5 7 8 0 8 1 1,SKU1016,Eva Water 75cl,Beverages,4,,0,USSD
RCPT-102156,TXN102156,2026-04-17,19:13:00,minimart express-ikeja ,TILL-01,Chidinma Okafor,2348812152060,SKU1013,Omo Detergent 900g,Household,1,1810,0,POS Card
RCPT-102154,TXN102154,2026-06-08,18:40:00, Yaba,TILL-03,Blessing Nwosu,,SKU1029,Dano Milk Powder 400g,Dairy,1,"₦3,000.00",0,POS Card
RCPT-101467,TXN101467,16/03/2026,18:37:00,MiniMart Express - Surulere,TILL-01,Emeka Obi,+2347307002379,SKU1005,COCA COLA 50CL,Beverages,-4,360,0,pos
RCPT-100816,TXN100816,2026-03-06,16:54:00,Surulere Branch,TILL-01,Ibrahim Musa,,SKU1026,Chivita Juice 1L,Beverages,2,"₦1,240.00",0,POS Card
RCPT-102416,TXN102416,2026-04-27,17:03:00,Yaba Branch,TILL-01,Segun Adeyemi,7494251315,SKU1029,Dano Milk Powder 400g,Dairy,1,3100,0,Transfer
RCPT-101240,TXN101240,2026-06-30,18:08:00,MiniMart Express - Surulere,TILL-01,Chidinma Okafor,,SKU1004,Dangote Sugar 1kg,Grains & Staples,1,"1,380.00",0,POS Card
RCPT-101430,TXN101430,2026-07-20,09:59:00,YABA,TILL-01,Fatima Bello,7927923648,SKU1023,Ariel Detergent 900g,Household,1,2010,0,Bank Transfer
RCPT-102032,TXN102032,2026-05-08,18:48:00,Yaba Branch,TILL-01,Fatima Bello,07155612725,SKU1001,indomie noodles 70g,Grains & Staples,1,140,0,ATM Card
RCPT-101461,TXN101461,04/27/2026,19:51:00,Ikeja Branch,TILL-01,Tunde Bakare,,SKU1030,Nasco Cornflakes 500g,Grains & Staples,1,2080,0,Cash
RCPT-102274,TXN102274,08-05-2026,19:47:00,Ikeja Branch,TILL-01,Emeka Obi,,SKU1021,Bournvita 500g,Beverages,3,2580,0,CASH
RCPT-102129,TXN102129,2026-03-31,10:41:00,MiniMart Express - Yaba,TILL-02,Tunde Bakare,,SKU1027,Amstel Malta 33cl,Beverages,4,420.00,5,Card
RCPT-101313,TXN101313,2026-03-31,20:19:00,IKEJA,TILL-02,Blessing Nwosu,,SKU1002,peak milk evaporated170g,Dairy,2,,0,Cash
RCPT-102079,TXN102079,2026-06-11,14:42:00,IKEJA,TILL-02,Chidinma Okafor,2348864006187,SKU1007,Gala Sausage Roll,Snacks,2,290,0,Card
RCPT-101686,TXN101686,2026-05-21,01:03 PM,minimart express-ikeja ,TILL-02,,,SKU1023,Ariel Detergent 900g,Household,1,"₦1,640.00",10,cash
RCPT-100919,TXN100919,2026-07-25,20:14:00,Ikeja Branch,TILL-01,Emeka Obi,,SKU1011,Honeywell Semolina 2kg,Grains & Staples,1,2490,0,ATM Card
RCPT-101159,TXN101159,06/30/2026,11:48:00,IKEJA,TILL-02,Chidinma Okafor,08305813958,SKU1018,Maltina 33cl,Beverages,1,520.00,0,POS Card
RCPT-100551,TXN100551,07/12/2026,09:00:00,minimart express-ikeja ,TILL-01,Emeka Obi,+2347799920353,SKU1011,Honeywell Semolina 2kg,Grains & Staples,4,2600,0,ATM Card
RCPT-102028,TXN102028,2026-06-11,07:43:00,IKEJA,TILL-02,Tunde Bakare,8075384412,SKU1008,Milo 400g,Beverages,2,2160,0,Cash
RCPT-101192,TXN101192,2026-03-01,09:09:00,SURULERE,TILL-01,Emeka Obi,2347216610436,SKU1003,Golden Morn 500g,Grains & Staples,3,1410,15,ussd
RCPT-100141,TXN100141,2026-06-26,20:07:00,Surulere Branch,TILL-01,Fatima Bello,2347049044980,SKU1020,Cerelac Infant Cereal 400g,Baby Products,1,"₦3,290.00",0,POS Card
RCPT-102199,TXN102199,2026-06-04,10:50:00,Surulere Branch,TILL-01,Fatima Bello,7897434646,SKU1001,INDOMIE NOODLES 70G,Grains & Staples,5,160,0,POS Card
RCPT-100131,TXN100131,2026-04-04,14:12:00,Ikeja Branch,TILL-02,Segun Adeyemi,2347694392535,SKU1005,COCA COLA 50CL,Beverages,1,380,0,Bank Transfer
RCPT-102386,TXN102386,2026-06-29,13:27:00,MiniMart Express - Yaba,TILL-01,Ibrahim Musa,8822452236,SKU1009,Cowbell Milk Powder 360g,Dairy,1,"₦2,020.00",0,POS Card
RCPT-100536,TXN100536,06/06/2026,16:30:00,MiniMart Express - Ikeja,TILL-01,Fatima Bello,07017647386,SKU1007,Gala Sausage Roll,,1,230,0,transfer
RCPT-100867,TXN100867,14/04/2026,09:29:00,MiniMart Express - Ikeja,TILL-01,Ibrahim Musa,2 3 4 7 4 4 6 5 0 2 4 8 6,SKU1018,Maltina 33cl,BEVERAGES,3,490,0,CASH
RCPT-101307,TXN101307,2026-04-27,19:14:00,Yaba Branch,TILL-02,Fatima Bello,,SKU1001,Indomie Noodles 70g,Grains & Staples,1,140,0,transfer
RCPT-102464,TXN102464,27-06-2026,15:02:00,Surulere Branch,TILL-01,Fatima Bello,,SKU1026,Chivita Juice 1L,Beverages,2,1380,0,ussd
RCPT-100115,TXN100115,05/06/2026,15:39:00,MiniMart Express - Yaba,TILL-02,Segun Adeyemi,,SKU1024,"Pampers Diapers (pack, medium)",Baby Products,2,4130,0,Cash
RCPT-101327,TXN101327,2026-06-27,12:17:00,MiniMart Express - Ikeja,TILL-02,Fatima Bello,2348651250021,SKU1015,Close Up Toothpaste 140ml,Personal Care,1,910,0,pos
RCPT-102389,TXN102389,19-04-2026,14:15:00,Surulere Branch,TILL-01,Ibrahim Musa,2348287868697,SKU1019,Titus Sardine 125g,Canned Foods,1,800,0,ATM Card
RCPT-100192,TXN100192,05/18/2026,20:41:00,MiniMart Express - Surulere,TILL-01,Ibrahim Musa,,SKU1028,Semovita 2kg,Grains & Staples,1,1960,0,Transfer
RCPT-101227,TXN101227,2026-07-17,18:22:00,minimart express-ikeja ,TILL-02,Ibrahim Musa,,SKU1001,INDOMIE NOODLES 70G,Grains & Staples,2,150.00,0,POS Card
RCPT-101270,TXN101270,2026-04-23,18:40:00,MiniMart Express - Ikeja,TILL-02,Amaka Eze,8862278892,SKU1028,Semovita 2kg,Grains & Staples,2,2110,0,Bank Transfer
RCPT-101319,TXN101319,2026-06-14,15:48:00,Yaba Branch,TILL-02,Ibrahim Musa,+ 2 3 4 7 6 5 2 5 0 6 4 7 4,SKU1028,Semovita 2kg,GRAINS & STAPLES,1,2330,0,Cash
RCPT-102576,TXN102576,21-03-2026,02:15 PM,YABA,TILL-02,Emeka Obi,,SKU1004,Dangote sugar 1Kg,Grains & Staples,2,,0,cash
RCPT-100200,TXN100200,2026-07-06,17:59:00,MiniMart Express - Yaba,TILL-01,Blessing Nwosu,,SKU1026,Chivita Juice 1L,Beverages,4,1430,0,USSD
RCPT-100894,TXN100894,2026-04-16,19:18:00,Surulere Branch,TILL-01,Segun Adeyemi,,SKU1022,Knorr Chicken Cubes (pack),Grains & Staples,2,₦300.00,15,POS Card
RCPT-101179,TXN101179,2026-05-11,11:18:00,YABA,TILL-02,Chidinma Okafor,2348138117876,SKU1015,Close Up Toothpaste 140ml,Personal Care,2,,0,cash
RCPT-101000,TXN101000,2026-05-28,09:53:00,Ikeja Branch,TILL-02,Tunde Bakare,+2347483009285,SKU1018,Maltina 33cl,Beverages,1,440.00,0,POS Card
RCPT-101671,TXN101671,2026-07-25,08:45:00,MiniMart Express - Yaba,TILL-02,Emeka Obi,,SKU1023,Ariel Detergent 900g,Household,1,1590,0,transfer
RCPT-102530,TXN102530,2026-06-28,18:15:00,Surulere Branch,TILL-01,Segun Adeyemi,,SKU1007,Gala Sausage Roll,Snacks,1,240,10,POS Card
RCPT-101078,TXN101078,2026-05-14,08:38:00,SURULERE,TILL-01,Emeka Obi,07142056781,SKU1024,"Pampers Diapers (pack, medium)",Baby Products,3,4090,0,Card
RCPT-102152,TXN102152,2026-03-07,14:28:00,MiniMart Express - Ikeja,TILL-01,Amaka Eze,,SKU1011,Honeywell Semolina 2kg,Grains & Staples,1,"₦2,490.00",0,USSD
RCPT-101773,TXN101773,2026-04-13,11:00:00,YABA,TILL-01,Emeka Obi,,SKU1005,Coke 50cl,Beverages,1,380,0,POS
RCPT-100257,TXN100257,2026-06-05,19:31:00,SURULERE,TILL-01,Segun Adeyemi,08349087498,SKU1003,Golden Morn 500g,Grains & Staples,1,1470,0,POS Card
RCPT-102101,TXN102101,2026-05-09,11:49:00,Ikeja Branch,TILL-02,Chidinma Okafor,,SKU1022,Knorr Chicken Cubes (pack),Grains & Staples,1,290,0,Cash
RCPT-101173,TXN101173,2026-07-22,16:51:00,IKEJA,TILL-02,Emeka Obi,08341252589,SKU1027,Amstel Malta 33cl,Beverages,4,440,0,Bank Transfer
RCPT-102159,TXN102159,2026-03-31,09:11:00,MiniMart Express - Yaba,TILL-02,Blessing Nwosu,7862186337,SKU1023,Ariel Detergent 900g,Household,2,1640,0,USSD
RCPT-100531,TXN100531,31-07-2026,17:42:00,MiniMart Express - Yaba,TILL-01,Fatima Bello,,SKU1012,Kings Vegetable Oil 1L,Grains & Staples,1,2710,0,Cash
RCPT-101492,TXN101492,2026-06-14,17:50:00,Ikeja Branch,TILL-01,Blessing Nwosu,,SKU1019,Titus Sardine 125g,Canned Foods,1,750.00,0,Cash
RCPT-102562,TXN102562,2026-04-04,09:35:00,Yaba Branch,TILL-01,Chidinma Okafor,2347592026490,SKU1005,COCA COLA 50CL,Beverages,2,380,0,Transfer
RCPT-102084,TXN102084,2026-07-08,13:10:00,MiniMart Express - Surulere,TILL-01,Chidinma Okafor,2348009327753,SKU1019,Titus Sardine 125g,Canned Foods,2,,0,Card
RCPT-100949,TXN100949,30/06/2026,15:56:00,minimart express-ikeja ,TILL-02,Segun Adeyemi,,SKU1017,La Casera 50cl,Beverages,4,380,0,POS Card
RCPT-100434,TXN100434,2026-04-21,11:54:00, Yaba,TILL-03,Emeka Obi,2347521614835,SKU1007,Gala Sausage Roll,Snacks,1,270,0,pos
RCPT-101610,TXN101610,01-05-2026,10:13:00,Ikeja Branch,TILL-01,Ibrahim Musa,07092150056,SKU1025,Tom Tom Sweet (pack),Snacks,1,330,0,POS Card
RCPT-101216,TXN101216,2026-04-28,09:11:00,Surulere Branch,TILL-01,Emeka Obi,+2347349069444,SKU1026,Chivita Juice 1L,Beverages,3,1350,0,Cash
RCPT-101891,TXN101891,2026-07-21,20:31:00,MiniMart Express - Surulere,TILL-01,Fatima Bello,+2347295267006,SKU1028,Semovita 2kg,Grains & Staples,3,2140,0,Card
RCPT-101386,TXN101386,2026-03-02,19:33:00,SURULERE,TILL-01,Ibrahim Musa,+2348081831016,SKU1022,Knorr Chicken Cubes (pack),Grains & Staples,1,330,0,POS Card
RCPT-101035,TXN101035,2026-06-21,12:32 PM,SURULERE,TILL-01,Ibrahim Musa,+2349003582502,SKU1014,Dettol Soap 65g,Personal Care,1,320,0,Cash
RCPT-100637,TXN100637,2026-06-24,09:15:00,MiniMart Express - Ikeja,TILL-02,Chidinma Okafor,,SKU1023,Ariel Detergent 900g,Household,1,1700,0,Cash
RCPT-102228,TXN102228,2026-07-22,18:18:00,MiniMart Express - Ikeja,TILL-01,Segun Adeyemi,08895932455,SKU1016,Eva Water 75cl,Beverages,1,190,0,Bank Transfer
RCPT-101633,TXN101633,21/07/2026,16:13:00,YABA,TILL-01,Tunde Bakare,,SKU1016,Eva Water 75cl,Beverages,1,200.00,0,pos
RCPT-100931,TXN100931,2026-07-13,08:22 AM,Ikeja Branch,TILL-02,Chidinma Okafor,,SKU1005,Coca Cola 50cl,Beverages,3,₦360.00,0,transfer
RCPT-101063,TXN101063,2026-05-06,16:56:00, Yaba,TILL-02,Ibrahim Musa,,SKU1014,Dettol Soap 65g,Personal Care,1,380,0,POS Card
RCPT-101475,TXN101475,07/04/2026,11:09 AM,YABA,TILL-01,Fatima Bello,7913232819,SKU1023,Ariel Detergent 900g,Household,1,"₦1,940.00",0,Bank Transfer
RCPT-101328,TXN101328,2026-07-06,07:37:00,Surulere Branch,TILL-01,,,SKU1018,Maltina 33cl,Beverages,2,450,0,Cash
RCPT-102390,TXN102390,2026-07-03,20:07:00,MiniMart Express - Surulere,TILL-01,Blessing Nwosu,,SKU1025,Tom Tom Sweet (pack),Snacks,1,320,0,pos
RCPT-101548,TXN101548,22/07/2026,16:05:00,Surulere Branch,TILL-01,Segun Adeyemi,08305881592,SKU1012,Kings Vegetable Oil 1L,,1,2840,0,CASH
RCPT-102309,TXN102309,2026-04-09,14:42:00,MiniMart Express - Surulere,TILL-01,Chidinma Okafor,+2348466028679,SKU1025,Tom Tom Sweet (pack),Snacks,3,310,0,Cash
RCPT-101910,TXN101910,2026-05-26,10:26:00,MiniMart Express - Ikeja,TILL-02,Emeka Obi,2347806313328,SKU1006,Bigi Cola 50cl,Beverages,1,350,0,Cash
RCPT-101170,TXN101170,11/04/2026,20:54:00,MiniMart Express - Surulere,TILL-01,,08139490514,SKU1021,Bournvita 500g,Beverages,4,2700,0,pos
RCPT-100764,TXN100764,2026-06-04,13:37:00, Yaba,TILL-01,Emeka Obi,,SKU1019,Titus Sardine 125g,Canned Foods,1,660,0,POS Card
RCPT-102489,TXN102489,2026-06-29,19:05:00,SURULERE,TILL-01,Amaka Eze,8681834937,SKU1011,Honeywell Semolina 2kg,Grains & Staples,1,2100,5,ussd
RCPT-102188,TXN102188,2026-07-07,15:44:00,SURULERE,TILL-01,Tunde Bakare,+2348458391651,SKU1016,Eva Water 75cl,Beverages,2,190.00,0,Cash
RCPT-102321,TXN102321,20-03-2026,05:22 PM,MiniMart Express - Yaba,TILL-01,Blessing Nwosu,,SKU1006,Bigi Cola 50cl,Beverages,3,390,0,Cash
RCPT-102494,TXN102494,2026-05-17,19:05:00,Ikeja Branch,TILL-02,Ibrahim Musa,+2347619086415,SKU1013,Omo Detergent 900g,Household,5,1490,0,POS Card
RCPT-100546,TXN100546,2026-04-10,13:42:00,MiniMart Express - Ikeja,TILL-01,Blessing Nwosu,,SKU1018,Maltina 33cl,BEVERAGES,1,510,0,POS Card
RCPT-100740,TXN100740,2026-07-16,13:51:00, Yaba,TILL-01,Ibrahim Musa,,SKU1010,MAMA GOLD RICE 5KG,Grains & Staples,1,7070,0,POS Card
RCPT-100591,TXN100591,05/17/2026,19:23:00,IKEJA,TILL-02,,7 2 5 7 8 5 8 2 6 0,SKU1025,Tom Tom Sweet (pack),Snacks,2,330,0,Bank Transfer
RCPT-100203,TXN100203,2026-07-23,21:30:00,MiniMart Express - Yaba,TILL-01,Chidinma Okafor,,SKU1025,Tom Tom Sweet (pack),Snacks,5,290,0,POS Card
RCPT-100141,TXN100141,26/06/2026,20:07:00,SURULERE,TILL-01,Fatima Bello,2347049044980,SKU1017,La Casera 50cl,BEVERAGES,4,330,0,POS Card
RCPT-101834,TXN101834,2026-05-04,21:44:00,MiniMart Express - Yaba,TILL-03,Tunde Bakare,,SKU1007,Gala Sausage Roll,Snacks,2,230,0,POS
RCPT-101688,TXN101688,02/03/2026,10:45:00,MiniMart Express - Surulere,TILL-01,Emeka Obi,,SKU1026,Chivita Juice 1L,Beverages,1,1400,0,Cash
RCPT-101742,TXN101742,07/05/2026,09:09:00,SURULERE,TILL-01,Emeka Obi,+2348994499565,SKU1024,"Pampers Diapers (pack, medium)",Baby Products,3,"4,910.00",0,POS Card
RCPT-100289,TXN100289,2026-03-04,18:21:00,MiniMart Express - Ikeja,TILL-01,Chidinma Okafor,08582180827,SKU1028,Semovita 2kg,Grains & Staples,2,2040,0,ussd
RCPT-102404,TXN102404,2026-06-21,21:04:00,YABA,TILL-02,,7845889139,SKU1009,Cowbell Milk Powder 360g,Dairy,2,1970,10,transfer
RCPT-100515,TXN100515,2026-03-18,15:40:00,MiniMart Express - Ikeja,TILL-02,Segun Adeyemi,8375151336,SKU1010,Mama Gold Rice5kg,,4,"5,870.00",0,Cash
RCPT-102150,TXN102150,13/07/2026,14:57:00,MiniMart Express - Surulere,TILL-01,Tunde Bakare,2347673550193,SKU1013,Omo Detergent 900g,Household,4,"1,770.00",0,transfer
RCPT-100763,TXN100763,15/07/2026,12:17:00,Surulere Branch,TILL-01,Segun Adeyemi,+2348922443563,SKU1021,Bournvita 500g,Beverages,5,2430,0,transfer
RCPT-100650,TXN100650,2026-07-12,14:59:00,YABA,TILL-03,Chidinma Okafor,8201019707,SKU1002,Peak Milk Evap 170g,Dairy,2,620,0,Transfer
RCPT-102592,TXN102592,2026-05-28,19:31:00,IKEJA,TILL-02,Segun Adeyemi,08537063550,SKU1013,Omo Detergent 900g,Household,5,1800,0,cash
RCPT-100930,TXN100930,31/03/2026,14:57:00,Surulere Branch,TILL-01,Ibrahim Musa,,SKU1023,Ariel Detergent 900g,Household,1,1790,0,POS Card
RCPT-101446,TXN101446,2026-07-01,14:24:00,MiniMart Express - Ikeja,TILL-01,Amaka Eze,07894206363,SKU1015,Close Up Toothpaste 140ml,Personal Care,4,960,0,POS Card
RCPT-100186,TXN100186,19-05-2026,08:34:00, Yaba,TILL-03,Chidinma Okafor,,SKU1012,Kings Vegetable Oil 1L,Grains & Staples,1,"2,980.00",0,POS Card
RCPT-101625,TXN101625,2026-03-12,16:44:00,MiniMart Express - Surulere,TILL-01,Blessing Nwosu,,SKU1025,Tom Tom Sweet (pack),Snacks,3,330,0,POS Card
RCPT-100353,TXN100353,22/05/2026,12:02:00,Ikeja Branch,TILL-01,Chidinma Okafor,,SKU1006,Bigi Cola 50cl,Beverages,1,380.00,0,ATM Card
RCPT-101752,TXN101752,2026-07-10,14:51:00,MiniMart Express - Surulere,TILL-01,Blessing Nwosu,8 2 7 8 8 8 8 4 3 7,SKU1022,Knorr Chicken Cubes (pack),Grains & Staples,4,280,0,Cash
RCPT-100667,TXN100667,27/07/2026,15:58:00,SURULERE,TILL-01,Chidinma Okafor,,SKU1007,Gala Sausage Roll,Snacks,1,260,0,ATM Card
RCPT-102361,TXN102361,2026-05-01,09:05:00,Yaba Branch,TILL-02,Amaka Eze,,SKU1005,Coke 50cl,Beverages,1,₦400.00,0,Transfer
RCPT-102478,TXN102478,2026-07-06,08:53:00,Yaba Branch,TILL-01,Fatima Bello,,SKU1009,Cowbell Milk Powder 360g,Dairy,2,1630,0,cash
RCPT-100703,TXN100703,2026-06-26,07:25 AM,MiniMart Express - Yaba,TILL-02,Chidinma Okafor,,SKU1028,Semovita 2kg,Grains & Staples,3,2050,0,Transfer
RCPT-101265,TXN101265,27/04/2026,18:52:00,SURULERE,TILL-01,Emeka Obi,,SKU1008,Milo 400g,Beverages,1,2000,0,pos
RCPT-101633,TXN101633,2026-07-21,16:13:00, Yaba,TILL-01,Tunde Bakare,,SKU1005,COCA COLA 50CL,Beverages,1,,5,pos
RCPT-102124,TXN102124,2026-03-08,20:46:00,YABA,TILL-02,Fatima Bello,,SKU1018,Maltina 33cl,Beverages,1,510,0,USSD
RCPT-100114,TXN100114,2026-03-10,09:02:00,IKEJA,TILL-01,Segun Adeyemi,2348546007018,SKU1006,Bigi Cola 50cl,Beverages,1,₦350.00,0,Cash
RCPT-100954,TXN100954,10/06/2026,18:46:00,IKEJA,TILL-02,Tunde Bakare,,SKU1006,Bigi Cola 50cl,Beverages,3,350,0,cash
RCPT-102469,TXN102469,31-05-2026,11:09:00,Ikeja Branch,TILL-01,Amaka Eze,,SKU1014,Dettol Soap 65g,Personal Care,2,390,0,transfer
RCPT-101824,TXN101824,2026-04-12,17:00:00,MiniMart Express - Yaba,TILL-01,Tunde Bakare,7737992456,SKU1020,Cerelac Infant Cereal 400g,Baby Products,5,3440,0,Card
RCPT-100150,TXN100150,2026-06-03,10:56:00,IKEJA,TILL-01,Fatima Bello,,SKU1030,Nasco Cornflakes 500g,Grains & Staples,1,"1,820.00",0,transfer
RCPT-101070,TXN101070,2026-05-14,09:49:00,MiniMart Express - Ikeja,TILL-01,Amaka Eze,,SKU1001,indomie noodles 70g,Grains & Staples,1,150,0,Card
RCPT-101450,TXN101450,2026-03-13,17:45:00,MiniMart Express - Surulere,TILL-01,Chidinma Okafor,,SKU1020,Cerelac Infant Cereal 400g,Baby Products,2,3360,0,POS Card
RCPT-101172,TXN101172,05/06/2026,13:43:00,Surulere Branch,TILL-01,Amaka Eze,07307459816,SKU1001, Indomie Noodles 70g ,,2,170,0,ussd
RCPT-101691,TXN101691,2026-03-31,20:02:00,Ikeja Branch,TILL-01,Chidinma Okafor,,SKU1008,Milo 400g,Beverages,4,1910,0,transfer
RCPT-101792,TXN101792,04/06/2026,19:32:00,Surulere Branch,TILL-01,Chidinma Okafor,,SKU1029,Dano Milk Powder 400g,Dairy,2,3270,0,Cash
RCPT-101795,TXN101795,2026-06-15,11:17:00,MiniMart Express - Ikeja,TILL-02,Emeka Obi,2348886316091,SKU1005,Coke 50cl,Beverages,3,380.00,0,POS Card
RCPT-100474,,04/04/2026,13:11:00, Yaba,TILL-03,Emeka Obi,,SKU1005,Coke 50cl,Beverages,2,390,0,pos
RCPT-100072,TXN100072,2026-03-31,21:28:00,Surulere Branch,TILL-01,Amaka Eze,,SKU1014,Dettol Soap 65g,Personal Care,1,370.00,0,ussd
RCPT-100262,TXN100262,2026-06-28,11:23:00,IKEJA,TILL-01,Segun Adeyemi,,SKU1024,"Pampers Diapers (pack, medium)",Baby Products,2,5050,0,Bank Transfer
RCPT-101743,TXN101743,2026-04-29,11:23:00,MiniMart Express - Surulere,TILL-01,Emeka Obi,2348337450128,SKU1006,Bigi Cola 50cl,Beverages,2,390.00,0,POS
RCPT-102276,TXN102276,2026-06-27,12:14:00,minimart express-ikeja ,TILL-02,Chidinma Okafor,,SKU1018,Maltina 33cl,Beverages,3,500,0,ATM Card
RCPT-100035,TXN100035,2026-04-30,13:05:00,MiniMart Express - Yaba,TILL-03,Segun Adeyemi,,SKU1021,Bournvita 500g,Beverages,1,"₦2,740.00",0,Cash
RCPT-101864,TXN101864,2026-05-24,13:27:00,Ikeja Branch,TILL-01,Emeka Obi,07374464328,SKU1005,Coca-Cola 50cl,Beverages,1,420,0,Cash
RCPT-101231,TXN101231,2026-05-07,16:41:00,IKEJA,TILL-01,Tunde Bakare,,SKU1030,Nasco Cornflakes 500g,Grains & Staples,2,2090,0,Transfer
RCPT-102450,TXN102450,2026-04-01,10:14:00,Ikeja Branch,TILL-02,Emeka Obi,,SKU1007,Gala Sausage Roll,Snacks,5,270,0,Transfer
RCPT-102567,TXN102567,2026-03-15,06:00 PM,MiniMart Express - Ikeja,TILL-02,Emeka Obi,,SKU1014,Dettol Soap 65g,Personal Care,3,360,0,Bank Transfer
RCPT-100650,TXN100650,12-07-2026,02:59 PM, Yaba,TILL-03,Chidinma Okafor,8201019707,SKU1016,Eva Water 75cl,Beverages,4,230,15,Transfer
RCPT-100429,TXN100429,2026-06-06,11:37 AM,Ikeja Branch,TILL-02,Tunde Bakare,,SKU1026,Chivita Juice 1L,Beverages,2,1230,0,cash
RCPT-100528,TXN100528,14-06-2026,17:24:00,Surulere Branch,TILL-01,Amaka Eze,+2348458720280,SKU1022,Knorr Chicken Cubes (pack),Grains & Staples,3,290,0,POS Card
RCPT-102066,TXN102066,11-06-2026,09:02:00,MiniMart Express - Ikeja,TILL-02,Amaka Eze,+2348618094577,SKU1008,Milo 400g,Beverages,5,2330,0,Transfer
RCPT-100416,TXN100416,2026-04-23,17:01:00,MiniMart Express - Ikeja,TILL-02,Fatima Bello,,SKU1017,La Casera 50cl,Beverages,1,400,0,ATM Card
RCPT-100114,TXN100114,2026-03-10,09:02:00,MiniMart Express - Ikeja,TILL-01,Segun Adeyemi,2348546007018,SKU1022,Knorr Chicken Cubes (pack),Grains & Staples,2,290.00,15,Cash
RCPT-101962,TXN101962,09-05-2026,18:01:00,IKEJA,TILL-02,Emeka Obi,,SKU1001,INDOMIE NOODLES 70G,GRAINS & STAPLES,1,160.00,0,ussd
RCPT-100859,TXN100859,10/03/2026,15:14:00,MiniMart Express - Surulere,TILL-01,Emeka Obi,,SKU1010,MAMA GOLD RICE 5KG,Grains & Staples,2,,0,Cash
RCPT-101938,TXN101938,2026-04-12,09:38:00, Yaba,TILL-01,Fatima Bello,,SKU1011,Honeywell Semolina 2kg,Grains & Staples,-1,2340,0,Bank Transfer
RCPT-100065,TXN100065,2026-07-17,12:53:00, Yaba,TILL-01,Ibrahim Musa,+2347026620658,SKU1010,Mama Gold Rice 5kg,Grains & Staples,2,"₦6,300.00",0,POS Card
RCPT-101045,TXN101045,04/09/2026,10:36:00,MiniMart Express - Ikeja,TILL-01,Emeka Obi,,SKU1011,Honeywell Semolina 2kg,Grains & Staples,4,2640,0,Bank Transfer
RCPT-102587,TXN102587,2026-07-04,07:44:00,minimart express-ikeja ,TILL-01,Emeka Obi,,SKU1023,Ariel Detergent 900g,Household,1,"1,840.00",0,USSD
RCPT-102092,TXN102092,2026-06-25,19:11:00, Yaba,TILL-02,Ibrahim Musa,2 3 4 8 8 1 6 3 4 5 9 1 0,SKU1011,Honeywell Semolina 2kg,Grains & Staples,1,2560,0,ATM Card
RCPT-100780,TXN100780,2026-07-12,17:30:00,Yaba Branch,TILL-01,Fatima Bello,2348573842237,SKU1001,Indomie Noodles 70g,Grains & Staples,4,150,5,Card
RCPT-101955,TXN101955,05/18/2026,19:15:00,Surulere Branch,TILL-01,Ibrahim Musa,8011759309,SKU1030,Nasco Cornflakes 500g,Grains & Staples,2,2000,0,ATM Card
RCPT-102449,TXN102449,2026-04-05,21:47:00,SURULERE,TILL-01,Ibrahim Musa,+2348257250502,SKU1020,Cerelac Infant Cereal 400g,Baby Products,3,"3,620.00",0,Card
RCPT-100004,TXN100004,2026-06-30,20:10:00,Ikeja Branch,TILL-01,Amaka Eze,,SKU1030,Nasco Cornflakes 500g,Grains & Staples,3,1820,0,Transfer
RCPT-100984,TXN100984,2026-05-24,12:52:00,Surulere Branch,TILL-01,Amaka Eze,8947268157,SKU1027,Amstel Malta 33cl,Beverages,1,450,0,Bank Transfer
RCPT-100974,TXN100974,2026-04-06,10:41:00,IKEJA,TILL-02,Ibrahim Musa,,SKU1023,Ariel Detergent 900g,Household,2,1680,0,USSD
RCPT-101333,TXN101333,2026-04-24,21:17:00,MiniMart Express - Surulere,TILL-01,Chidinma Okafor,07952883415,SKU1024,"Pampers Diapers (pack, medium)",Baby Products,2,4810,0,ussd
RCPT-102089,TXN102089,2026-04-01,08:21:00,minimart express-ikeja ,TILL-02,Tunde Bakare,2348064601428,SKU1007,Gala Sausage Roll,Snacks,1,250,0,POS Card
RCPT-102347,TXN102347,2026-05-14,21:33:00,MiniMart Express - Ikeja,TILL-02,Ibrahim Musa,2348621867033,SKU1003,Golden Morn 500g,Grains & Staples,2,1500,0,Card
RCPT-100452,TXN100452,07/05/2026,05:57 PM,MiniMart Express - Surulere,TILL-01,Emeka Obi,,SKU1006,Bigi Cola 50cl,Beverages,5,330,0,cash
RCPT-101132,TXN101132,2026-05-25,10:10:00,minimart express-ikeja ,TILL-02,Ibrahim Musa,7083190522,SKU1030,Nasco Cornflakes 500g,Grains & Staples,1,"1,850.00",10,POS Card
RCPT-100666,TXN100666,2026-05-14,07:52:00,minimart express-ikeja ,TILL-01,Emeka Obi,07285012736,SKU1008,Milo 400g,Beverages,1,"₦2,100.00",0,Cash
RCPT-102222,TXN102222,2026-04-21,15:28:00,MiniMart Express - Surulere,TILL-01,Blessing Nwosu,,SKU1017,La Casera 50cl,Beverages,1,380,0,Bank Transfer
RCPT-101632,TXN101632,2026-07-06,03:35 PM,Ikeja Branch,TILL-01,Fatima Bello,,SKU1002,Peak Milk Evap 170g,Dairy,2,670,0,POS Card
RCPT-100430,TXN100430,2026-07-18,10:34:00,SURULERE,TILL-01,Chidinma Okafor,+2347919725552,SKU1019,Titus Sardine 125g,Canned Foods,2,680,0,Cash
RCPT-101895,TXN101895,05/22/2026,16:05:00,SURULERE,TILL-01,Emeka Obi,,SKU1025,Tom Tom Sweet (pack),Snacks,3,300,0,POS Card
RCPT-100006,TXN100006,2026-04-22,17:20:00,Surulere Branch,TILL-01,Blessing Nwosu,,SKU1010,MAMA GOLD RICE 5KG,Grains & Staples,-4,"5,970.00",0,POS Card
RCPT-101323,TXN101323,2026-07-02,08:10 PM,Yaba Branch,TILL-01,Blessing Nwosu,2347443105758,SKU1023,Ariel Detergent 900g,HOUSEHOLD,1,1720,10,USSD
RCPT-102070,TXN102070,06/19/2026,14:50:00,Surulere Branch,TILL-01,Segun Adeyemi,,SKU1012,Kings Vegetable Oil 1L,Grains & Staples,1,2440,0,Bank Transfer
RCPT-100288,TXN100288,2026-04-03,20:46:00,Yaba Branch,TILL-03,Segun Adeyemi,,SKU1003,Golden Morn 500g,Grains & Staples,4,"1,310.00",0,Cash
RCPT-100358,TXN100358,2026-06-23,09:21 AM,Ikeja Branch,TILL-01,Chidinma Okafor,08358342329,SKU1010,MAMA GOLD RICE 5KG,Grains & Staples,1,5860,0,Card
RCPT-102014,TXN102014,2026-06-20,17:14:00,YABA,TILL-01,Chidinma Okafor,2 3 4 7 6 8 5 5 9 7 8 4 5,SKU1008,Milo 400g,Beverages,2,"2,360.00",0,USSD
RCPT-101080,TXN101080,10-04-2026,18:59:00,Yaba Branch,TILL-02,Chidinma Okafor,08832403052,SKU1017,La Casera 50cl,,1,390,0,transfer
RCPT-101555,TXN101555,04/04/2026,08:42:00,SURULERE,TILL-01,Fatima Bello,,SKU1011,Honeywell Semolina 2kg,Grains & Staples,1,2630,0,Cash
RCPT-100231,TXN100231,2026-03-11,21:34:00,IKEJA,TILL-01,Chidinma Okafor,,SKU1001,INDOMIE NOODLES 70G,Grains & Staples,5,₦140.00,0,Cash
RCPT-101718,TXN101718,2026-05-08,18:21:00,Ikeja Branch,TILL-02,Tunde Bakare,2348022920377,SKU1011,Honeywell Semolina 2kg,Grains & Staples,1,2310,0,POS Card
RCPT-102001,TXN102001,2026-03-08,21:50:00,MiniMart Express - Surulere,TILL-01,Chidinma Okafor,07511659121,SKU1016,Eva Water 75cl,Beverages,1,230,0,Card
RCPT-102152,TXN102152,2026-03-07,14:28:00,minimart express-ikeja ,TILL-01,Amaka Eze,,SKU1016,Eva Water 75cl,Beverages,3,200,0,USSD
RCPT-101363,TXN101363,05/12/2026,12:47:00,MiniMart Express - Ikeja,TILL-01,Emeka Obi,,SKU1014,Dettol Soap 65g,Personal Care,2,₦370.00,0,POS Card
RCPT-100756,TXN100756,01-04-2026,07:54:00,MiniMart Express - Ikeja,TILL-01,Amaka Eze,,SKU1026,Chivita Juice 1L,Beverages,1,"₦1,300.00",0,POS Card
RCPT-102222,TXN102222,2026-04-21,15:28:00,SURULERE,TILL-01,Blessing Nwosu,,SKU1013,Omo Detergent 900g,Household,4,1490,15,Bank Transfer
RCPT-100184,TXN100184,2026-03-16,11:00:00,Surulere Branch,TILL-01,Chidinma Okafor,+2349021702283,SKU1025,Tom Tom Sweet (pack),Snacks,1,280,0,transfer
RCPT-101583,TXN101583,03-07-2026,06:07 PM,minimart express-ikeja ,TILL-02,Ibrahim Musa,,SKU1006,Bigi Cola 50cl,Beverages,4,320,0,CASH
RCPT-100072,TXN100072,2026-03-31,21:28:00,Surulere Branch,TILL-01,Amaka Eze,,SKU1014,Dettol Soap 65g,Personal Care,1,370.00,0,ussd
RCPT-101505,TXN101505,2026-04-08,12:02:00,MiniMart Express - Yaba,TILL-01,Chidinma Okafor,,SKU1025,Tom Tom Sweet (pack),Snacks,1,,0,Cash
RCPT-100351,TXN100351,2026-03-05,16:48:00,MiniMart Express - Yaba,TILL-03,Segun Adeyemi,,SKU1007,Gala Sausage Roll,,1,260,0,Bank Transfer
RCPT-100137,TXN100137,2026-03-17,20:37:00,YABA,TILL-03,Segun Adeyemi,7221111046,SKU1015,Close Up Toothpaste 140ml,Personal Care,3,920,0,CASH
RCPT-101157,TXN101157,2026-04-01,08:41:00,minimart express-ikeja ,TILL-01,Emeka Obi,,SKU1024,"Pampers Diapers (pack, medium)",Baby Products,1,4970,0,Cash
RCPT-101527,TXN101527,2026-04-14,17:12:00,IKEJA,TILL-01,Tunde Bakare,07366554077,SKU1003,Golden Morn 500g,Grains & Staples,1,1550,0,Cash
RCPT-100091,TXN100091,2026-07-07,07:15:00,IKEJA,TILL-02,Segun Adeyemi,09063782393,SKU1022,Knorr Chicken Cubes (pack),Grains & Staples,4,270.00,0,Cash
RCPT-102390,TXN102390,07/03/2026,20:07:00,MiniMart Express - Surulere,TILL-01,Blessing Nwosu,,SKU1006,Bigi Cola 50cl,Beverages,1,320,0,pos
RCPT-101483,TXN101483,04/07/2026,10:58:00,Yaba Branch,TILL-01,Ibrahim Musa,2347521454132,SKU1021,Bournvita 500g,Beverages,1,2250,0,POS
RCPT-100893,TXN100893,2026-07-21,18:48:00, Yaba,TILL-01,Fatima Bello,2348505036471,SKU1017,La Casera 50cl,Beverages,5,350,5,Cash
RCPT-102003,TXN102003,2026-05-27,15:44:00,Surulere Branch,TILL-01,Ibrahim Musa,08044028672,SKU1019,Titus Sardine 125g,Canned Foods,4,760,0,Bank Transfer
RCPT-102555,TXN102555,2026-05-25,16:23:00,YABA,TILL-02,Ibrahim Musa,+2348646624081,SKU1016,Eva Water 75cl,Beverages,1,210,0,CASH
RCPT-101868,TXN101868,2026-03-25,07:21 PM,Yaba Branch,TILL-03,Amaka Eze,,SKU1017,La Casera 50cl,Beverages,3,350,0,pos
RCPT-100135,TXN100135,22-07-2026,18:42:00,YABA,TILL-01,Ibrahim Musa,,SKU1018,Maltina 33cl,Beverages,2,510.00,0,POS Card
RCPT-102167,TXN102167,12-05-2026,20:34:00,YABA,TILL-03,Chidinma Okafor,,SKU1012,Kings Vegetable Oil 1L,Grains & Staples,3,2880,0,Cash
RCPT-100411,TXN100411,2026-04-17,21:28:00,Yaba Branch,TILL-03,Fatima Bello,,SKU1012,Kings Vegetable Oil 1L,Grains & Staples,2,"2,810.00",0,Transfer
RCPT-100212,TXN100212,12/06/2026,07:34:00, Yaba,TILL-02,Amaka Eze,+ 2 3 4 7 1 0 6 6 6 0 4 6 2,SKU1009,Cowbell Milk Powder 360g,Dairy,1,1790,0,Cash
RCPT-100691,TXN100691,2026-03-19,20:30:00,Ikeja Branch,TILL-01,Emeka Obi,,SKU1005,Coca Cola 50cl,Beverages,-3,450,0,pos
RCPT-100672,TXN100672,28-07-2026,10:20:00,SURULERE,TILL-01,Segun Adeyemi,09087866902,SKU1030,Nasco Cornflakes 500g,Grains & Staples,2,1930,0,transfer
RCPT-101610,TXN101610,2026-05-01,10:13:00,minimart express-ikeja ,TILL-01,Ibrahim Musa,07092150056,SKU1017,La Casera 50cl,Beverages,5,350,0,POS Card
RCPT-102431,TXN102431,2026-04-05,19:51:00,IKEJA,TILL-02,Segun Adeyemi,,SKU1015,Close Up Toothpaste 140ml,Personal Care,2,890,0,ATM Card
RCPT-100151,TXN100151,2026-04-18,13:26:00,Surulere Branch,TILL-01,Blessing Nwosu,2347075868629,SKU1019,Titus Sardine 125g,Canned Foods,2,700.00,0,POS Card
RCPT-100125,TXN100125,06/23/2026,13:20:00,MiniMart Express - Yaba,TILL-01,Blessing Nwosu,+2348741688161,SKU1021,Bournvita 500g,Beverages,4,2560,0,ATM Card
RCPT-101373,TXN101373,2026-03-12,11:09:00,SURULERE,TILL-01,Blessing Nwosu,,SKU1017,La Casera 50cl,Beverages,3,320,0,Cash
RCPT-101618,TXN101618,2026-05-11,09:22:00,Yaba Branch,TILL-03,Ibrahim Musa,+2347383333028,SKU1012,Kings Vegetable Oil 1L,Grains & Staples,1,2860,0,Transfer
RCPT-101864,TXN101864,2026-05-24,13:27:00,MiniMart Express - Ikeja,TILL-01,Emeka Obi,07374464328,SKU1003,Golden Morn 500g,Grains & Staples,4,1380,0,Cash
RCPT-102086,TXN102086,26-03-2026,16:17:00,MiniMart Express - Yaba,TILL-02,Emeka Obi,7389928042,SKU1022,Knorr Chicken Cubes (pack),Grains & Staples,1,330,0,pos
RCPT-102140,TXN102140,2026-03-27,17:19:00,MiniMart Express - Surulere,TILL-01,Segun Adeyemi,08856564373,SKU1022,Knorr Chicken Cubes (pack),Grains & Staples,2,320,0,Cash
RCPT-100825,TXN100825,2026-06-25,21:17:00,Surulere Branch,TILL-01,Blessing Nwosu,7 5 1 8 5 4 1 8 2 7,SKU1015,Close Up Toothpaste 140ml,Personal Care,2,₦980.00,0,Bank Transfer
RCPT-100828,TXN100828,2026-06-10,19:29:00,minimart express-ikeja ,TILL-01,Fatima Bello,,SKU1030,Nasco Cornflakes 500g,Grains & Staples,1,2050,5,pos
RCPT-101053,TXN101053,2026-06-17,06:25 PM,Ikeja Branch,TILL-01,Tunde Bakare,2349025272784,SKU1019,Titus Sardine 125g,Canned Foods,1,660,0,Cash
RCPT-101328,TXN101328,2026-07-06,07:37:00,Surulere Branch,TILL-01,Amaka Eze,,SKU1002,Peak Milk Evap 170g,Dairy,2,720,0,Cash
RCPT-102243,TXN102243,2026-04-28,13:58:00,MiniMart Express - Surulere,TILL-01,Ibrahim Musa,,SKU1012,Kings Vegetable Oil 1L,Grains & Staples,3,"₦2,680.00",0,Bank Transfer
RCPT-102574,TXN102574,2026-03-06,17:25:00, Yaba,TILL-03,Segun Adeyemi,2348211255994,SKU1009,Cowbell Milk Powder 360g,Dairy,2,1670,5,transfer
RCPT-101262,TXN101262,2026-07-05,21:43:00,YABA,TILL-01,Blessing Nwosu,8783566569,SKU1009,Cowbell Milk Powder 360g,Dairy,3,1730,0,Cash
RCPT-101851,TXN101851,05/18/2026,12:46:00,SURULERE,TILL-01,Segun Adeyemi,2348603784695,SKU1015,Close Up Toothpaste 140ml,Personal Care,1,₦940.00,0,POS
RCPT-102347,TXN102347,2026-05-14,21:33:00,Ikeja Branch,TILL-02,Ibrahim Musa,2348621867033,SKU1004,Dangote Sugar 1kg,Grains & Staples,1,1310,0,Card
RCPT-102325,TXN102325,2026-04-07,11:16:00,MiniMart Express - Ikeja,TILL-02,Chidinma Okafor,7942616838,SKU1016,Eva Water 75cl,Beverages,4,180,0,USSD
RCPT-101186,TXN101186,2026-05-23,08:28 AM,MiniMart Express - Surulere,TILL-01,Segun Adeyemi,07885781484,SKU1021,Bournvita 500g,Beverages,2,"₦2,700.00",0,POS
RCPT-101700,TXN101700,2026-05-24,18:29:00,Ikeja Branch,TILL-02,Amaka Eze,2348633486653,SKU1027,Amstel Malta 33cl,Beverages,1,410,0,USSD
RCPT-100071,TXN100071,25-03-2026,07:10:00,Surulere Branch,TILL-01,Ibrahim Musa,+2347208945197,SKU1009,Cowbell Milk Powder 360g,Dairy,2,1810,0,POS Card
RCPT-101821,TXN101821,2026-04-27,06:08 PM,Surulere Branch,TILL-01,Emeka Obi,+2347948995525,SKU1007,Gala Sausage Roll,Snacks,1,250,0,CASH
RCPT-100298,TXN100298,2026-03-13,19:17:00,IKEJA,TILL-01,Chidinma Okafor,7778466878,SKU1012,Kings Vegetable Oil 1L,Grains & Staples,1,2350,0,ussd
RCPT-102365,TXN102365,2026-05-12,17:56:00,MiniMart Express - Surulere,TILL-01,Amaka Eze,,SKU1007,Gala Sausage Roll,Snacks,3,,0,POS Card
RCPT-100248,TXN100248,11-04-2026,13:33:00,YABA,TILL-02,Amaka Eze,2348192386477,SKU1006,Bigi Cola 50cl,Beverages,2,330,0,Cash
RCPT-101286,TXN101286,2026-05-10,21:40:00,MiniMart Express - Surulere,TILL-01,Ibrahim Musa,08722184696,SKU1011,Honeywell Semolina 2kg,Grains & Staples,4,"₦2,490.00",0,POS
RCPT-100971,TXN100971,2026-07-04,20:05:00,SURULERE,TILL-01,Blessing Nwosu,7054648112,SKU1006,Bigi Cola 50cl,Beverages,5,380,0,pos
RCPT-102406,TXN102406,04/22/2026,18:08:00,YABA,TILL-02,Amaka Eze,,SKU1024,"Pampers Diapers (pack, medium)",Baby Products,2,4710,10,USSD
RCPT-100142,TXN100142,2026-04-16,19:24:00,IKEJA,TILL-02,Tunde Bakare,,SKU1025,Tom Tom Sweet (pack),Snacks,1,270,0,pos
RCPT-102522,TXN102522,2026-04-30,12:32:00,SURULERE,TILL-01,Chidinma Okafor,07827032177,SKU1017,La Casera 50cl,Beverages,1,320,0,POS Card
RCPT-102136,TXN102136,2026-05-20,18:21:00,IKEJA,TILL-02,Amaka Eze,,SKU1012,Kings Vegetable Oil 1L,Grains & Staples,2,2890,0,POS Card
RCPT-100781,TXN100781,2026-06-04,20:20:00,IKEJA,TILL-02,Tunde Bakare,,SKU1004,DANGOTE SUGAR 1KG ,Grains & Staples,5,1120,0,pos
RCPT-102197,TXN102197,28/04/2026,07:46:00,MiniMart Express - Ikeja,TILL-02,Segun Adeyemi,,SKU1011,Honeywell Semolina 2kg,Grains & Staples,2,2310,0,cash
RCPT-102569,TXN102569,2026-04-08,11:59:00,IKEJA,TILL-01,Blessing Nwosu,07238062247,SKU1026,Chivita Juice 1L,Beverages,1,1480,0,POS
RCPT-102055,TXN102055,14-05-2026,16:02:00,Yaba Branch,TILL-03,Blessing Nwosu,,SKU1027,Amstel Malta 33cl,BEVERAGES,1,370,5,cash
RCPT-100018,TXN100018,08/04/2026,09:36:00,MiniMart Express - Yaba,TILL-01,Chidinma Okafor,+2347215163953,SKU1020,Cerelac Infant Cereal 400g,Baby Products,3,3120,0,POS Card
RCPT-100296,TXN100296,2026-03-05,15:18:00, Yaba,TILL-03,Fatima Bello,,SKU1003,Golden Morn 500g,Grains & Staples,1,"1,400.00",0,ATM Card
RCPT-101382,TXN101382,2026-03-09,19:15:00,MiniMart Express - Ikeja,TILL-01,Segun Adeyemi,,SKU1006,Bigi Cola 50cl,Beverages,2,350,5,Cash
RCPT-102344,TXN102344,2026-07-23,18:52:00, Yaba,TILL-03,Segun Adeyemi,,SKU1028,Semovita 2kg,Grains & Staples,1,"2,340.00",0,Cash
RCPT-100021,TXN100021,23/03/2026,12:20:00,Surulere Branch,TILL-01,Emeka Obi,,SKU1028,Semovita 2kg,Grains & Staples,421,2140,0,Bank Transfer
RCPT-100955,TXN100955,2026-05-27,13:55:00,MiniMart Express - Surulere,TILL-01,Chidinma Okafor,07809033685,SKU1010,Mama Gold Rice5kg,Grains & Staples,1,7430,10,Card
RCPT-101921,TXN101921,05/29/2026,18:07:00, Yaba,TILL-01,Chidinma Okafor,8246512387,SKU1021,Bournvita 500g,Beverages,1,2530,0,pos
RCPT-100652,TXN100652,06/22/2026,11:21:00,MiniMart Express - Surulere,TILL-01,Segun Adeyemi,,SKU1006,Bigi Cola 50cl,Beverages,1,320,0,Card
RCPT-102412,TXN102412,2026-05-19,11:37:00,MiniMart Express - Ikeja,TILL-02,Fatima Bello,07242757153,SKU1030,Nasco Cornflakes 500g,Grains & Staples,2,"₦2,160.00",0,cash
RCPT-100387,TXN100387,2026-05-24,19:45:00,SURULERE,TILL-01,Amaka Eze,+2348747527429,SKU1023,Ariel Detergent 900g,Household,1,1600,0,Cash
RCPT-100862,TXN100862,2026-06-19,18:53:00,IKEJA,TILL-01,Amaka Eze,,SKU1027,Amstel Malta 33cl,Beverages,1,440,15,pos
RCPT-101979,TXN101979,06/20/2026,17:33:00,Surulere Branch,TILL-01,Emeka Obi,+2348467643221,SKU1024,"Pampers Diapers (pack, medium)",Baby Products,1,"4,530.00",0,Transfer
RCPT-102347,,2026-05-14,21:33:00,minimart express-ikeja ,TILL-02,Ibrahim Musa,2348621867033,SKU1012,Kings Vegetable Oil 1L,Grains & Staples,2,2390,0,Card
RCPT-100033,TXN100033,2026-04-12,18:02:00,IKEJA,TILL-01,Amaka Eze,,SKU1015,Close Up Toothpaste 140ml,Personal Care,2,990,0,Bank Transfer
RCPT-100876,TXN100876,2026-05-31,10:01:00,MiniMart Express - Yaba,TILL-03,Chidinma Okafor,,SKU1020,Cerelac Infant Cereal 400g,Baby Products,1,3400,15,Bank Transfer
RCPT-102095,TXN102095,2026-04-10,19:59:00,IKEJA,TILL-02,Tunde Bakare,,SKU1004,Dangote sugar 1Kg,Grains & Staples,2,1120,0,pos
RCPT-101750,TXN101750,2026-06-17,10:36:00,Ikeja Branch,TILL-02,Chidinma Okafor,8511460719,SKU1024,"Pampers Diapers (pack, medium)",,1,"4,320.00",0,Transfer
RCPT-101067,TXN101067,2026-04-29,16:37:00,Yaba Branch,TILL-02,Fatima Bello,,SKU1004,Dangote sugar 1Kg,Grains & Staples,1,1320,0,cash
RCPT-100996,TXN100996,2026-05-14,12:38:00,Yaba Branch,TILL-01,Amaka Eze,8468896929,SKU1006,Bigi Cola 50cl,Beverages,1,330.00,0,Cash
RCPT-101435,TXN101435,23/04/2026,17:44:00,Surulere Branch,TILL-01,Blessing Nwosu,+2348668176372,SKU1004,Dangote Sugar 1kg,Grains & Staples,1,,0,pos
RCPT-101155,TXN101155,2026-03-18,13:16:00,MiniMart Express - Yaba,TILL-01,Amaka Eze,7842554298,SKU1003,Golden Morn 500g,Grains & Staples,1,1530,0,Bank Transfer
RCPT-102535,TXN102535,2026-06-02,17:02:00,Yaba Branch,TILL-02,Chidinma Okafor,,SKU1004,DANGOTE SUGAR 1KG ,Grains & Staples,1,,0,transfer
RCPT-101728,TXN101728,2026-06-12,11:28:00,Yaba Branch,TILL-03,Amaka Eze,8739336737,SKU1004,Dangote Sugar 1kg,Grains & Staples,4,1260,0,Cash
RCPT-102148,TXN102148,2026-06-14,10:46:00,MiniMart Express - Yaba,TILL-03,Blessing Nwosu,,SKU1019,Titus Sardine 125g,Canned Foods,1,650,0,POS
RCPT-102483,TXN102483,2026-04-22,16:21:00,IKEJA,TILL-02,Blessing Nwosu,,SKU1002,Peak Milk Evaporated 170g,Dairy,3,670,0,ussd
RCPT-100402,TXN100402,2026-03-27,21:43:00,SURULERE,TILL-01,Ibrahim Musa,+2347079961682,SKU1005,Coca Cola 50cl,Beverages,3,420.00,0,pos
RCPT-101871,TXN101871,2026-03-23,18:47:00,Surulere Branch,TILL-01,Segun Adeyemi,+2347429977814,SKU1022,Knorr Chicken Cubes (pack),Grains & Staples,2,290,0,POS Card
RCPT-102559,TXN102559,2026-04-03,11:11:00,Yaba Branch,TILL-01,Amaka Eze,,SKU1020,Cerelac Infant Cereal 400g,Baby Products,1,3620,0,Cash
RCPT-100097,TXN100097,2026-04-04,21:54:00,IKEJA,TILL-02,Emeka Obi,8366297024,SKU1013,Omo Detergent 900g,Household,2,,0,POS
RCPT-102413,TXN102413,2026-06-14,15:50:00, Yaba,TILL-02,Blessing Nwosu,,SKU1013,Omo Detergent 900g,Household,1,1450,0,transfer
RCPT-102446,TXN102446,2026-04-04,11:35:00,YABA,TILL-03,Tunde Bakare,,SKU1019,Titus Sardine 125g,Canned Foods,2,630,0,Cash
RCPT-100584,TXN100584,11/05/2026,14:37:00,SURULERE,TILL-01,Chidinma Okafor,,SKU1020,Cerelac Infant Cereal 400g,Baby Products,3,3590,0,Bank Transfer
RCPT-101345,TXN101345,2026-03-30,17:21:00,IKEJA,TILL-02,Emeka Obi,2347661333185,SKU1014,Dettol Soap 65g,,4,₦340.00,0,Bank Transfer
RCPT-102580,TXN102580,2026-05-03,07:19:00,YABA,TILL-03,,08193899180,SKU1013,Omo Detergent 900g,Household,2,"1,530.00",0,pos
RCPT-101052,TXN101052,2026-03-06,10:16:00,Surulere Branch,TILL-01,Emeka Obi,0 8 1 0 7 3 8 1 3 7 6,SKU1020,Cerelac Infant Cereal 400g,Baby Products,1,3150,15,POS Card
RCPT-102143,TXN102143,01-04-2026,19:00:00,MiniMart Express - Ikeja,TILL-02,Emeka Obi,8568887739,SKU1022,Knorr Chicken Cubes (pack),Grains & Staples,1,280.00,0,POS
RCPT-101106,TXN101106,2026-03-29,17:41:00,MiniMart Express - Surulere,TILL-01,Blessing Nwosu,8537528706,SKU1021,Bournvita 500g,Beverages,2,2760,0,ATM Card
RCPT-102015,TXN102015,2026-06-13,16:07:00,Yaba Branch,TILL-02,Blessing Nwosu,,SKU1008,Milo 400g,Beverages,1,2050,10,POS Card
RCPT-102272,TXN102272,29/05/2026,18:10:00,Yaba Branch,TILL-01,Amaka Eze,8568087348,SKU1011,Honeywell Semolina 2kg,Grains & Staples,2,2580,0,POS Card
RCPT-100369,TXN100369,15-07-2026,13:44:00,Surulere Branch,TILL-01,Blessing Nwosu,,SKU1009,Cowbell Milk Powder 360g,Dairy,3,1720,0,Card
RCPT-102069,TXN102069,2026-04-05,17:15:00,MiniMart Express - Surulere,TILL-01,Tunde Bakare,8796813101,SKU1005,COCA COLA 50CL,Beverages,3,400,0,Cash
RCPT-102184,TXN102184,2026-05-23,13:36:00,MiniMart Express - Yaba,TILL-01,Amaka Eze,+ 2 3 4 8 3 9 2 4 1 1 2 8 6,SKU1026,Chivita Juice 1L,Beverages,1,1400,0,cash
RCPT-100135,TXN100135,2026-07-22,18:42:00,MiniMart Express - Yaba,TILL-01,Ibrahim Musa,,SKU1006,Bigi Cola 50cl,Beverages,5,₦360.00,0,POS Card
RCPT-101789,TXN101789,2026-04-02,11:33:00,YABA,TILL-02,Tunde Bakare,,SKU1030,Nasco Cornflakes 500g,Grains & Staples,2,2000,0,Cash
RCPT-100147,TXN100147,2026-06-20,10:40:00,SURULERE,TILL-01,Segun Adeyemi,09012263679,SKU1003,Golden Morn 500g,Grains & Staples,4,1440,0,Cash
RCPT-101452,TXN101452,2026-03-14,12:22:00,Ikeja Branch,TILL-02,Tunde Bakare,,SKU1010,MAMA GOLD RICE 5KG,,1,6960,0,pos
RCPT-100035,TXN100035,2026-04-30,13:05:00,MiniMart Express - Yaba,TILL-03,Segun Adeyemi,,SKU1026,Chivita Juice 1L,Beverages,3,1420,0,Cash
RCPT-100866,TXN100866,03/05/2026,13:45:00,Yaba Branch,TILL-03,Emeka Obi,+2348342078700,SKU1028,Semovita 2kg,Grains & Staples,2,"₦1,990.00",0,Card
RCPT-101367,TXN101367,2026-06-26,13:00:00,SURULERE,TILL-01,Segun Adeyemi,,SKU1030,Nasco Cornflakes 500g,Grains & Staples,2,2150,0,POS
RCPT-101944,TXN101944,2026-03-22,13:06:00,Yaba Branch,TILL-03,Tunde Bakare,,SKU1006,Bigi Cola 50cl,Beverages,2,390,0,ATM Card
RCPT-101247,TXN101247,2026-04-16,20:27:00, Yaba,TILL-02,Tunde Bakare,,SKU1020,Cerelac Infant Cereal 400g,Baby Products,1,3670,15,ATM Card
RCPT-100161,TXN100161,2026-06-26,21:33:00, Yaba,TILL-02,Fatima Bello,7921499339,SKU1011,Honeywell Semolina 2kg,Grains & Staples,3,2150,0,Cash
RCPT-100498,TXN100498,2026-03-02,19:06:00,MiniMart Express - Ikeja,TILL-02,Ibrahim Musa,2347411428379,SKU1027,Amstel Malta 33cl,Beverages,1,420,0,cash
RCPT-101743,TXN101743,2026-04-29,11:23:00,MiniMart Express - Surulere,TILL-01,Emeka Obi,2348337450128,SKU1019,Titus Sardine 125g,Canned Foods,1,720,0,POS
RCPT-101436,TXN101436,2026-07-20,20:27:00,Yaba Branch,TILL-01,Emeka Obi,,SKU1004,Dangote Sugar 1kg,Grains & Staples,2,1110,0,POS Card
RCPT-101392,TXN101392,2026-07-18,08:35:00,Surulere Branch,TILL-01,Emeka Obi,,SKU1025,Tom Tom Sweet (pack),Snacks,2,,0,POS Card
RCPT-101058,TXN101058,07/03/2026,09:48:00,minimart express-ikeja ,TILL-01,Ibrahim Musa,,SKU1006,Bigi Cola 50cl,Beverages,1,340,0,ussd
RCPT-101846,TXN101846,2026-03-13,19:42:00,IKEJA,TILL-01,Blessing Nwosu,8 1 1 8 2 9 5 1 7 5,SKU1029,Dano Milk Powder 400g,Dairy,2,2870,5,Transfer
RCPT-100809,TXN100809,04-05-2026,15:57:00, Yaba,TILL-01,Blessing Nwosu,,SKU1021,Bournvita 500g,Beverages,-1,2640,0,POS Card
RCPT-101245,TXN101245,2026-05-06,17:40:00,Ikeja Branch,TILL-02,Emeka Obi,2347494859689,SKU1001,indomie noodles 70g,Grains & Staples,1,160,0,Cash
RCPT-100826,TXN100826,2026-05-06,16:43:00,SURULERE,TILL-01,Amaka Eze,+2348597783608,SKU1012,Kings Vegetable Oil 1L,Grains & Staples,3,2480,0,CASH
RCPT-102556,TXN102556,2026-05-24,12:10:00,MiniMart Express - Surulere,TILL-01,Chidinma Okafor,,SKU1022,Knorr Chicken Cubes (pack),Grains & Staples,5,280,0,Cash
RCPT-100364,TXN100364,2026-06-06,16:47:00,SURULERE,TILL-01,Fatima Bello,,SKU1005,Coca Cola 50cl,Beverages,2,,0,POS Card
RCPT-102424,TXN102424,2026-05-25,19:04:00,MiniMart Express - Ikeja,TILL-01,Amaka Eze,,SKU1006,Bigi Cola 50cl,Beverages,2,340,0,Bank Transfer
RCPT-101309,TXN101309,2026-06-15,19:41:00,Yaba Branch,TILL-02,Segun Adeyemi,,SKU1009,Cowbell Milk Powder 360g,Dairy,3,,0,Cash
RCPT-100998,TXN100998,05/27/2026,16:23:00,IKEJA,TILL-01,Blessing Nwosu,07159535692,SKU1006,Bigi Cola 50cl,,3,350,0,USSD
RCPT-100701,TXN100701,2026-04-28,19:56:00,Surulere Branch,TILL-01,Ibrahim Musa,,SKU1020,Cerelac Infant Cereal 400g,Baby Products,3,3120,0,Card
RCPT-100110,TXN100110,2026-06-29,07:13:00,IKEJA,TILL-02,Emeka Obi,2347544419219,SKU1022,Knorr Chicken Cubes (pack),Grains & Staples,1,270,0,Card
RCPT-101985,TXN101985,19-04-2026,15:07:00,YABA,TILL-03,Segun Adeyemi,,SKU1014,Dettol Soap 65g,Personal Care,3,350,0,USSD
RCPT-101384,TXN101384,2026-05-27,07:46:00,SURULERE,TILL-01,Ibrahim Musa,7321736146,SKU1017,La Casera 50cl,Beverages,3,370,0,Bank Transfer
RCPT-102428,TXN102428,2026-05-01,15:15:00,MiniMart Express - Ikeja,TILL-01,Ibrahim Musa,,SKU1009,Cowbell Milk Powder 360g,Dairy,4,1920,0,Card
RCPT-101566,TXN101566,2026-07-19,12:37:00,MiniMart Express - Yaba,TILL-03,Fatima Bello,,SKU1022,Knorr Chicken Cubes (pack),Grains & Staples,2,280,0,Cash
RCPT-101391,TXN101391,2026-05-30,13:16:00,SURULERE,TILL-01,Amaka Eze,,SKU1020,Cerelac Infant Cereal 400g,Baby Products,1,3270,0,POS Card
RCPT-100556,TXN100556,2026-04-10,19:53:00,Yaba Branch,TILL-03,Fatima Bello,,SKU1010,Mama Gold Rice5kg,Grains & Staples,1,5860,0,POS Card
RCPT-102310,TXN102310,2026-06-11,15:13:00,Yaba Branch,TILL-03,Amaka Eze,+2348265653326,SKU1012,Kings Vegetable Oil 1L,Grains & Staples,3,2470,0,POS Card
RCPT-100310,TXN100310,2026-06-04,08:29 PM,YABA,TILL-02,Emeka Obi,,SKU1005,Coca-Cola 50cl,Beverages,4,450,10,USSD
RCPT-102127,TXN102127,21/04/2026,19:16:00,MiniMart Express - Surulere,TILL-01,Segun Adeyemi,,SKU1006,Bigi Cola 50cl,Beverages,2,₦360.00,0,POS Card
RCPT-100658,TXN100658,02/04/2026,18:14:00, Yaba,TILL-01,Chidinma Okafor,08713123388,SKU1010,Mama Gold Rice 5kg,Grains & Staples,3,6690,0,transfer
RCPT-102358,TXN102358,06/12/2026,14:41:00, Yaba,TILL-01,Ibrahim Musa,,SKU1018,Maltina 33cl,Beverages,3,500,0,Cash
RCPT-100724,TXN100724,2026-04-24,21:58:00,Surulere Branch,TILL-01,Blessing Nwosu,,SKU1004,Dangote sugar 1Kg,Grains & Staples,5,1130,0,POS Card
RCPT-101802,TXN101802,28-05-2026,19:10:00,Surulere Branch,TILL-01,Segun Adeyemi,,SKU1022,Knorr Chicken Cubes (pack),Grains & Staples,3,310,0,Bank Transfer
RCPT-101305,TXN101305,2026-04-11,11:26:00,MiniMart Express - Yaba,TILL-01,Segun Adeyemi,0 8 1 8 3 0 0 2 2 8 3,SKU1027,Amstel Malta 33cl,Beverages,1,440,0,Bank Transfer
RCPT-101802,TXN101802,28-05-2026,19:10:00,Surulere Branch,TILL-01,Segun Adeyemi,,SKU1022,Knorr Chicken Cubes (pack),Grains & Staples,3,310,0,Bank Transfer
RCPT-101101,TXN101101,17/07/2026,21:38:00, Yaba,TILL-03,Fatima Bello,+ 2 3 4 7 7 7 3 4 5 1 1 6 0,SKU1026,Chivita Juice 1L,Beverages,1,1200,10,Cash
RCPT-100443,TXN100443,04/22/2026,10:23:00, Yaba,TILL-02,Fatima Bello,,SKU1005,Coke 50cl,Beverages,1,410,10,pos
RCPT-102258,TXN102258,2026-07-01,19:56:00,MiniMart Express - Surulere,TILL-01,Emeka Obi,+2348197807300,SKU1014,Dettol Soap 65g,Personal Care,3,390,0,Cash
RCPT-100693,TXN100693,2026-07-28,17:40:00,Surulere Branch,TILL-01,Chidinma Okafor,,SKU1012,Kings Vegetable Oil 1L,Grains & Staples,1,2360,0,Bank Transfer
RCPT-100966,TXN100966,2026-07-29,19:43:00,MiniMart Express - Surulere,TILL-01,Segun Adeyemi,,SKU1023,Ariel Detergent 900g,Household,3,1900,5,POS Card
RCPT-100834,TXN100834,2026-05-08,16:52:00,IKEJA,TILL-01,Emeka Obi,+2347676386017,SKU1003,Golden Morn 500g,Grains & Staples,1,1600,0,POS Card
RCPT-100909,TXN100909,2026-07-13,10:41 AM,Ikeja Branch,TILL-01,Emeka Obi,8805046844,SKU1016,Eva Water 75cl,Beverages,1,₦190.00,0,POS Card
RCPT-101985,TXN101985,2026-04-19,15:07:00,YABA,TILL-03,Segun Adeyemi,,SKU1027,Amstel Malta 33cl,Beverages,4,,0,USSD
RCPT-100409,TXN100409,03/19/2026,10:31:00,MiniMart Express - Surulere,TILL-01,Ibrahim Musa,07592340548,SKU1011,Honeywell Semolina 2kg,Grains & Staples,1,2440,0,ATM Card
RCPT-101208,TXN101208,2026-03-07,15:26:00,IKEJA,TILL-01,Emeka Obi,2347614491103,SKU1015,Close Up Toothpaste 140ml,Personal Care,4,960,0,CASH
RCPT-101017,TXN101017,2026-04-16,17:54:00,SURULERE,TILL-01,Amaka Eze,2348121564157,SKU1012,Kings Vegetable Oil 1L,Grains & Staples,2,2770,0,cash
RCPT-101136,TXN101136,2026-05-14,21:48:00,MiniMart Express - Ikeja,TILL-02,Ibrahim Musa,07773648841,SKU1010,MAMA GOLD RICE 5KG,,4,6190,0,POS Card
RCPT-100103,TXN100103,06/08/2026,17:19:00,Ikeja Branch,TILL-01,,+2347401707762,SKU1029,Dano Milk Powder 400g,Dairy,1,,0,ATM Card
RCPT-102478,TXN102478,2026-07-06,08:53:00,Yaba Branch,TILL-01,Fatima Bello,,SKU1028,Semovita 2kg,Grains & Staples,2,2110,0,cash
RCPT-102015,TXN102015,13/06/2026,16:07:00,Yaba Branch,TILL-02,Blessing Nwosu,,SKU1014,Dettol Soap 65g,Personal Care,2,330.00,0,POS Card
RCPT-100039,TXN100039,19-03-2026,14:43:00,minimart express-ikeja ,TILL-01,Segun Adeyemi,,SKU1019,Titus Sardine 125g,Canned Foods,4,730,0,Cash
RCPT-100886,TXN100886,2026-07-01,18:30:00,SURULERE,TILL-01,Chidinma Okafor,,SKU1026,Chivita Juice 1L,Beverages,1,1190,0,ATM Card
RCPT-100377,TXN100377,2026-07-24,04:37 PM,MiniMart Express - Surulere,TILL-01,Fatima Bello,,SKU1020,Cerelac Infant Cereal 400g,Baby Products,3,2920,0,Bank Transfer
RCPT-100569,TXN100569,2026-05-15,21:45:00,MiniMart Express - Yaba,TILL-03,Ibrahim Musa,07783224727,SKU1017,La Casera 50cl,Beverages,3,340,0,Bank Transfer
RCPT-100839,TXN100839,30-07-2026,21:26:00,Yaba Branch,TILL-03,Emeka Obi,+2348138587594,SKU1014,Dettol Soap 65g,Personal Care,3,380,0,Bank Transfer
RCPT-100482,TXN100482,2026-05-23,11:40:00,minimart express-ikeja ,TILL-01,Ibrahim Musa,2347042895065,SKU1003,Golden Morn 500g,Grains & Staples,2,1540,0,POS
RCPT-101414,TXN101414,08/07/2026,19:44:00, Yaba,TILL-01,Chidinma Okafor,,SKU1023,Ariel Detergent 900g,Household,3,1650,0,transfer
RCPT-100991,TXN100991,12/04/2026,10:03:00,Ikeja Branch,TILL-02,Segun Adeyemi,,SKU1026,Chivita Juice 1L,Beverages,1,1290,0,Cash
RCPT-102031,TXN102031,03/11/2026,20:36:00,IKEJA,TILL-02,Ibrahim Musa,,SKU1028,Semovita 2kg,Grains & Staples,1,2380,0,Card
RCPT-101223,TXN101223,2026-07-21,11:20:00,YABA,TILL-03,Tunde Bakare,,SKU1009,Cowbell Milk Powder 360g,Dairy,3,1640,0,Cash
RCPT-101913,TXN101913,2026-06-17,18:36:00,MiniMart Express - Surulere,TILL-01,Emeka Obi,2348132498398,SKU1013,Omo Detergent 900g,Household,3,1820,0,Transfer
RCPT-102329,TXN102329,04/07/2026,11:49:00,Yaba Branch,TILL-03,Amaka Eze,,SKU1011,Honeywell Semolina 2kg,Grains & Staples,1,2540,0,Cash
RCPT-100430,TXN100430,2026-07-18,10:34:00,SURULERE,TILL-01,Chidinma Okafor,+2347919725552,SKU1007,Gala Sausage Roll,Snacks,2,240,0,Cash
RCPT-101363,TXN101363,2026-05-12,12:47:00,Ikeja Branch,TILL-01,Emeka Obi,,SKU1007,Gala Sausage Roll,Snacks,4,260,0,POS Card
RCPT-100423,TXN100423,2026-03-11,13:04:00,Surulere Branch,TILL-01,Amaka Eze,,SKU1022,Knorr Chicken Cubes (pack),Grains & Staples,4,280,0,cash
RCPT-101248,TXN101248,2026-03-26,19:41:00, Yaba,TILL-03,Amaka Eze,2348214576926,SKU1017,La Casera 50cl,Beverages,1,,0,ATM Card
RCPT-102420,TXN102420,23/07/2026,08:38:00,Surulere Branch,TILL-01,Amaka Eze,08511748966,SKU1014,Dettol Soap 65g,Personal Care,1,320.00,0,Card
RCPT-102393,TXN102393,2026-07-01,15:28:00,MiniMart Express - Surulere,TILL-01,Tunde Bakare,,SKU1008,Milo 400g,Beverages,2,2220,0,Bank Transfer
RCPT-101494,TXN101494,06/25/2026,20:41:00,Yaba Branch,TILL-01,Ibrahim Musa,+2348187973464,SKU1019,Titus Sardine 125g,,2,650,0,POS Card
RCPT-102452,TXN102452,03-05-2026,17:42:00,Ikeja Branch,TILL-01,,,SKU1026,Chivita Juice 1L,Beverages,5,"₦1,180.00",0,Card
RCPT-101397,TXN101397,2026-07-03,04:01 PM,MiniMart Express - Yaba,TILL-03,Blessing Nwosu,,SKU1009,Cowbell Milk Powder 360g,Dairy,1,"2,000.00",0,transfer
RCPT-101430,TXN101430,07/20/2026,09:59:00, Yaba,TILL-01,,7927923648,SKU1019,Titus Sardine 125g,Canned Foods,1,760,0,Bank Transfer
RCPT-100711,TXN100711,2026-03-09,10:29:00,SURULERE,TILL-01,Fatima Bello,,SKU1014,Dettol Soap 65g,Personal Care,2,,0,POS Card
RCPT-101497,TXN101497,2026-07-11,13:49:00,MiniMart Express - Surulere,TILL-01,Emeka Obi,7937918725,SKU1007,Gala Sausage Roll,SNACKS,1,230,0,POS
RCPT-101723,TXN101723,2026-03-06,19:38:00,SURULERE,TILL-01,Fatima Bello,2347848856156,SKU1004,Dangote Sugar 1kg,Grains & Staples,1,1290,0,Cash
RCPT-101115,TXN101115,2026-06-26,13:31:00,Ikeja Branch,TILL-02,Segun Adeyemi,,SKU1019,Titus Sardine 125g,Canned Foods,1,760,0,POS
RCPT-102343,TXN102343,25-06-2026,09:35:00,Yaba Branch,TILL-02,Segun Adeyemi,,SKU1020,Cerelac Infant Cereal 400g,Baby Products,2,3150,0,USSD
,,,,,,,,,,,,,,
RCPT-100447,TXN100447,2026-05-30,12:14:00,MiniMart Express - Ikeja,TILL-01,Fatima Bello,+2348207861466,SKU1018,Maltina 33cl,Beverages,1,₦470.00,5,Card
RCPT-102048,TXN102048,03/08/2026,11:43:00,Ikeja Branch,TILL-02,Blessing Nwosu,,SKU1027,Amstel Malta 33cl,Beverages,2,390,0,transfer
RCPT-100788,TXN100788,2026-07-24,19:23:00,SURULERE,TILL-01,Segun Adeyemi,,SKU1004,DANGOTE SUGAR 1KG ,Grains & Staples,1,1200,0,Cash
RCPT-100643,TXN100643,06-05-2026,11:37:00,Ikeja Branch,TILL-02,Chidinma Okafor,2348314511437,SKU1015,Close Up Toothpaste 140ml,Personal Care,4,810,0,ATM Card
RCPT-100265,TXN100265,2026-03-13,14:25:00,SURULERE,TILL-01,Fatima Bello,,SKU1004,DANGOTE SUGAR 1KG ,Grains & Staples,5,1120,0,Bank Transfer
RCPT-101952,TXN101952,24-03-2026,10:43:00,SURULERE,TILL-01,Chidinma Okafor,,SKU1003,Golden Morn 500g,,5,"1,490.00",0,Cash
RCPT-102299,TXN102299,2026-06-22,17:27:00,Ikeja Branch,TILL-02,Fatima Bello,+2348476010148,SKU1027,Amstel Malta 33cl,BEVERAGES,1,410,0,POS Card
RCPT-102076,TXN102076,05/08/2026,18:27:00,MiniMart Express - Yaba,TILL-03,,2348106727174,SKU1016,Eva Water 75cl,Beverages,2,,0,cash
RCPT-102417,TXN102417,2026-03-02,13:41:00,YABA,TILL-02,Amaka Eze,+2347201061467,SKU1012,Kings Vegetable Oil 1L,Grains & Staples,1,2700,0,Card
RCPT-101714,TXN101714,05/06/2026,10:50:00,Surulere Branch,TILL-01,Segun Adeyemi,,SKU1005,Coca Cola 50cl,Beverages,4,450,0,Cash
RCPT-100469,TXN100469,2026-03-01,13:31:00,SURULERE,TILL-01,Blessing Nwosu,+2348927925354,SKU1004,Dangote Sugar 1kg,,1,1130,10,POS
RCPT-101420,TXN101420,2026-03-21,11:55:00,IKEJA,TILL-01,Emeka Obi,,SKU1012,Kings Vegetable Oil 1L,Grains & Staples,4,"₦2,970.00",0,Bank Transfer
RCPT-102177,TXN102177,2026-06-13,20:42:00,Surulere Branch,TILL-01,Fatima Bello,,SKU1024,"Pampers Diapers (pack, medium)",Baby Products,4,"4,970.00",0,pos
RCPT-102295,TXN102295,2026-06-11,18:21:00,MiniMart Express - Ikeja,TILL-01,Blessing Nwosu,,SKU1020,Cerelac Infant Cereal 400g,Baby Products,1,3210,0,Bank Transfer
RCPT-100849,TXN100849,2026-06-21,18:31:00,Surulere Branch,TILL-01,Tunde Bakare,7597524104,SKU1012,Kings Vegetable Oil 1L,Grains & Staples,2,,0,Card
RCPT-100970,TXN100970,2026-06-25,21:15:00,MiniMart Express - Yaba,TILL-01,Fatima Bello,,SKU1006,Bigi Cola 50cl,Beverages,3,350,0,POS Card
RCPT-100490,TXN100490,2026-07-15,15:09:00,MiniMart Express - Surulere,TILL-01,Emeka Obi,,SKU1029,Dano Milk Powder 400g,Dairy,1,3010,5,Cash
RCPT-101593,TXN101593,02-03-2026,17:39:00,IKEJA,TILL-02,Fatima Bello,,SKU1027,Amstel Malta 33cl,,1,430,0,Cash
RCPT-100688,TXN100688,11-03-2026,18:19:00,MiniMart Express - Surulere,TILL-01,Chidinma Okafor,,SKU1007,Gala Sausage Roll,,1,280,0,pos
RCPT-101167,TXN101167,05/02/2026,15:45:00,minimart express-ikeja ,TILL-01,Tunde Bakare,+2348736005242,SKU1006,Bigi Cola 50cl,Beverages,3,400,0,POS Card
RCPT-100323,TXN100323,02/03/2026,17:56:00,SURULERE,TILL-01,,,SKU1018,Maltina 33cl,Beverages,1,410.00,0,transfer
RCPT-100340,TXN100340,06/12/2026,18:45:00,Yaba Branch,TILL-03,Amaka Eze,8608058810,SKU1020,Cerelac Infant Cereal 400g,Baby Products,4,2970,0,ATM Card
RCPT-101417,TXN101417,2026-05-15,19:49:00,MiniMart Express - Yaba,TILL-01,Fatima Bello,2347647926389,SKU1012,Kings Vegetable Oil 1L,Grains & Staples,4,,0,Cash
RCPT-100706,TXN100706,2026-04-27,15:59:00,Ikeja Branch,TILL-02,Emeka Obi,,SKU1015,Close Up Toothpaste 140ml,Personal Care,5,960,0,POS Card
RCPT-101507,TXN101507,28-05-2026,09:51:00,SURULERE,TILL-01,Blessing Nwosu,,SKU1005,COCA COLA 50CL,Beverages,3,460.00,0,Transfer
RCPT-101443,TXN101443,2026-03-14,14:59:00,MiniMart Express - Surulere,TILL-01,Chidinma Okafor,,SKU1026,Chivita Juice 1L,Beverages,1,1420,0,ussd
RCPT-100005,TXN100005,03/25/2026,09:27:00,MiniMart Express - Yaba,TILL-02,Ibrahim Musa,,SKU1022,Knorr Chicken Cubes (pack),Grains & Staples,3,290,10,POS Card
RCPT-100326,TXN100326,2026-05-09,04:40 PM,Surulere Branch,TILL-01,Blessing Nwosu,,SKU1019,Titus Sardine 125g,Canned Foods,1,690,0,transfer
RCPT-101676,TXN101676,2026-04-08,10:21:00,Surulere Branch,TILL-01,Emeka Obi,2348422778288,SKU1025,Tom Tom Sweet (pack),,1,290,0,Cash
RCPT-100697,TXN100697,28/03/2026,18:17:00,Yaba Branch,TILL-03,Ibrahim Musa,2348642260050,SKU1026,Chivita Juice 1L,Beverages,2,1450,0,transfer
RCPT-100301,TXN100301,2026-07-12,09:00:00,YABA,TILL-01,Chidinma Okafor,,SKU1008,Milo 400g,Beverages,1,2310,0,POS
RCPT-100289,TXN100289,2026-03-04,18:21:00,IKEJA,TILL-01,Chidinma Okafor,08582180827,SKU1022,Knorr Chicken Cubes (pack),,3,₦330.00,0,ussd
RCPT-100880,TXN100880,2026-07-09,07:35:00,MiniMart Express - Surulere,TILL-01,Tunde Bakare,2 3 4 8 4 4 4 8 9 8 0 5 0,SKU1009,Cowbell Milk Powder 360g,Dairy,3,1650,0,USSD
RCPT-102163,TXN102163,24/05/2026,14:00:00,SURULERE,TILL-01,Segun Adeyemi,2348718480943,SKU1022,Knorr Chicken Cubes (pack),,1,330,0,USSD
RCPT-102315,TXN102315,2026-03-15,18:13:00,Yaba Branch,TILL-03,Emeka Obi,,SKU1024,"Pampers Diapers (pack, medium)",BABY PRODUCTS,2,4900,0,Cash
RCPT-101059,TXN101059,05/14/2026,18:22:00,IKEJA,TILL-02,Fatima Bello,,SKU1022,Knorr Chicken Cubes (pack),Grains & Staples,3,290,0,USSD
RCPT-100958,TXN100958,2026-07-22,20:01:00,Yaba Branch,TILL-03,Amaka Eze,,SKU1020,Cerelac Infant Cereal 400g,BABY PRODUCTS,1,3460,0,POS Card
RCPT-102094,TXN102094,2026-06-02,14:12:00,Yaba Branch,TILL-03,Tunde Bakare,7 6 0 7 0 2 2 1 0 1,SKU1002,Peak Milk Evaporated 170g,Dairy,5,600,0,Transfer
RCPT-100606,TXN100606,2026-03-15,14:58:00,Ikeja Branch,TILL-01,Fatima Bello,0 7 7 4 4 1 6 4 8 4 2,SKU1016,Eva Water 75cl,Beverages,4,220,0,ussd
RCPT-101303,TXN101303,05/06/2026,11:43:00,Ikeja Branch,TILL-01,Emeka Obi,2349073037536,SKU1009,Cowbell Milk Powder 360g,Dairy,1,1930,0,USSD
RCPT-100028,TXN100028,2026-05-20,13:42:00,MiniMart Express - Yaba,TILL-02,Tunde Bakare,,SKU1003,Golden Morn 500g,Grains & Staples,4,1380,0,USSD
RCPT-101812,TXN101812,2026-07-21,07:57:00,Surulere Branch,TILL-01,Amaka Eze,,SKU1026,Chivita Juice 1L,Beverages,3,1180,0,transfer
RCPT-102526,TXN102526,2026-06-25,07:00:00,MiniMart Express - Ikeja,TILL-01,Ibrahim Musa,,SKU1030,Nasco Cornflakes 500g,Grains & Staples,3,1770,0,Cash
RCPT-101502,TXN101502,2026-07-06,09:49:00,Yaba Branch,TILL-03,Emeka Obi,8634329514,SKU1002,Peak Milk Evaporated 170g,Dairy,1,590,0,Card
RCPT-101967,TXN101967,2026-06-14,20:58:00,YABA,TILL-01,Amaka Eze,8 8 4 3 2 6 2 2 8 5,SKU1017,La Casera 50cl,Beverages,1,330,0,pos
RCPT-100819,TXN100819,2026-04-04,20:17:00,SURULERE,TILL-01,Fatima Bello,,SKU1016,Eva Water 75cl,Beverages,2,180,0,Cash
RCPT-101236,TXN101236,2026-04-13,12:13:00,MiniMart Express - Ikeja,TILL-02,Ibrahim Musa,,SKU1018,Maltina 33cl,Beverages,5,510,0,POS Card
RCPT-102252,TXN102252,07/31/2026,10:50:00,MiniMart Express - Ikeja,TILL-01,Blessing Nwosu,,SKU1004,Dangote sugar 1Kg,Grains & Staples,3,1260,0,Cash
RCPT-101864,TXN101864,2026-05-24,01:27 PM,IKEJA,TILL-01,Emeka Obi,07374464328,SKU1010,MAMA GOLD RICE 5KG,,1,"6,100.00",0,Cash
RCPT-102252,TXN102252,2026-07-31,10:50:00,Ikeja Branch,TILL-01,Blessing Nwosu,,SKU1008,Milo 400g,Beverages,5,2220,0,Cash
RCPT-100686,TXN100686,2026-06-10,18:46:00,MiniMart Express - Ikeja,TILL-02,Fatima Bello,,SKU1010,MAMA GOLD RICE 5KG,,4,6390,0,POS Card
RCPT-100549,TXN100549,2026-05-12,16:30:00,SURULERE,TILL-01,Tunde Bakare,9095230360,SKU1014,Dettol Soap 65g,,1,330,0,Transfer
RCPT-100697,TXN100697,2026-03-28,18:17:00,MiniMart Express - Yaba,TILL-03,Ibrahim Musa,2348642260050,SKU1016,Eva Water 75cl,Beverages,4,210,0,transfer
RCPT-100438,TXN100438,23/04/2026,15:21:00,Surulere Branch,TILL-01,Chidinma Okafor,+2348372913893,SKU1019,Titus Sardine 125g,Canned Foods,-3,800,0,Card
RCPT-100709,TXN100709,2026-03-01,18:24:00,Yaba Branch,TILL-01,Segun Adeyemi,,SKU1027,Amstel Malta 33cl,Beverages,1,410,0,transfer
RCPT-100438,TXN100438,2026-04-23,15:21:00,Surulere Branch,TILL-01,Chidinma Okafor,+2348372913893,SKU1027,Amstel Malta 33cl,Beverages,1,420,0,Card
RCPT-101351,TXN101351,2026-07-08,11:26:00,IKEJA,TILL-01,Tunde Bakare,+2347171529751,SKU1018,Maltina 33cl,Beverages,2,410,0,Transfer
